id_cliente,mes,objetivo,prediccion,sin_historial,cutoff,model
2,202611,0,0.152598654480586,0,202611,final_validation_catboost_trial_006
3,202611,0,0.0722283798356986,0,202611,final_validation_catboost_trial_006
7,202611,0,0.141083167422779,0,202611,final_validation_catboost_trial_006
10,202611,0,0.0667633240043,0,202611,final_validation_catboost_trial_006
11,202611,0,0.157923174205679,0,202611,final_validation_catboost_trial_006
12,202611,0,0.0452997193590739,0,202611,final_validation_catboost_trial_006
14,202611,0,0.0997663270906815,0,202611,final_validation_catboost_trial_006
16,202611,0,0.133198623420699,0,202611,final_validation_catboost_trial_006
25,202611,0,0.13604488998296,0,202611,final_validation_catboost_trial_006
32,202611,0,0.116946908623081,0,202611,final_validation_catboost_trial_006
38,202611,0,0.117419861020554,0,202611,final_validation_catboost_trial_006
42,202611,0,0.162395235307708,0,202611,final_validation_catboost_trial_006
48,202611,1,0.156497555709507,0,202611,final_validation_catboost_trial_006
63,202611,0,0.113796205253887,0,202611,final_validation_catboost_trial_006
65,202611,0,0.12430943435638,0,202611,final_validation_catboost_trial_006
70,202611,0,0.143980534445847,0,202611,final_validation_catboost_trial_006
74,202611,0,0.134886077808926,0,202611,final_validation_catboost_trial_006
76,202611,0,0.128884755689746,0,202611,final_validation_catboost_trial_006
83,202611,0,0.0561770697521257,0,202611,final_validation_catboost_trial_006
90,202611,0,0.0765476542915884,0,202611,final_validation_catboost_trial_006
98,202611,0,0.168615563293523,0,202611,final_validation_catboost_trial_006
104,202611,0,0.115363165691502,0,202611,final_validation_catboost_trial_006
107,202611,1,0.252893971904604,0,202611,final_validation_catboost_trial_006
118,202611,1,0.140476859521574,0,202611,final_validation_catboost_trial_006
121,202611,0,0.0695501242821139,0,202611,final_validation_catboost_trial_006
124,202611,0,0.158926582140652,0,202611,final_validation_catboost_trial_006
125,202611,0,0.153083040573593,0,202611,final_validation_catboost_trial_006
137,202611,0,0.162623227914077,0,202611,final_validation_catboost_trial_006
143,202611,0,0.0614016905143524,0,202611,final_validation_catboost_trial_006
144,202611,0,0.149148779233265,0,202611,final_validation_catboost_trial_006
147,202611,1,0.150565164970805,0,202611,final_validation_catboost_trial_006
157,202611,0,0.152204568775553,0,202611,final_validation_catboost_trial_006
163,202611,0,0.120624824597327,0,202611,final_validation_catboost_trial_006
165,202611,1,0.115863803446158,0,202611,final_validation_catboost_trial_006
197,202611,0,0.0822450209192431,0,202611,final_validation_catboost_trial_006
203,202611,0,0.185211536010194,0,202611,final_validation_catboost_trial_006
205,202611,0,0.12660875945661,0,202611,final_validation_catboost_trial_006
206,202611,1,0.062164120220533,0,202611,final_validation_catboost_trial_006
209,202611,0,0.0491065320815674,0,202611,final_validation_catboost_trial_006
228,202611,0,0.166170917368349,0,202611,final_validation_catboost_trial_006
231,202611,0,0.138774095848549,0,202611,final_validation_catboost_trial_006
237,202611,0,0.155602255805077,0,202611,final_validation_catboost_trial_006
243,202611,0,0.0710088135312028,0,202611,final_validation_catboost_trial_006
247,202611,0,0.125332494522921,0,202611,final_validation_catboost_trial_006
249,202611,0,0.0703668119844412,0,202611,final_validation_catboost_trial_006
253,202611,0,0.159581963498457,0,202611,final_validation_catboost_trial_006
256,202611,1,0.124760098185978,0,202611,final_validation_catboost_trial_006
261,202611,0,0.125410208938118,0,202611,final_validation_catboost_trial_006
263,202611,0,0.0314514768170219,0,202611,final_validation_catboost_trial_006
275,202611,0,0.0476285479074716,0,202611,final_validation_catboost_trial_006
279,202611,0,0.184021922541893,0,202611,final_validation_catboost_trial_006
280,202611,0,0.128661179693535,0,202611,final_validation_catboost_trial_006
288,202611,1,0.143302885485821,0,202611,final_validation_catboost_trial_006
292,202611,0,0.13723327011134,0,202611,final_validation_catboost_trial_006
297,202611,0,0.121372235043254,0,202611,final_validation_catboost_trial_006
299,202611,0,0.113758303516048,0,202611,final_validation_catboost_trial_006
302,202611,0,0.052018235532381,0,202611,final_validation_catboost_trial_006
304,202611,0,0.151913370561883,0,202611,final_validation_catboost_trial_006
308,202611,0,0.244649681630312,0,202611,final_validation_catboost_trial_006
317,202611,1,0.166176682159386,0,202611,final_validation_catboost_trial_006
318,202611,0,0.147496654430287,0,202611,final_validation_catboost_trial_006
319,202611,0,0.177977100837886,0,202611,final_validation_catboost_trial_006
321,202611,1,0.143155108419856,0,202611,final_validation_catboost_trial_006
323,202611,0,0.077548077077369,0,202611,final_validation_catboost_trial_006
325,202611,0,0.14434070621841,0,202611,final_validation_catboost_trial_006
339,202611,0,0.131214331614327,0,202611,final_validation_catboost_trial_006
340,202611,0,0.124858014943281,0,202611,final_validation_catboost_trial_006
355,202611,0,0.115859563096088,0,202611,final_validation_catboost_trial_006
359,202611,0,0.142361865246601,0,202611,final_validation_catboost_trial_006
368,202611,0,0.157055274848022,0,202611,final_validation_catboost_trial_006
371,202611,0,0.11217283657426,0,202611,final_validation_catboost_trial_006
378,202611,0,0.129746906832807,0,202611,final_validation_catboost_trial_006
388,202611,1,0.130767471905034,0,202611,final_validation_catboost_trial_006
389,202611,1,0.136305450597501,0,202611,final_validation_catboost_trial_006
390,202611,0,0.149778228656705,0,202611,final_validation_catboost_trial_006
392,202611,0,0.125056445517136,0,202611,final_validation_catboost_trial_006
409,202611,0,0.13633728963497,0,202611,final_validation_catboost_trial_006
412,202611,0,0.0730184118718133,0,202611,final_validation_catboost_trial_006
420,202611,0,0.160396435448003,0,202611,final_validation_catboost_trial_006
422,202611,0,0.0858275922141064,0,202611,final_validation_catboost_trial_006
428,202611,0,0.136758840060555,0,202611,final_validation_catboost_trial_006
429,202611,0,0.0496015843633811,0,202611,final_validation_catboost_trial_006
430,202611,0,0.133727814600475,0,202611,final_validation_catboost_trial_006
434,202611,0,0.0632257267243675,0,202611,final_validation_catboost_trial_006
437,202611,0,0.161048848196014,0,202611,final_validation_catboost_trial_006
447,202611,0,0.0645219647448129,0,202611,final_validation_catboost_trial_006
461,202611,1,0.148794831667487,0,202611,final_validation_catboost_trial_006
464,202611,0,0.0522992141835963,0,202611,final_validation_catboost_trial_006
466,202611,0,0.148192549295073,0,202611,final_validation_catboost_trial_006
468,202611,0,0.208210382293962,0,202611,final_validation_catboost_trial_006
470,202611,0,0.141208116202309,0,202611,final_validation_catboost_trial_006
473,202611,0,0.134513594155006,0,202611,final_validation_catboost_trial_006
475,202611,0,0.0684879173736209,0,202611,final_validation_catboost_trial_006
476,202611,0,0.146283841964825,0,202611,final_validation_catboost_trial_006
477,202611,1,0.138981923499537,0,202611,final_validation_catboost_trial_006
480,202611,0,0.050821875285363,0,202611,final_validation_catboost_trial_006
483,202611,0,0.16051565367044,0,202611,final_validation_catboost_trial_006
487,202611,0,0.16307860990675,0,202611,final_validation_catboost_trial_006
495,202611,0,0.147306875370106,0,202611,final_validation_catboost_trial_006
496,202611,0,0.149450856882974,0,202611,final_validation_catboost_trial_006
499,202611,0,0.120242677214691,0,202611,final_validation_catboost_trial_006
502,202611,0,0.069448846731433,0,202611,final_validation_catboost_trial_006
504,202611,0,0.12340160472703,0,202611,final_validation_catboost_trial_006
508,202611,0,0.0616184430185061,0,202611,final_validation_catboost_trial_006
514,202611,0,0.132867674835731,0,202611,final_validation_catboost_trial_006
515,202611,0,0.160026442115304,0,202611,final_validation_catboost_trial_006
538,202611,0,0.119185152118987,0,202611,final_validation_catboost_trial_006
548,202611,0,0.124524257900875,0,202611,final_validation_catboost_trial_006
551,202611,0,0.128480038815294,0,202611,final_validation_catboost_trial_006
553,202611,0,0.137152780366823,0,202611,final_validation_catboost_trial_006
560,202611,0,0.054211274887411,0,202611,final_validation_catboost_trial_006
564,202611,0,0.118423575382818,0,202611,final_validation_catboost_trial_006
572,202611,0,0.0614139073651584,0,202611,final_validation_catboost_trial_006
577,202611,0,0.0450914353351019,0,202611,final_validation_catboost_trial_006
578,202611,0,0.243888211515196,0,202611,final_validation_catboost_trial_006
591,202611,0,0.0535626841589629,0,202611,final_validation_catboost_trial_006
593,202611,0,0.116077926146508,0,202611,final_validation_catboost_trial_006
603,202611,1,0.142901260008141,0,202611,final_validation_catboost_trial_006
604,202611,0,0.125306062201032,0,202611,final_validation_catboost_trial_006
606,202611,0,0.134208874334058,0,202611,final_validation_catboost_trial_006
614,202611,0,0.155777441409757,0,202611,final_validation_catboost_trial_006
616,202611,0,0.0619896494440838,0,202611,final_validation_catboost_trial_006
622,202611,0,0.131748227131934,0,202611,final_validation_catboost_trial_006
626,202611,0,0.0586776199231224,0,202611,final_validation_catboost_trial_006
632,202611,0,0.0576335299735014,0,202611,final_validation_catboost_trial_006
637,202611,0,0.055075056965585,0,202611,final_validation_catboost_trial_006
640,202611,0,0.0861388922819702,0,202611,final_validation_catboost_trial_006
644,202611,1,0.127570100723288,0,202611,final_validation_catboost_trial_006
647,202611,0,0.109688649334941,0,202611,final_validation_catboost_trial_006
648,202611,0,0.0598031454192938,0,202611,final_validation_catboost_trial_006
653,202611,0,0.137583919041379,0,202611,final_validation_catboost_trial_006
654,202611,0,0.0592639337996646,0,202611,final_validation_catboost_trial_006
659,202611,0,0.149298577023109,0,202611,final_validation_catboost_trial_006
661,202611,0,0.0455644200465332,0,202611,final_validation_catboost_trial_006
670,202611,0,0.0565849299950931,0,202611,final_validation_catboost_trial_006
671,202611,0,0.0552822466581085,0,202611,final_validation_catboost_trial_006
673,202611,0,0.126153177714787,0,202611,final_validation_catboost_trial_006
674,202611,0,0.0737338323976077,0,202611,final_validation_catboost_trial_006
679,202611,1,0.135708720976859,0,202611,final_validation_catboost_trial_006
682,202611,0,0.13017919221657,0,202611,final_validation_catboost_trial_006
683,202611,0,0.147558337248225,0,202611,final_validation_catboost_trial_006
687,202611,0,0.142393941316972,0,202611,final_validation_catboost_trial_006
688,202611,0,0.063574507006459,0,202611,final_validation_catboost_trial_006
689,202611,0,0.135646377905313,0,202611,final_validation_catboost_trial_006
701,202611,0,0.127050654224719,0,202611,final_validation_catboost_trial_006
705,202611,0,0.141802807184033,0,202611,final_validation_catboost_trial_006
707,202611,0,0.11087589431581,0,202611,final_validation_catboost_trial_006
710,202611,0,0.113895474690117,0,202611,final_validation_catboost_trial_006
714,202611,0,0.135160152291245,0,202611,final_validation_catboost_trial_006
716,202611,0,0.117374842889218,0,202611,final_validation_catboost_trial_006
717,202611,0,0.158061018057083,0,202611,final_validation_catboost_trial_006
721,202611,1,0.173460163426706,0,202611,final_validation_catboost_trial_006
729,202611,0,0.0666480270729876,0,202611,final_validation_catboost_trial_006
732,202611,0,0.126671978537944,0,202611,final_validation_catboost_trial_006
734,202611,0,0.156614384385788,0,202611,final_validation_catboost_trial_006
736,202611,0,0.154209567995211,0,202611,final_validation_catboost_trial_006
740,202611,1,0.220159790410753,0,202611,final_validation_catboost_trial_006
742,202611,0,0.0551967910072426,0,202611,final_validation_catboost_trial_006
750,202611,0,0.147826531588838,0,202611,final_validation_catboost_trial_006
764,202611,0,0.143996546644986,0,202611,final_validation_catboost_trial_006
767,202611,0,0.104820540530844,0,202611,final_validation_catboost_trial_006
768,202611,0,0.138708576976838,0,202611,final_validation_catboost_trial_006
773,202611,1,0.0600466069534094,0,202611,final_validation_catboost_trial_006
774,202611,0,0.15148484124465,0,202611,final_validation_catboost_trial_006
777,202611,0,0.0611101476394789,0,202611,final_validation_catboost_trial_006
778,202611,1,0.146603134953985,0,202611,final_validation_catboost_trial_006
784,202611,0,0.152536496670338,0,202611,final_validation_catboost_trial_006
785,202611,0,0.166602305152174,0,202611,final_validation_catboost_trial_006
786,202611,0,0.143381709560407,0,202611,final_validation_catboost_trial_006
787,202611,0,0.252540137709822,0,202611,final_validation_catboost_trial_006
788,202611,0,0.148593361453784,0,202611,final_validation_catboost_trial_006
790,202611,0,0.140190166856218,0,202611,final_validation_catboost_trial_006
794,202611,0,0.0609801047044922,0,202611,final_validation_catboost_trial_006
796,202611,0,0.128775056515972,0,202611,final_validation_catboost_trial_006
802,202611,0,0.0600986531533353,0,202611,final_validation_catboost_trial_006
812,202611,0,0.123040091970264,0,202611,final_validation_catboost_trial_006
814,202611,0,0.053136879853289,0,202611,final_validation_catboost_trial_006
816,202611,0,0.0648170587700173,0,202611,final_validation_catboost_trial_006
817,202611,0,0.152011111813848,0,202611,final_validation_catboost_trial_006
834,202611,0,0.127624070112963,0,202611,final_validation_catboost_trial_006
835,202611,0,0.143050529814138,0,202611,final_validation_catboost_trial_006
836,202611,0,0.11985659121535,0,202611,final_validation_catboost_trial_006
837,202611,0,0.132592385093639,0,202611,final_validation_catboost_trial_006
840,202611,0,0.0458525809160105,0,202611,final_validation_catboost_trial_006
841,202611,0,0.0595056685651276,0,202611,final_validation_catboost_trial_006
850,202611,1,0.0672661314146416,0,202611,final_validation_catboost_trial_006
854,202611,0,0.0546726214142163,0,202611,final_validation_catboost_trial_006
857,202611,1,0.160809566476346,0,202611,final_validation_catboost_trial_006
858,202611,0,0.120643528978529,0,202611,final_validation_catboost_trial_006
859,202611,0,0.063456745369793,0,202611,final_validation_catboost_trial_006
864,202611,1,0.14190806517271,0,202611,final_validation_catboost_trial_006
883,202611,0,0.107195713775891,0,202611,final_validation_catboost_trial_006
887,202611,0,0.0627279363153899,0,202611,final_validation_catboost_trial_006
902,202611,0,0.15235639866418,0,202611,final_validation_catboost_trial_006
912,202611,1,0.140885978470566,0,202611,final_validation_catboost_trial_006
913,202611,0,0.1245221736817,0,202611,final_validation_catboost_trial_006
915,202611,0,0.112049738508877,0,202611,final_validation_catboost_trial_006
916,202611,0,0.14208269444609,0,202611,final_validation_catboost_trial_006
917,202611,0,0.136923071749782,0,202611,final_validation_catboost_trial_006
918,202611,1,0.127445492206685,0,202611,final_validation_catboost_trial_006
924,202611,0,0.145290682864895,0,202611,final_validation_catboost_trial_006
929,202611,0,0.138031996392228,0,202611,final_validation_catboost_trial_006
933,202611,0,0.126747659006403,0,202611,final_validation_catboost_trial_006
934,202611,1,0.121226656754783,0,202611,final_validation_catboost_trial_006
936,202611,0,0.1247315961168,0,202611,final_validation_catboost_trial_006
941,202611,0,0.0574951656583255,0,202611,final_validation_catboost_trial_006
946,202611,0,0.0777538699056852,0,202611,final_validation_catboost_trial_006
948,202611,0,0.0587393400639518,0,202611,final_validation_catboost_trial_006
952,202611,0,0.133465589723907,0,202611,final_validation_catboost_trial_006
959,202611,0,0.133623297784532,0,202611,final_validation_catboost_trial_006
963,202611,0,0.130441653458755,0,202611,final_validation_catboost_trial_006
965,202611,0,0.104044858845476,0,202611,final_validation_catboost_trial_006
970,202611,0,0.147873746760638,0,202611,final_validation_catboost_trial_006
975,202611,0,0.187825436198122,0,202611,final_validation_catboost_trial_006
979,202611,0,0.129513830328633,0,202611,final_validation_catboost_trial_006
982,202611,0,0.102862890282401,0,202611,final_validation_catboost_trial_006
986,202611,0,0.0457578952457411,0,202611,final_validation_catboost_trial_006
988,202611,1,0.156701914474797,0,202611,final_validation_catboost_trial_006
992,202611,0,0.147584113331103,0,202611,final_validation_catboost_trial_006
1003,202611,0,0.0470215278436023,0,202611,final_validation_catboost_trial_006
1004,202611,0,0.141805564253085,0,202611,final_validation_catboost_trial_006
1007,202611,0,0.135943637331069,0,202611,final_validation_catboost_trial_006
1014,202611,0,0.106483800869,0,202611,final_validation_catboost_trial_006
1017,202611,0,0.0545728739278806,0,202611,final_validation_catboost_trial_006
1018,202611,0,0.121955513580396,0,202611,final_validation_catboost_trial_006
1022,202611,1,0.123945104547788,0,202611,final_validation_catboost_trial_006
1043,202611,0,0.0690159235825547,0,202611,final_validation_catboost_trial_006
1046,202611,0,0.145065153992677,0,202611,final_validation_catboost_trial_006
1052,202611,0,0.13258804040614,0,202611,final_validation_catboost_trial_006
1061,202611,0,0.0523216692171378,0,202611,final_validation_catboost_trial_006
1063,202611,0,0.128144023153134,0,202611,final_validation_catboost_trial_006
1064,202611,0,0.131863302845856,0,202611,final_validation_catboost_trial_006
1067,202611,0,0.143052321982897,0,202611,final_validation_catboost_trial_006
1070,202611,0,0.0860771842799931,0,202611,final_validation_catboost_trial_006
1075,202611,0,0.0599739663042225,0,202611,final_validation_catboost_trial_006
1088,202611,1,0.139272506214433,0,202611,final_validation_catboost_trial_006
1105,202611,0,0.0557038967653001,0,202611,final_validation_catboost_trial_006
1116,202611,0,0.22222963975382,0,202611,final_validation_catboost_trial_006
1117,202611,0,0.193784079616865,0,202611,final_validation_catboost_trial_006
1123,202611,0,0.129514530584102,0,202611,final_validation_catboost_trial_006
1125,202611,0,0.149014548756116,0,202611,final_validation_catboost_trial_006
1132,202611,0,0.11713224326076,0,202611,final_validation_catboost_trial_006
1139,202611,1,0.129039043584778,0,202611,final_validation_catboost_trial_006
1140,202611,1,0.134057556889115,0,202611,final_validation_catboost_trial_006
1160,202611,0,0.0572660527462132,0,202611,final_validation_catboost_trial_006
1161,202611,0,0.146987294688087,0,202611,final_validation_catboost_trial_006
1165,202611,0,0.0678884091871011,0,202611,final_validation_catboost_trial_006
1171,202611,0,0.242697637035762,0,202611,final_validation_catboost_trial_006
1179,202611,1,0.0610367423465598,0,202611,final_validation_catboost_trial_006
1181,202611,0,0.088049321664176,0,202611,final_validation_catboost_trial_006
1185,202611,0,0.144281525193092,0,202611,final_validation_catboost_trial_006
1186,202611,1,0.119943197671519,0,202611,final_validation_catboost_trial_006
1197,202611,0,0.151513844443535,0,202611,final_validation_catboost_trial_006
1202,202611,0,0.144594609103618,0,202611,final_validation_catboost_trial_006
1205,202611,0,0.0466244093603161,0,202611,final_validation_catboost_trial_006
1206,202611,0,0.174314715947034,0,202611,final_validation_catboost_trial_006
1207,202611,1,0.171171932722782,0,202611,final_validation_catboost_trial_006
1213,202611,0,0.150009715076989,0,202611,final_validation_catboost_trial_006
1216,202611,0,0.0622520678159033,0,202611,final_validation_catboost_trial_006
1228,202611,0,0.136963128483503,0,202611,final_validation_catboost_trial_006
1232,202611,0,0.131391086293301,0,202611,final_validation_catboost_trial_006
1238,202611,0,0.114428231331189,0,202611,final_validation_catboost_trial_006
1241,202611,0,0.0686732978834154,0,202611,final_validation_catboost_trial_006
1244,202611,1,0.100869619634981,0,202611,final_validation_catboost_trial_006
1246,202611,0,0.108126219576693,0,202611,final_validation_catboost_trial_006
1247,202611,1,0.137916999633953,0,202611,final_validation_catboost_trial_006
1258,202611,0,0.106364500572349,0,202611,final_validation_catboost_trial_006
1263,202611,0,0.184672570521814,0,202611,final_validation_catboost_trial_006
1289,202611,0,0.128971432616471,0,202611,final_validation_catboost_trial_006
1292,202611,1,0.126808310478915,0,202611,final_validation_catboost_trial_006
1301,202611,0,0.170774366100808,0,202611,final_validation_catboost_trial_006
1302,202611,0,0.0545904407319634,0,202611,final_validation_catboost_trial_006
1303,202611,0,0.172355267444392,0,202611,final_validation_catboost_trial_006
1308,202611,1,0.185709950420123,0,202611,final_validation_catboost_trial_006
1309,202611,1,0.128139361447961,0,202611,final_validation_catboost_trial_006
1312,202611,0,0.131594805833925,0,202611,final_validation_catboost_trial_006
1314,202611,0,0.126922603050757,0,202611,final_validation_catboost_trial_006
1322,202611,0,0.0810059515016688,0,202611,final_validation_catboost_trial_006
1326,202611,0,0.0645199087974561,0,202611,final_validation_catboost_trial_006
1328,202611,0,0.0665578910648042,0,202611,final_validation_catboost_trial_006
1334,202611,0,0.123277401001069,0,202611,final_validation_catboost_trial_006
1336,202611,0,0.132814564998534,0,202611,final_validation_catboost_trial_006
1337,202611,0,0.059639955483477,0,202611,final_validation_catboost_trial_006
1338,202611,0,0.115244261738908,0,202611,final_validation_catboost_trial_006
1340,202611,0,0.149056265175701,0,202611,final_validation_catboost_trial_006
1352,202611,1,0.290920977445327,0,202611,final_validation_catboost_trial_006
1361,202611,0,0.162416745720006,0,202611,final_validation_catboost_trial_006
1365,202611,0,0.185443203190651,0,202611,final_validation_catboost_trial_006
1368,202611,0,0.308787868705013,0,202611,final_validation_catboost_trial_006
1370,202611,0,0.077688586081235,0,202611,final_validation_catboost_trial_006
1378,202611,0,0.143947722016655,0,202611,final_validation_catboost_trial_006
1379,202611,1,0.162511202754968,0,202611,final_validation_catboost_trial_006
1381,202611,0,0.144642077982762,0,202611,final_validation_catboost_trial_006
1388,202611,0,0.139946702299583,0,202611,final_validation_catboost_trial_006
1392,202611,1,0.152935907534895,0,202611,final_validation_catboost_trial_006
1393,202611,0,0.122445661719626,0,202611,final_validation_catboost_trial_006
1395,202611,0,0.117840119902973,0,202611,final_validation_catboost_trial_006
1400,202611,0,0.121105937277561,0,202611,final_validation_catboost_trial_006
1404,202611,0,0.0586273889453139,0,202611,final_validation_catboost_trial_006
1405,202611,0,0.0696163793040979,0,202611,final_validation_catboost_trial_006
1411,202611,0,0.153604435954025,0,202611,final_validation_catboost_trial_006
1414,202611,0,0.160629590869374,0,202611,final_validation_catboost_trial_006
1415,202611,0,0.0401245123543692,0,202611,final_validation_catboost_trial_006
1420,202611,0,0.111573860499747,0,202611,final_validation_catboost_trial_006
1425,202611,0,0.0697263030716358,0,202611,final_validation_catboost_trial_006
1434,202611,0,0.200938918900306,0,202611,final_validation_catboost_trial_006
1445,202611,1,0.145752464297877,0,202611,final_validation_catboost_trial_006
1453,202611,0,0.148615387453601,0,202611,final_validation_catboost_trial_006
1455,202611,0,0.23904327858191,0,202611,final_validation_catboost_trial_006
1459,202611,1,0.140099170082839,0,202611,final_validation_catboost_trial_006
1460,202611,0,0.152325283119853,0,202611,final_validation_catboost_trial_006
1465,202611,0,0.258425790529044,0,202611,final_validation_catboost_trial_006
1474,202611,0,0.140636047637012,0,202611,final_validation_catboost_trial_006
1475,202611,0,0.0398770643151216,0,202611,final_validation_catboost_trial_006
1476,202611,0,0.0727073199332292,0,202611,final_validation_catboost_trial_006
1477,202611,0,0.116879370415073,0,202611,final_validation_catboost_trial_006
1489,202611,0,0.0823015285339338,0,202611,final_validation_catboost_trial_006
1495,202611,0,0.1264808056581,0,202611,final_validation_catboost_trial_006
1496,202611,0,0.0668607249326689,0,202611,final_validation_catboost_trial_006
1501,202611,0,0.124567410846528,0,202611,final_validation_catboost_trial_006
1504,202611,0,0.057193600152779,0,202611,final_validation_catboost_trial_006
1506,202611,0,0.142502065119936,0,202611,final_validation_catboost_trial_006
1508,202611,1,0.127262439913126,0,202611,final_validation_catboost_trial_006
1516,202611,0,0.145781812398893,0,202611,final_validation_catboost_trial_006
1533,202611,1,0.13685626608043,0,202611,final_validation_catboost_trial_006
1535,202611,0,0.0794337953683268,0,202611,final_validation_catboost_trial_006
1541,202611,0,0.0643257602565043,0,202611,final_validation_catboost_trial_006
1546,202611,0,0.0568916424536543,0,202611,final_validation_catboost_trial_006
1552,202611,0,0.0601874325820132,0,202611,final_validation_catboost_trial_006
1558,202611,0,0.144824840983344,0,202611,final_validation_catboost_trial_006
1559,202611,0,0.110548545496306,0,202611,final_validation_catboost_trial_006
1564,202611,0,0.115933740373746,0,202611,final_validation_catboost_trial_006
1566,202611,0,0.124929202039604,0,202611,final_validation_catboost_trial_006
1567,202611,0,0.171024884664532,0,202611,final_validation_catboost_trial_006
1573,202611,0,0.152862773911611,0,202611,final_validation_catboost_trial_006
1576,202611,0,0.0782299621652503,0,202611,final_validation_catboost_trial_006
1577,202611,0,0.0684163193225788,0,202611,final_validation_catboost_trial_006
1578,202611,0,0.104531870253118,0,202611,final_validation_catboost_trial_006
1583,202611,1,0.143771452331997,0,202611,final_validation_catboost_trial_006
1586,202611,0,0.135213009962158,0,202611,final_validation_catboost_trial_006
1587,202611,0,0.0839556506843165,0,202611,final_validation_catboost_trial_006
1589,202611,0,0.158614398218911,0,202611,final_validation_catboost_trial_006
1591,202611,0,0.12287139438508,0,202611,final_validation_catboost_trial_006
1592,202611,0,0.0871989073535701,0,202611,final_validation_catboost_trial_006
1598,202611,0,0.059454576416992,0,202611,final_validation_catboost_trial_006
1602,202611,0,0.160990112964583,0,202611,final_validation_catboost_trial_006
1604,202611,0,0.0810926225449303,0,202611,final_validation_catboost_trial_006
1606,202611,0,0.0670394592271694,0,202611,final_validation_catboost_trial_006
1614,202611,0,0.0433142056298136,0,202611,final_validation_catboost_trial_006
1615,202611,0,0.21909543454887,0,202611,final_validation_catboost_trial_006
1619,202611,0,0.132059189677328,0,202611,final_validation_catboost_trial_006
1623,202611,0,0.137433067136668,0,202611,final_validation_catboost_trial_006
1631,202611,0,0.122090078928414,0,202611,final_validation_catboost_trial_006
1639,202611,0,0.0573055589021181,0,202611,final_validation_catboost_trial_006
1648,202611,0,0.0420366589910598,0,202611,final_validation_catboost_trial_006
1653,202611,1,0.0612076970027694,0,202611,final_validation_catboost_trial_006
1659,202611,0,0.13185203425222,0,202611,final_validation_catboost_trial_006
1669,202611,0,0.148336751507559,0,202611,final_validation_catboost_trial_006
1673,202611,0,0.127867758169967,0,202611,final_validation_catboost_trial_006
1678,202611,0,0.134857312993021,0,202611,final_validation_catboost_trial_006
1682,202611,0,0.210128553769125,0,202611,final_validation_catboost_trial_006
1683,202611,0,0.146217398673221,0,202611,final_validation_catboost_trial_006
1692,202611,0,0.127764614596337,0,202611,final_validation_catboost_trial_006
1693,202611,0,0.16114019274932,0,202611,final_validation_catboost_trial_006
1695,202611,0,0.143461549895293,0,202611,final_validation_catboost_trial_006
1698,202611,0,0.162290066075753,0,202611,final_validation_catboost_trial_006
1706,202611,0,0.24486187975163,0,202611,final_validation_catboost_trial_006
1707,202611,1,0.132375287838961,0,202611,final_validation_catboost_trial_006
1709,202611,0,0.125408450347283,0,202611,final_validation_catboost_trial_006
1710,202611,0,0.144571237551986,0,202611,final_validation_catboost_trial_006
1719,202611,0,0.118668175674208,0,202611,final_validation_catboost_trial_006
1720,202611,0,0.0548059040943698,0,202611,final_validation_catboost_trial_006
1723,202611,1,0.132578986274517,0,202611,final_validation_catboost_trial_006
1726,202611,0,0.131936591171996,0,202611,final_validation_catboost_trial_006
1730,202611,0,0.121475842952509,0,202611,final_validation_catboost_trial_006
1732,202611,0,0.126870264362852,0,202611,final_validation_catboost_trial_006
1733,202611,0,0.131246266904985,0,202611,final_validation_catboost_trial_006
1736,202611,0,0.079059901283169,0,202611,final_validation_catboost_trial_006
1743,202611,0,0.141464804925456,0,202611,final_validation_catboost_trial_006
1751,202611,0,0.127675652505917,0,202611,final_validation_catboost_trial_006
1752,202611,0,0.154780253249719,0,202611,final_validation_catboost_trial_006
1754,202611,0,0.155769741585708,0,202611,final_validation_catboost_trial_006
1756,202611,0,0.0477877034654277,0,202611,final_validation_catboost_trial_006
1760,202611,0,0.109938998647916,0,202611,final_validation_catboost_trial_006
1764,202611,1,0.167808546434034,0,202611,final_validation_catboost_trial_006
1765,202611,0,0.0722570446981403,0,202611,final_validation_catboost_trial_006
1776,202611,0,0.125176643995531,0,202611,final_validation_catboost_trial_006
1778,202611,0,0.047330123073277,0,202611,final_validation_catboost_trial_006
1779,202611,0,0.15141437072403,0,202611,final_validation_catboost_trial_006
1781,202611,0,0.0589209231853405,0,202611,final_validation_catboost_trial_006
1795,202611,0,0.142730342904799,0,202611,final_validation_catboost_trial_006
1808,202611,0,0.0353331715554517,0,202611,final_validation_catboost_trial_006
1809,202611,0,0.137397517437075,0,202611,final_validation_catboost_trial_006
1814,202611,0,0.141538980887918,0,202611,final_validation_catboost_trial_006
1819,202611,1,0.141589501281169,0,202611,final_validation_catboost_trial_006
1821,202611,0,0.120766432383274,0,202611,final_validation_catboost_trial_006
1822,202611,0,0.117369064938215,0,202611,final_validation_catboost_trial_006
1824,202611,0,0.148939130453821,0,202611,final_validation_catboost_trial_006
1827,202611,0,0.138330681444292,0,202611,final_validation_catboost_trial_006
1834,202611,0,0.161387204948441,0,202611,final_validation_catboost_trial_006
1844,202611,0,0.19695315957071,0,202611,final_validation_catboost_trial_006
1851,202611,0,0.174235005376144,0,202611,final_validation_catboost_trial_006
1867,202611,0,0.142651389201974,0,202611,final_validation_catboost_trial_006
1869,202611,0,0.115654782723314,0,202611,final_validation_catboost_trial_006
1875,202611,0,0.257050727578926,0,202611,final_validation_catboost_trial_006
1882,202611,0,0.147673820822752,0,202611,final_validation_catboost_trial_006
1897,202611,0,0.130034701409537,0,202611,final_validation_catboost_trial_006
1910,202611,0,0.116845365870246,0,202611,final_validation_catboost_trial_006
1917,202611,0,0.140478686703055,0,202611,final_validation_catboost_trial_006
1918,202611,0,0.0961732934643224,0,202611,final_validation_catboost_trial_006
1935,202611,0,0.149531413783575,0,202611,final_validation_catboost_trial_006
1936,202611,0,0.164962132617114,0,202611,final_validation_catboost_trial_006
1937,202611,0,0.0592748529512784,0,202611,final_validation_catboost_trial_006
1944,202611,1,0.131169989538687,0,202611,final_validation_catboost_trial_006
1949,202611,0,0.158327050683866,0,202611,final_validation_catboost_trial_006
1950,202611,1,0.0784054778775998,0,202611,final_validation_catboost_trial_006
1952,202611,0,0.0499154671488809,0,202611,final_validation_catboost_trial_006
1955,202611,1,0.148572663746913,0,202611,final_validation_catboost_trial_006
1956,202611,0,0.145582719017078,0,202611,final_validation_catboost_trial_006
1969,202611,0,0.0554158127626364,0,202611,final_validation_catboost_trial_006
1970,202611,0,0.116544365936459,0,202611,final_validation_catboost_trial_006
1971,202611,0,0.132173948865223,0,202611,final_validation_catboost_trial_006
1977,202611,0,0.152729924672385,0,202611,final_validation_catboost_trial_006
1982,202611,0,0.110312317956571,0,202611,final_validation_catboost_trial_006
1995,202611,0,0.130028152235682,0,202611,final_validation_catboost_trial_006
1996,202611,1,0.152319013483951,0,202611,final_validation_catboost_trial_006
2002,202611,0,0.153770715560442,0,202611,final_validation_catboost_trial_006
2004,202611,0,0.129397621658802,0,202611,final_validation_catboost_trial_006
2011,202611,0,0.161018471674129,0,202611,final_validation_catboost_trial_006
2013,202611,0,0.143877150710063,0,202611,final_validation_catboost_trial_006
2014,202611,0,0.132397229786538,0,202611,final_validation_catboost_trial_006
2018,202611,1,0.142231115466909,0,202611,final_validation_catboost_trial_006
2026,202611,0,0.140707185922115,0,202611,final_validation_catboost_trial_006
2040,202611,0,0.13650133823567,0,202611,final_validation_catboost_trial_006
2043,202611,0,0.132403665811142,0,202611,final_validation_catboost_trial_006
2060,202611,0,0.140619925941244,0,202611,final_validation_catboost_trial_006
2069,202611,0,0.103973208543298,0,202611,final_validation_catboost_trial_006
2073,202611,0,0.0918498793208106,0,202611,final_validation_catboost_trial_006
2075,202611,1,0.254067866819677,0,202611,final_validation_catboost_trial_006
2076,202611,0,0.044761038947455,0,202611,final_validation_catboost_trial_006
2082,202611,0,0.108012863626765,0,202611,final_validation_catboost_trial_006
2089,202611,0,0.0572087740184118,0,202611,final_validation_catboost_trial_006
2091,202611,0,0.175868760365815,0,202611,final_validation_catboost_trial_006
2103,202611,0,0.0728246590527901,0,202611,final_validation_catboost_trial_006
2109,202611,0,0.0588862603614549,0,202611,final_validation_catboost_trial_006
2112,202611,0,0.14345662582922,0,202611,final_validation_catboost_trial_006
2113,202611,0,0.165359483932804,0,202611,final_validation_catboost_trial_006
2119,202611,0,0.0565796791681191,0,202611,final_validation_catboost_trial_006
2121,202611,0,0.151062410479967,0,202611,final_validation_catboost_trial_006
2125,202611,0,0.150413861627823,0,202611,final_validation_catboost_trial_006
2127,202611,0,0.234481379742791,0,202611,final_validation_catboost_trial_006
2128,202611,0,0.132829368383941,0,202611,final_validation_catboost_trial_006
2132,202611,0,0.172900442281824,0,202611,final_validation_catboost_trial_006
2138,202611,1,0.15579563446426,0,202611,final_validation_catboost_trial_006
2142,202611,1,0.127291031009636,0,202611,final_validation_catboost_trial_006
2146,202611,0,0.143945288884527,0,202611,final_validation_catboost_trial_006
2148,202611,0,0.0516322458062027,0,202611,final_validation_catboost_trial_006
2149,202611,0,0.177434952820112,0,202611,final_validation_catboost_trial_006
2156,202611,0,0.0608979985562494,0,202611,final_validation_catboost_trial_006
2157,202611,0,0.143870117460203,0,202611,final_validation_catboost_trial_006
2159,202611,0,0.128953292688867,0,202611,final_validation_catboost_trial_006
2160,202611,0,0.117605085239609,0,202611,final_validation_catboost_trial_006
2169,202611,0,0.158798191850462,0,202611,final_validation_catboost_trial_006
2170,202611,0,0.0635014260882056,0,202611,final_validation_catboost_trial_006
2180,202611,1,0.150765286071143,0,202611,final_validation_catboost_trial_006
2186,202611,0,0.0696413575317804,0,202611,final_validation_catboost_trial_006
2188,202611,0,0.0550469575756483,0,202611,final_validation_catboost_trial_006
2190,202611,0,0.115302524639175,0,202611,final_validation_catboost_trial_006
2197,202611,1,0.143949574789629,0,202611,final_validation_catboost_trial_006
2203,202611,0,0.102451376166859,0,202611,final_validation_catboost_trial_006
2204,202611,0,0.154192577405477,0,202611,final_validation_catboost_trial_006
2205,202611,0,0.151154792241004,0,202611,final_validation_catboost_trial_006
2207,202611,0,0.127071621564044,0,202611,final_validation_catboost_trial_006
2209,202611,0,0.0612516834508598,0,202611,final_validation_catboost_trial_006
2211,202611,0,0.100488829244982,0,202611,final_validation_catboost_trial_006
2219,202611,1,0.138171848383753,0,202611,final_validation_catboost_trial_006
2220,202611,0,0.0547487375417767,0,202611,final_validation_catboost_trial_006
2226,202611,0,0.150921891064605,0,202611,final_validation_catboost_trial_006
2229,202611,0,0.133641044808146,0,202611,final_validation_catboost_trial_006
2234,202611,0,0.129944511915693,0,202611,final_validation_catboost_trial_006
2237,202611,0,0.169698700296775,0,202611,final_validation_catboost_trial_006
2240,202611,0,0.1268834206038,0,202611,final_validation_catboost_trial_006
2249,202611,0,0.0560259921083195,0,202611,final_validation_catboost_trial_006
2252,202611,0,0.141849523149506,0,202611,final_validation_catboost_trial_006
2264,202611,0,0.167415411273523,0,202611,final_validation_catboost_trial_006
2269,202611,0,0.140001795206551,0,202611,final_validation_catboost_trial_006
2272,202611,0,0.0612219246316759,0,202611,final_validation_catboost_trial_006
2283,202611,0,0.117135876014334,0,202611,final_validation_catboost_trial_006
2284,202611,0,0.161365189074796,0,202611,final_validation_catboost_trial_006
2287,202611,0,0.158202499548935,0,202611,final_validation_catboost_trial_006
2290,202611,0,0.114023464235945,0,202611,final_validation_catboost_trial_006
2294,202611,1,0.143285079375759,0,202611,final_validation_catboost_trial_006
2298,202611,0,0.0597194820782336,0,202611,final_validation_catboost_trial_006
2328,202611,0,0.140628002054185,0,202611,final_validation_catboost_trial_006
2329,202611,0,0.174935575496713,0,202611,final_validation_catboost_trial_006
2330,202611,0,0.162704981170272,0,202611,final_validation_catboost_trial_006
2336,202611,0,0.146100814524401,0,202611,final_validation_catboost_trial_006
2338,202611,0,0.139529468296901,0,202611,final_validation_catboost_trial_006
2341,202611,0,0.199781794128468,0,202611,final_validation_catboost_trial_006
2353,202611,0,0.163474651789242,0,202611,final_validation_catboost_trial_006
2356,202611,0,0.0480674045583568,0,202611,final_validation_catboost_trial_006
2366,202611,0,0.122102197678206,0,202611,final_validation_catboost_trial_006
2401,202611,0,0.112985264027266,0,202611,final_validation_catboost_trial_006
2404,202611,0,0.0618071534221831,0,202611,final_validation_catboost_trial_006
2408,202611,0,0.123841725217006,0,202611,final_validation_catboost_trial_006
2409,202611,0,0.137119954395299,0,202611,final_validation_catboost_trial_006
2410,202611,0,0.141927581623101,0,202611,final_validation_catboost_trial_006
2415,202611,1,0.135881761074343,0,202611,final_validation_catboost_trial_006
2421,202611,0,0.261845196706968,0,202611,final_validation_catboost_trial_006
2425,202611,0,0.143778149430567,0,202611,final_validation_catboost_trial_006
2427,202611,0,0.189643053489429,0,202611,final_validation_catboost_trial_006
2429,202611,0,0.135927755079579,0,202611,final_validation_catboost_trial_006
2432,202611,0,0.133685686835227,0,202611,final_validation_catboost_trial_006
2435,202611,0,0.119262531354517,0,202611,final_validation_catboost_trial_006
2436,202611,0,0.131815057120569,0,202611,final_validation_catboost_trial_006
2441,202611,1,0.176420178315108,0,202611,final_validation_catboost_trial_006
2447,202611,0,0.141554868488939,0,202611,final_validation_catboost_trial_006
2449,202611,0,0.0572173824998488,0,202611,final_validation_catboost_trial_006
2454,202611,0,0.0712327522772633,0,202611,final_validation_catboost_trial_006
2460,202611,0,0.054267111920404,0,202611,final_validation_catboost_trial_006
2466,202611,1,0.177011471479346,0,202611,final_validation_catboost_trial_006
2472,202611,0,0.154037690952509,0,202611,final_validation_catboost_trial_006
2479,202611,0,0.104482451637679,0,202611,final_validation_catboost_trial_006
2483,202611,0,0.140093243282767,0,202611,final_validation_catboost_trial_006
2484,202611,0,0.144087117350955,0,202611,final_validation_catboost_trial_006
2492,202611,0,0.164340237544863,0,202611,final_validation_catboost_trial_006
2493,202611,0,0.0622964994751459,0,202611,final_validation_catboost_trial_006
2495,202611,0,0.138553458629513,0,202611,final_validation_catboost_trial_006
2498,202611,0,0.182011795784458,0,202611,final_validation_catboost_trial_006
2501,202611,0,0.123411092554758,0,202611,final_validation_catboost_trial_006
2507,202611,1,0.170336263135372,0,202611,final_validation_catboost_trial_006
2510,202611,0,0.134542768653526,0,202611,final_validation_catboost_trial_006
2512,202611,0,0.042379286544378,0,202611,final_validation_catboost_trial_006
2513,202611,1,0.145349659496406,0,202611,final_validation_catboost_trial_006
2516,202611,0,0.0523664509620441,0,202611,final_validation_catboost_trial_006
2517,202611,0,0.149638678543236,0,202611,final_validation_catboost_trial_006
2534,202611,1,0.145550915281559,0,202611,final_validation_catboost_trial_006
2538,202611,0,0.0494490540560766,0,202611,final_validation_catboost_trial_006
2544,202611,1,0.155101375877735,0,202611,final_validation_catboost_trial_006
2561,202611,0,0.130724267645544,0,202611,final_validation_catboost_trial_006
2563,202611,0,0.128187397758323,0,202611,final_validation_catboost_trial_006
2567,202611,0,0.130367563559353,0,202611,final_validation_catboost_trial_006
2569,202611,0,0.0960042716290141,0,202611,final_validation_catboost_trial_006
2571,202611,1,0.143897407800003,0,202611,final_validation_catboost_trial_006
2576,202611,0,0.121747352530603,0,202611,final_validation_catboost_trial_006
2588,202611,0,0.149655198789448,0,202611,final_validation_catboost_trial_006
2592,202611,0,0.0503969139754308,0,202611,final_validation_catboost_trial_006
2593,202611,0,0.142017306644913,0,202611,final_validation_catboost_trial_006
2604,202611,0,0.128626123388977,0,202611,final_validation_catboost_trial_006
2613,202611,0,0.116910962531255,0,202611,final_validation_catboost_trial_006
2617,202611,1,0.146648512556629,0,202611,final_validation_catboost_trial_006
2620,202611,0,0.128496652038003,0,202611,final_validation_catboost_trial_006
2626,202611,0,0.0694531313788112,0,202611,final_validation_catboost_trial_006
2628,202611,1,0.206426567444155,0,202611,final_validation_catboost_trial_006
2629,202611,0,0.060845105161221,0,202611,final_validation_catboost_trial_006
2634,202611,0,0.0666462099197443,0,202611,final_validation_catboost_trial_006
2636,202611,1,0.126872025264675,0,202611,final_validation_catboost_trial_006
2637,202611,0,0.158642910820964,0,202611,final_validation_catboost_trial_006
2649,202611,0,0.15625349236453,0,202611,final_validation_catboost_trial_006
2653,202611,0,0.162819310188768,0,202611,final_validation_catboost_trial_006
2661,202611,0,0.138156770958648,0,202611,final_validation_catboost_trial_006
2662,202611,0,0.0974316281569288,0,202611,final_validation_catboost_trial_006
2668,202611,0,0.0883591087369959,0,202611,final_validation_catboost_trial_006
2673,202611,1,0.0812214017756156,0,202611,final_validation_catboost_trial_006
2682,202611,1,0.161505424801075,0,202611,final_validation_catboost_trial_006
2684,202611,0,0.135969642228427,0,202611,final_validation_catboost_trial_006
2686,202611,0,0.127949862681154,0,202611,final_validation_catboost_trial_006
2706,202611,0,0.129329238998512,0,202611,final_validation_catboost_trial_006
2709,202611,0,0.129081794425867,0,202611,final_validation_catboost_trial_006
2710,202611,0,0.134528678253439,0,202611,final_validation_catboost_trial_006
2712,202611,0,0.0888247082844258,0,202611,final_validation_catboost_trial_006
2717,202611,0,0.116688830101929,0,202611,final_validation_catboost_trial_006
2718,202611,0,0.146927381290445,0,202611,final_validation_catboost_trial_006
2720,202611,0,0.1328957923084,0,202611,final_validation_catboost_trial_006
2726,202611,0,0.155437186675116,0,202611,final_validation_catboost_trial_006
2732,202611,0,0.161406517132005,0,202611,final_validation_catboost_trial_006
2735,202611,0,0.155875113049978,0,202611,final_validation_catboost_trial_006
2736,202611,0,0.116645315919205,0,202611,final_validation_catboost_trial_006
2754,202611,0,0.137742243706114,0,202611,final_validation_catboost_trial_006
2755,202611,0,0.0640804804619279,0,202611,final_validation_catboost_trial_006
2758,202611,0,0.128141376904128,0,202611,final_validation_catboost_trial_006
2759,202611,0,0.0691109379055498,0,202611,final_validation_catboost_trial_006
2768,202611,0,0.160526460043743,0,202611,final_validation_catboost_trial_006
2769,202611,0,0.155438824636794,0,202611,final_validation_catboost_trial_006
2770,202611,0,0.1608491827058,0,202611,final_validation_catboost_trial_006
2776,202611,0,0.0499576173664407,0,202611,final_validation_catboost_trial_006
2779,202611,0,0.201303249762991,0,202611,final_validation_catboost_trial_006
2782,202611,1,0.12632732127444,0,202611,final_validation_catboost_trial_006
2790,202611,0,0.060023163921974,0,202611,final_validation_catboost_trial_006
2794,202611,0,0.123142847395261,0,202611,final_validation_catboost_trial_006
2796,202611,0,0.0490122991587382,0,202611,final_validation_catboost_trial_006
2801,202611,0,0.132555274487005,0,202611,final_validation_catboost_trial_006
2807,202611,1,0.128766624214451,0,202611,final_validation_catboost_trial_006
2810,202611,0,0.0789268844467842,0,202611,final_validation_catboost_trial_006
2811,202611,1,0.066208463517427,0,202611,final_validation_catboost_trial_006
2813,202611,0,0.153092131101588,0,202611,final_validation_catboost_trial_006
2820,202611,0,0.137536504601985,0,202611,final_validation_catboost_trial_006
2822,202611,0,0.150381987241781,0,202611,final_validation_catboost_trial_006
2830,202611,0,0.135004984978655,0,202611,final_validation_catboost_trial_006
2831,202611,0,0.156699257452678,0,202611,final_validation_catboost_trial_006
2835,202611,0,0.134121236883139,0,202611,final_validation_catboost_trial_006
2837,202611,0,0.164671254383493,0,202611,final_validation_catboost_trial_006
2852,202611,0,0.15170925334619,0,202611,final_validation_catboost_trial_006
2861,202611,0,0.120601082375273,0,202611,final_validation_catboost_trial_006
2864,202611,0,0.0526440696405531,0,202611,final_validation_catboost_trial_006
2868,202611,1,0.139576959023543,0,202611,final_validation_catboost_trial_006
2869,202611,0,0.057871571797526,0,202611,final_validation_catboost_trial_006
2870,202611,0,0.283653030786203,0,202611,final_validation_catboost_trial_006
2883,202611,0,0.0414050526428173,0,202611,final_validation_catboost_trial_006
2888,202611,1,0.0521199454931461,0,202611,final_validation_catboost_trial_006
2890,202611,0,0.05671053049687,0,202611,final_validation_catboost_trial_006
2891,202611,1,0.325283925012144,0,202611,final_validation_catboost_trial_006
2892,202611,0,0.0647584260458655,0,202611,final_validation_catboost_trial_006
2895,202611,0,0.175698014235158,0,202611,final_validation_catboost_trial_006
2908,202611,0,0.142786302210532,0,202611,final_validation_catboost_trial_006
2911,202611,0,0.0460432638230014,0,202611,final_validation_catboost_trial_006
2918,202611,0,0.105599704073051,0,202611,final_validation_catboost_trial_006
2923,202611,1,0.135201283569365,0,202611,final_validation_catboost_trial_006
2931,202611,0,0.168673378807474,0,202611,final_validation_catboost_trial_006
2936,202611,0,0.15127303741732,0,202611,final_validation_catboost_trial_006
2938,202611,0,0.256894441352631,0,202611,final_validation_catboost_trial_006
2940,202611,0,0.167577829564406,0,202611,final_validation_catboost_trial_006
2942,202611,0,0.126914787151886,0,202611,final_validation_catboost_trial_006
2943,202611,0,0.0439435656150896,0,202611,final_validation_catboost_trial_006
2945,202611,0,0.159772500663901,0,202611,final_validation_catboost_trial_006
2949,202611,0,0.0595997215086077,0,202611,final_validation_catboost_trial_006
2959,202611,0,0.155619745544313,0,202611,final_validation_catboost_trial_006
2966,202611,0,0.165102200250692,0,202611,final_validation_catboost_trial_006
2969,202611,0,0.140924989999583,0,202611,final_validation_catboost_trial_006
2970,202611,0,0.134322832117512,0,202611,final_validation_catboost_trial_006
2975,202611,0,0.124146913143598,0,202611,final_validation_catboost_trial_006
2976,202611,0,0.130468808500797,0,202611,final_validation_catboost_trial_006
2987,202611,0,0.115912704783759,0,202611,final_validation_catboost_trial_006
2993,202611,0,0.0672412958798077,0,202611,final_validation_catboost_trial_006
2995,202611,0,0.064632911324441,0,202611,final_validation_catboost_trial_006
2998,202611,0,0.0564034495934094,0,202611,final_validation_catboost_trial_006
3002,202611,0,0.138287725351425,0,202611,final_validation_catboost_trial_006
3004,202611,0,0.135112301073474,0,202611,final_validation_catboost_trial_006
3008,202611,0,0.148088046650127,0,202611,final_validation_catboost_trial_006
3010,202611,0,0.120252378795264,0,202611,final_validation_catboost_trial_006
3019,202611,0,0.0713762231406875,0,202611,final_validation_catboost_trial_006
3020,202611,1,0.14824701105831,0,202611,final_validation_catboost_trial_006
3027,202611,0,0.0657668577454395,0,202611,final_validation_catboost_trial_006
3030,202611,0,0.161214035581516,0,202611,final_validation_catboost_trial_006
3031,202611,0,0.136068400107016,0,202611,final_validation_catboost_trial_006
3037,202611,0,0.144730946961177,0,202611,final_validation_catboost_trial_006
3038,202611,0,0.11595374034043,0,202611,final_validation_catboost_trial_006
3039,202611,0,0.0730455520285268,0,202611,final_validation_catboost_trial_006
3043,202611,0,0.130986818807024,0,202611,final_validation_catboost_trial_006
3048,202611,0,0.059574677295242,0,202611,final_validation_catboost_trial_006
3049,202611,0,0.145010008976904,0,202611,final_validation_catboost_trial_006
3050,202611,1,0.123180199825155,0,202611,final_validation_catboost_trial_006
3053,202611,0,0.0650887983610245,0,202611,final_validation_catboost_trial_006
3054,202611,0,0.0601610093004393,0,202611,final_validation_catboost_trial_006
3056,202611,0,0.119414573916107,0,202611,final_validation_catboost_trial_006
3069,202611,0,0.230419807279781,0,202611,final_validation_catboost_trial_006
3071,202611,0,0.148275738906312,0,202611,final_validation_catboost_trial_006
3072,202611,0,0.146852310425363,0,202611,final_validation_catboost_trial_006
3075,202611,0,0.145403592769569,0,202611,final_validation_catboost_trial_006
3078,202611,0,0.134919799719944,0,202611,final_validation_catboost_trial_006
3080,202611,0,0.116667461596696,0,202611,final_validation_catboost_trial_006
3089,202611,1,0.213338304477733,0,202611,final_validation_catboost_trial_006
3104,202611,0,0.124049972001516,0,202611,final_validation_catboost_trial_006
3109,202611,0,0.171041597861018,0,202611,final_validation_catboost_trial_006
3125,202611,1,0.127442676454309,0,202611,final_validation_catboost_trial_006
3126,202611,0,0.0755698800143145,0,202611,final_validation_catboost_trial_006
3134,202611,1,0.135352689690582,0,202611,final_validation_catboost_trial_006
3137,202611,0,0.0585187221335692,0,202611,final_validation_catboost_trial_006
3139,202611,0,0.115645283859522,0,202611,final_validation_catboost_trial_006
3142,202611,0,0.157029370040839,0,202611,final_validation_catboost_trial_006
3147,202611,0,0.0620061971832102,0,202611,final_validation_catboost_trial_006
3160,202611,1,0.111567721171642,0,202611,final_validation_catboost_trial_006
3168,202611,0,0.106313190919166,0,202611,final_validation_catboost_trial_006
3169,202611,0,0.14394246445337,0,202611,final_validation_catboost_trial_006
3172,202611,0,0.108056090390149,0,202611,final_validation_catboost_trial_006
3174,202611,0,0.134428092000558,0,202611,final_validation_catboost_trial_006
3176,202611,1,0.063633450987011,0,202611,final_validation_catboost_trial_006
3178,202611,0,0.162929155271253,0,202611,final_validation_catboost_trial_006
3179,202611,0,0.0590342629765785,0,202611,final_validation_catboost_trial_006
3181,202611,0,0.122682502920179,0,202611,final_validation_catboost_trial_006
3190,202611,0,0.141635223140433,0,202611,final_validation_catboost_trial_006
3192,202611,0,0.153217797121319,0,202611,final_validation_catboost_trial_006
3196,202611,0,0.159108619700557,0,202611,final_validation_catboost_trial_006
3197,202611,0,0.177647742492277,0,202611,final_validation_catboost_trial_006
3206,202611,0,0.152762074999883,0,202611,final_validation_catboost_trial_006
3208,202611,0,0.0492157385929713,0,202611,final_validation_catboost_trial_006
3210,202611,0,0.104644484460443,0,202611,final_validation_catboost_trial_006
3214,202611,0,0.227575463772193,0,202611,final_validation_catboost_trial_006
3217,202611,1,0.140665819931177,0,202611,final_validation_catboost_trial_006
3220,202611,0,0.0794338926807522,0,202611,final_validation_catboost_trial_006
3223,202611,1,0.162672194985692,0,202611,final_validation_catboost_trial_006
3228,202611,0,0.0618735437560439,0,202611,final_validation_catboost_trial_006
3232,202611,0,0.131486280246083,0,202611,final_validation_catboost_trial_006
3246,202611,1,0.110295459588293,0,202611,final_validation_catboost_trial_006
3247,202611,0,0.132554564000181,0,202611,final_validation_catboost_trial_006
3253,202611,0,0.0789227045105961,0,202611,final_validation_catboost_trial_006
3256,202611,0,0.0561711142355514,0,202611,final_validation_catboost_trial_006
3257,202611,0,0.125601306445893,0,202611,final_validation_catboost_trial_006
3262,202611,0,0.0938695517838205,0,202611,final_validation_catboost_trial_006
3265,202611,1,0.137872954579387,0,202611,final_validation_catboost_trial_006
3269,202611,0,0.054132099638009,0,202611,final_validation_catboost_trial_006
3276,202611,0,0.0625628398729664,0,202611,final_validation_catboost_trial_006
3279,202611,0,0.244791687617286,0,202611,final_validation_catboost_trial_006
3282,202611,0,0.0956864885978483,0,202611,final_validation_catboost_trial_006
3284,202611,0,0.0665038200541802,0,202611,final_validation_catboost_trial_006
3285,202611,0,0.131696756324886,0,202611,final_validation_catboost_trial_006
3295,202611,0,0.1477419521963,0,202611,final_validation_catboost_trial_006
3297,202611,0,0.0762546628135593,0,202611,final_validation_catboost_trial_006
3298,202611,0,0.118160785505035,0,202611,final_validation_catboost_trial_006
3303,202611,1,0.141234306454876,0,202611,final_validation_catboost_trial_006
3309,202611,1,0.144589429280321,0,202611,final_validation_catboost_trial_006
3311,202611,0,0.0575088812964014,0,202611,final_validation_catboost_trial_006
3312,202611,1,0.154671600849735,0,202611,final_validation_catboost_trial_006
3313,202611,0,0.166265341771371,0,202611,final_validation_catboost_trial_006
3321,202611,0,0.113872554639077,0,202611,final_validation_catboost_trial_006
3322,202611,1,0.126037850619284,0,202611,final_validation_catboost_trial_006
3325,202611,0,0.122493015640742,0,202611,final_validation_catboost_trial_006
3329,202611,0,0.22232121840396,0,202611,final_validation_catboost_trial_006
3345,202611,0,0.171731914642176,0,202611,final_validation_catboost_trial_006
3347,202611,0,0.115117946015494,0,202611,final_validation_catboost_trial_006
3349,202611,0,0.142049419778122,0,202611,final_validation_catboost_trial_006
3350,202611,0,0.100924882526797,0,202611,final_validation_catboost_trial_006
3354,202611,0,0.133520361391284,0,202611,final_validation_catboost_trial_006
3356,202611,0,0.224030787816703,0,202611,final_validation_catboost_trial_006
3363,202611,0,0.122868811011254,0,202611,final_validation_catboost_trial_006
3372,202611,0,0.0977144694573558,0,202611,final_validation_catboost_trial_006
3376,202611,0,0.116597677335231,0,202611,final_validation_catboost_trial_006
3380,202611,0,0.115651025438948,0,202611,final_validation_catboost_trial_006
3383,202611,0,0.135000241170965,0,202611,final_validation_catboost_trial_006
3385,202611,0,0.131298999477284,0,202611,final_validation_catboost_trial_006
3387,202611,0,0.135472589608932,0,202611,final_validation_catboost_trial_006
3395,202611,0,0.0578485717318771,0,202611,final_validation_catboost_trial_006
3396,202611,0,0.0534137566965359,0,202611,final_validation_catboost_trial_006
3397,202611,0,0.117002737717434,0,202611,final_validation_catboost_trial_006
3411,202611,0,0.0776479867377423,0,202611,final_validation_catboost_trial_006
3413,202611,0,0.0554190857254799,0,202611,final_validation_catboost_trial_006
3415,202611,0,0.0997521151736344,0,202611,final_validation_catboost_trial_006
3420,202611,1,0.14046985856028,0,202611,final_validation_catboost_trial_006
3444,202611,0,0.160940399940724,0,202611,final_validation_catboost_trial_006
3446,202611,0,0.153658132205998,0,202611,final_validation_catboost_trial_006
3447,202611,0,0.0604105145763629,0,202611,final_validation_catboost_trial_006
3448,202611,0,0.107261985218287,0,202611,final_validation_catboost_trial_006
3454,202611,0,0.0629501880367841,0,202611,final_validation_catboost_trial_006
3466,202611,0,0.13961622902178,0,202611,final_validation_catboost_trial_006
3471,202611,0,0.142945450628361,0,202611,final_validation_catboost_trial_006
3474,202611,0,0.0540327456701139,0,202611,final_validation_catboost_trial_006
3488,202611,0,0.146987223002698,0,202611,final_validation_catboost_trial_006
3496,202611,0,0.0692656771247955,0,202611,final_validation_catboost_trial_006
3498,202611,0,0.159578601123117,0,202611,final_validation_catboost_trial_006
3499,202611,1,0.0891013130384962,0,202611,final_validation_catboost_trial_006
3508,202611,0,0.125483731651754,0,202611,final_validation_catboost_trial_006
3511,202611,0,0.0650014342739643,0,202611,final_validation_catboost_trial_006
3514,202611,0,0.0787814316196391,0,202611,final_validation_catboost_trial_006
3524,202611,0,0.0744797792036792,0,202611,final_validation_catboost_trial_006
3526,202611,0,0.104934781628963,0,202611,final_validation_catboost_trial_006
3529,202611,0,0.0497659753273143,0,202611,final_validation_catboost_trial_006
3552,202611,0,0.0470987781002282,0,202611,final_validation_catboost_trial_006
3561,202611,0,0.063637972474182,0,202611,final_validation_catboost_trial_006
3564,202611,0,0.230941191343752,0,202611,final_validation_catboost_trial_006
3566,202611,0,0.0538355966490348,0,202611,final_validation_catboost_trial_006
3576,202611,0,0.170928379419662,0,202611,final_validation_catboost_trial_006
3581,202611,0,0.0609054742079765,0,202611,final_validation_catboost_trial_006
3582,202611,0,0.156974520725263,0,202611,final_validation_catboost_trial_006
3583,202611,0,0.252268653369646,0,202611,final_validation_catboost_trial_006
3587,202611,0,0.128382464367003,0,202611,final_validation_catboost_trial_006
3589,202611,0,0.141284962206241,0,202611,final_validation_catboost_trial_006
3590,202611,0,0.10800316149379,0,202611,final_validation_catboost_trial_006
3592,202611,0,0.144058832705754,0,202611,final_validation_catboost_trial_006
3594,202611,0,0.0598692417042108,0,202611,final_validation_catboost_trial_006
3598,202611,0,0.128723367310918,0,202611,final_validation_catboost_trial_006
3602,202611,1,0.160012324803945,0,202611,final_validation_catboost_trial_006
3605,202611,0,0.160482714648709,0,202611,final_validation_catboost_trial_006
3607,202611,1,0.150419709057016,0,202611,final_validation_catboost_trial_006
3608,202611,0,0.169059447098727,0,202611,final_validation_catboost_trial_006
3610,202611,0,0.142285866545846,0,202611,final_validation_catboost_trial_006
3619,202611,0,0.149375409225089,0,202611,final_validation_catboost_trial_006
3621,202611,1,0.0559548501305617,0,202611,final_validation_catboost_trial_006
3622,202611,0,0.11496844581128,0,202611,final_validation_catboost_trial_006
3623,202611,0,0.198925574734483,0,202611,final_validation_catboost_trial_006
3628,202611,0,0.133466127291633,0,202611,final_validation_catboost_trial_006
3629,202611,0,0.147086284756628,0,202611,final_validation_catboost_trial_006
3647,202611,0,0.0550305035268254,0,202611,final_validation_catboost_trial_006
3653,202611,0,0.15732531276331,0,202611,final_validation_catboost_trial_006
3657,202611,0,0.147767979431608,0,202611,final_validation_catboost_trial_006
3658,202611,0,0.0822826319104781,0,202611,final_validation_catboost_trial_006
3661,202611,0,0.0463866861946514,0,202611,final_validation_catboost_trial_006
3665,202611,0,0.134002383743368,0,202611,final_validation_catboost_trial_006
3668,202611,0,0.0554435533626674,0,202611,final_validation_catboost_trial_006
3670,202611,0,0.0856037859916499,0,202611,final_validation_catboost_trial_006
3672,202611,0,0.0420681243669063,0,202611,final_validation_catboost_trial_006
3675,202611,0,0.0964472329037943,0,202611,final_validation_catboost_trial_006
3680,202611,0,0.0508214343308665,0,202611,final_validation_catboost_trial_006
3697,202611,0,0.0684023690779123,0,202611,final_validation_catboost_trial_006
3698,202611,0,0.0353949657346188,0,202611,final_validation_catboost_trial_006
3699,202611,0,0.144722684988591,0,202611,final_validation_catboost_trial_006
3703,202611,0,0.0463332062478021,0,202611,final_validation_catboost_trial_006
3711,202611,0,0.135552649414484,0,202611,final_validation_catboost_trial_006
3712,202611,0,0.162392543998696,0,202611,final_validation_catboost_trial_006
3716,202611,0,0.137893936663226,0,202611,final_validation_catboost_trial_006
3717,202611,0,0.148840597523814,0,202611,final_validation_catboost_trial_006
3721,202611,0,0.153287910881396,0,202611,final_validation_catboost_trial_006
3725,202611,1,0.106718457418682,0,202611,final_validation_catboost_trial_006
3726,202611,0,0.137853084670806,0,202611,final_validation_catboost_trial_006
3735,202611,0,0.151914002681911,0,202611,final_validation_catboost_trial_006
3736,202611,0,0.262027155657441,0,202611,final_validation_catboost_trial_006
3740,202611,0,0.113662164184594,0,202611,final_validation_catboost_trial_006
3743,202611,1,0.205167048571858,0,202611,final_validation_catboost_trial_006
3746,202611,1,0.126930539418994,0,202611,final_validation_catboost_trial_006
3748,202611,0,0.0980152119193842,0,202611,final_validation_catboost_trial_006
3751,202611,0,0.0717328597281116,0,202611,final_validation_catboost_trial_006
3753,202611,0,0.0863973645667992,0,202611,final_validation_catboost_trial_006
3754,202611,0,0.0872318016859591,0,202611,final_validation_catboost_trial_006
3755,202611,0,0.0651353076606907,0,202611,final_validation_catboost_trial_006
3764,202611,0,0.112978056516025,0,202611,final_validation_catboost_trial_006
3768,202611,0,0.14282141029504,0,202611,final_validation_catboost_trial_006
3781,202611,0,0.126128407890129,0,202611,final_validation_catboost_trial_006
3782,202611,0,0.14928963767014,0,202611,final_validation_catboost_trial_006
3787,202611,0,0.0719845489714196,0,202611,final_validation_catboost_trial_006
3796,202611,1,0.135721117108481,0,202611,final_validation_catboost_trial_006
3800,202611,0,0.116201513137166,0,202611,final_validation_catboost_trial_006
3804,202611,0,0.0638884196870324,0,202611,final_validation_catboost_trial_006
3820,202611,0,0.176165355215597,0,202611,final_validation_catboost_trial_006
3821,202611,0,0.149234792780116,0,202611,final_validation_catboost_trial_006
3824,202611,0,0.0886707955383792,0,202611,final_validation_catboost_trial_006
3825,202611,0,0.124261864205381,0,202611,final_validation_catboost_trial_006
3826,202611,0,0.185269155591606,0,202611,final_validation_catboost_trial_006
3831,202611,0,0.113854134671715,0,202611,final_validation_catboost_trial_006
3834,202611,0,0.116647231205598,0,202611,final_validation_catboost_trial_006
3835,202611,0,0.133871510436617,0,202611,final_validation_catboost_trial_006
3836,202611,0,0.120066969234404,0,202611,final_validation_catboost_trial_006
3840,202611,0,0.0880219399426423,0,202611,final_validation_catboost_trial_006
3841,202611,0,0.176033972093387,0,202611,final_validation_catboost_trial_006
3842,202611,1,0.134299694084377,0,202611,final_validation_catboost_trial_006
3847,202611,1,0.120085961152615,0,202611,final_validation_catboost_trial_006
3848,202611,0,0.173613012584935,0,202611,final_validation_catboost_trial_006
3863,202611,0,0.163752481210332,0,202611,final_validation_catboost_trial_006
3869,202611,0,0.126508393858053,0,202611,final_validation_catboost_trial_006
3875,202611,0,0.123191323096431,0,202611,final_validation_catboost_trial_006
3876,202611,1,0.153433544522512,0,202611,final_validation_catboost_trial_006
3877,202611,0,0.234209443780999,0,202611,final_validation_catboost_trial_006
3878,202611,0,0.134719031731215,0,202611,final_validation_catboost_trial_006
3879,202611,0,0.150136853563748,0,202611,final_validation_catboost_trial_006
3881,202611,0,0.180727174499185,0,202611,final_validation_catboost_trial_006
3882,202611,0,0.0543618998839939,0,202611,final_validation_catboost_trial_006
3887,202611,0,0.1274967110943,0,202611,final_validation_catboost_trial_006
3890,202611,0,0.120825254520483,0,202611,final_validation_catboost_trial_006
3897,202611,1,0.12251696295759,0,202611,final_validation_catboost_trial_006
3904,202611,0,0.0419013142734999,0,202611,final_validation_catboost_trial_006
3905,202611,0,0.259895442598207,0,202611,final_validation_catboost_trial_006
3908,202611,0,0.139810534922744,0,202611,final_validation_catboost_trial_006
3917,202611,0,0.178440678923872,0,202611,final_validation_catboost_trial_006
3927,202611,0,0.150355667861013,0,202611,final_validation_catboost_trial_006
3931,202611,0,0.172036501533325,0,202611,final_validation_catboost_trial_006
3938,202611,0,0.163905101058151,0,202611,final_validation_catboost_trial_006
3944,202611,0,0.170225890796597,0,202611,final_validation_catboost_trial_006
3947,202611,0,0.115825443047128,0,202611,final_validation_catboost_trial_006
3950,202611,0,0.143735344914583,0,202611,final_validation_catboost_trial_006
3971,202611,0,0.117620268122534,0,202611,final_validation_catboost_trial_006
3982,202611,0,0.079321899136465,0,202611,final_validation_catboost_trial_006
3988,202611,1,0.232294690250167,0,202611,final_validation_catboost_trial_006
3991,202611,0,0.0417513598184366,0,202611,final_validation_catboost_trial_006
3992,202611,0,0.135062519991127,0,202611,final_validation_catboost_trial_006
3997,202611,0,0.110504051302453,0,202611,final_validation_catboost_trial_006
4005,202611,0,0.0622980214005459,0,202611,final_validation_catboost_trial_006
4008,202611,0,0.115959510691183,0,202611,final_validation_catboost_trial_006
4016,202611,0,0.0618193991001642,0,202611,final_validation_catboost_trial_006
4018,202611,0,0.145576558054402,0,202611,final_validation_catboost_trial_006
4020,202611,0,0.168159543667328,0,202611,final_validation_catboost_trial_006
4027,202611,0,0.0762767445212882,0,202611,final_validation_catboost_trial_006
4038,202611,0,0.115023048912534,0,202611,final_validation_catboost_trial_006
4044,202611,1,0.142488347815798,0,202611,final_validation_catboost_trial_006
4045,202611,0,0.114501853134398,0,202611,final_validation_catboost_trial_006
4048,202611,0,0.141201608052637,0,202611,final_validation_catboost_trial_006
4051,202611,0,0.10696921405758,0,202611,final_validation_catboost_trial_006
4054,202611,0,0.151152452042977,0,202611,final_validation_catboost_trial_006
4055,202611,0,0.123922752365125,0,202611,final_validation_catboost_trial_006
4065,202611,0,0.112783633574476,0,202611,final_validation_catboost_trial_006
4066,202611,0,0.128800809131689,0,202611,final_validation_catboost_trial_006
4067,202611,1,0.0896176845878385,0,202611,final_validation_catboost_trial_006
4073,202611,0,0.102317187780296,0,202611,final_validation_catboost_trial_006
4079,202611,0,0.0606620927068133,0,202611,final_validation_catboost_trial_006
4084,202611,0,0.117515734064785,0,202611,final_validation_catboost_trial_006
4087,202611,0,0.194001417248818,0,202611,final_validation_catboost_trial_006
4089,202611,0,0.0549946087746015,0,202611,final_validation_catboost_trial_006
4091,202611,0,0.238949924234964,0,202611,final_validation_catboost_trial_006
4092,202611,0,0.113783415171812,0,202611,final_validation_catboost_trial_006
4102,202611,0,0.250813424145689,0,202611,final_validation_catboost_trial_006
4108,202611,0,0.180238717505899,0,202611,final_validation_catboost_trial_006
4113,202611,0,0.179077975057586,0,202611,final_validation_catboost_trial_006
4116,202611,0,0.167536376054306,0,202611,final_validation_catboost_trial_006
4117,202611,0,0.0505575322705391,0,202611,final_validation_catboost_trial_006
4122,202611,1,0.052656965263708,0,202611,final_validation_catboost_trial_006
4124,202611,0,0.143474487856567,0,202611,final_validation_catboost_trial_006
4125,202611,0,0.131432084690195,0,202611,final_validation_catboost_trial_006
4128,202611,0,0.143695113593975,0,202611,final_validation_catboost_trial_006
4129,202611,0,0.144988668924925,0,202611,final_validation_catboost_trial_006
4130,202611,0,0.138254234019275,0,202611,final_validation_catboost_trial_006
4134,202611,0,0.142890568088516,0,202611,final_validation_catboost_trial_006
4141,202611,1,0.143400762078442,0,202611,final_validation_catboost_trial_006
4142,202611,1,0.119379482600209,0,202611,final_validation_catboost_trial_006
4144,202611,0,0.133718836737708,0,202611,final_validation_catboost_trial_006
4147,202611,0,0.225274305139939,0,202611,final_validation_catboost_trial_006
4150,202611,0,0.0599332255841397,0,202611,final_validation_catboost_trial_006
4158,202611,0,0.155173196614663,0,202611,final_validation_catboost_trial_006
4162,202611,0,0.142581750076462,0,202611,final_validation_catboost_trial_006
4163,202611,0,0.112388017872962,0,202611,final_validation_catboost_trial_006
4166,202611,0,0.042597187083505,0,202611,final_validation_catboost_trial_006
4167,202611,0,0.130389100827904,0,202611,final_validation_catboost_trial_006
4168,202611,0,0.126690126620896,0,202611,final_validation_catboost_trial_006
4175,202611,0,0.0449849471819567,0,202611,final_validation_catboost_trial_006
4179,202611,0,0.0780503417639906,0,202611,final_validation_catboost_trial_006
4180,202611,0,0.148157022356409,0,202611,final_validation_catboost_trial_006
4189,202611,0,0.13970198985762,0,202611,final_validation_catboost_trial_006
4192,202611,0,0.1722199816465,0,202611,final_validation_catboost_trial_006
4195,202611,0,0.144516848246762,0,202611,final_validation_catboost_trial_006
4197,202611,0,0.152648527153613,0,202611,final_validation_catboost_trial_006
4198,202611,0,0.140809352456886,0,202611,final_validation_catboost_trial_006
4202,202611,0,0.116604713444661,0,202611,final_validation_catboost_trial_006
4208,202611,0,0.131098141640384,0,202611,final_validation_catboost_trial_006
4222,202611,0,0.153619110409378,0,202611,final_validation_catboost_trial_006
4225,202611,0,0.0411951629109458,0,202611,final_validation_catboost_trial_006
4227,202611,0,0.137736770392153,0,202611,final_validation_catboost_trial_006
4229,202611,0,0.124644813741607,0,202611,final_validation_catboost_trial_006
4230,202611,0,0.134257516416251,0,202611,final_validation_catboost_trial_006
4234,202611,1,0.144340744639968,0,202611,final_validation_catboost_trial_006
4236,202611,1,0.148581373143351,0,202611,final_validation_catboost_trial_006
4244,202611,0,0.214140558415668,0,202611,final_validation_catboost_trial_006
4247,202611,0,0.128790729395247,0,202611,final_validation_catboost_trial_006
4249,202611,0,0.137041954912443,0,202611,final_validation_catboost_trial_006
4258,202611,0,0.126157396588107,0,202611,final_validation_catboost_trial_006
4266,202611,0,0.180358152645919,0,202611,final_validation_catboost_trial_006
4283,202611,0,0.0913981586000421,0,202611,final_validation_catboost_trial_006
4286,202611,0,0.0979623532420361,0,202611,final_validation_catboost_trial_006
4287,202611,0,0.136863253985963,0,202611,final_validation_catboost_trial_006
4289,202611,0,0.102368817663544,0,202611,final_validation_catboost_trial_006
4291,202611,0,0.15997512915353,0,202611,final_validation_catboost_trial_006
4292,202611,0,0.14086662439347,0,202611,final_validation_catboost_trial_006
4295,202611,1,0.147925013830076,0,202611,final_validation_catboost_trial_006
4296,202611,0,0.061671642650658,0,202611,final_validation_catboost_trial_006
4309,202611,0,0.0444130833917275,0,202611,final_validation_catboost_trial_006
4323,202611,0,0.153137694874878,0,202611,final_validation_catboost_trial_006
4324,202611,0,0.140258572394955,0,202611,final_validation_catboost_trial_006
4327,202611,0,0.0959586938414294,0,202611,final_validation_catboost_trial_006
4328,202611,0,0.14074326118675,0,202611,final_validation_catboost_trial_006
4330,202611,0,0.0642271150848374,0,202611,final_validation_catboost_trial_006
4334,202611,0,0.0554477330682411,0,202611,final_validation_catboost_trial_006
4338,202611,0,0.0558815049942768,0,202611,final_validation_catboost_trial_006
4341,202611,0,0.144122284448632,0,202611,final_validation_catboost_trial_006
4343,202611,0,0.200241464921134,0,202611,final_validation_catboost_trial_006
4349,202611,0,0.0620637209373191,0,202611,final_validation_catboost_trial_006
4366,202611,0,0.114651043061645,0,202611,final_validation_catboost_trial_006
4367,202611,0,0.0637510663078268,0,202611,final_validation_catboost_trial_006
4373,202611,0,0.098584655034854,0,202611,final_validation_catboost_trial_006
4374,202611,0,0.205705499553831,0,202611,final_validation_catboost_trial_006
4377,202611,1,0.1563935207672,0,202611,final_validation_catboost_trial_006
4384,202611,0,0.141953193716028,0,202611,final_validation_catboost_trial_006
4390,202611,0,0.119996060618477,0,202611,final_validation_catboost_trial_006
4403,202611,0,0.138131902799738,0,202611,final_validation_catboost_trial_006
4409,202611,0,0.0931174614667079,0,202611,final_validation_catboost_trial_006
4410,202611,1,0.152911580059513,0,202611,final_validation_catboost_trial_006
4419,202611,0,0.158245526560563,0,202611,final_validation_catboost_trial_006
4427,202611,0,0.0980448048012695,0,202611,final_validation_catboost_trial_006
4428,202611,0,0.150016775279221,0,202611,final_validation_catboost_trial_006
4429,202611,0,0.138952321841607,0,202611,final_validation_catboost_trial_006
4430,202611,0,0.043669230910937,0,202611,final_validation_catboost_trial_006
4431,202611,0,0.123207248196953,0,202611,final_validation_catboost_trial_006
4433,202611,0,0.0592907782670848,0,202611,final_validation_catboost_trial_006
4434,202611,0,0.147866400244762,0,202611,final_validation_catboost_trial_006
4442,202611,0,0.0470884343485871,0,202611,final_validation_catboost_trial_006
4444,202611,0,0.107194817150237,0,202611,final_validation_catboost_trial_006
4453,202611,1,0.167361320345938,0,202611,final_validation_catboost_trial_006
4456,202611,0,0.0778163550898665,0,202611,final_validation_catboost_trial_006
4457,202611,0,0.13167760895978,0,202611,final_validation_catboost_trial_006
4459,202611,0,0.125690463225967,0,202611,final_validation_catboost_trial_006
4463,202611,0,0.141353259717476,0,202611,final_validation_catboost_trial_006
4465,202611,0,0.151471311906458,0,202611,final_validation_catboost_trial_006
4466,202611,0,0.0699448851504784,0,202611,final_validation_catboost_trial_006
4469,202611,0,0.0846322867464855,0,202611,final_validation_catboost_trial_006
4485,202611,1,0.225715543668104,0,202611,final_validation_catboost_trial_006
4486,202611,0,0.118316982735952,0,202611,final_validation_catboost_trial_006
4488,202611,0,0.137078494964751,0,202611,final_validation_catboost_trial_006
4490,202611,0,0.122012491307198,0,202611,final_validation_catboost_trial_006
4492,202611,0,0.146643094197514,0,202611,final_validation_catboost_trial_006
4498,202611,1,0.121850171320684,0,202611,final_validation_catboost_trial_006
4500,202611,0,0.0677138511324099,0,202611,final_validation_catboost_trial_006
4502,202611,0,0.154509865163615,0,202611,final_validation_catboost_trial_006
4507,202611,0,0.148973449837837,0,202611,final_validation_catboost_trial_006
4511,202611,0,0.130777035197875,0,202611,final_validation_catboost_trial_006
4512,202611,0,0.110742729311512,0,202611,final_validation_catboost_trial_006
4516,202611,0,0.135201432703317,0,202611,final_validation_catboost_trial_006
4520,202611,0,0.111163049162688,0,202611,final_validation_catboost_trial_006
4524,202611,1,0.13973654756477,0,202611,final_validation_catboost_trial_006
4536,202611,0,0.100806371659325,0,202611,final_validation_catboost_trial_006
4538,202611,0,0.0547277696058499,0,202611,final_validation_catboost_trial_006
4549,202611,0,0.0626858839741955,0,202611,final_validation_catboost_trial_006
4550,202611,1,0.0516668988029674,0,202611,final_validation_catboost_trial_006
4554,202611,0,0.135367425837097,0,202611,final_validation_catboost_trial_006
4561,202611,0,0.143037022915759,0,202611,final_validation_catboost_trial_006
4564,202611,0,0.109588645410702,0,202611,final_validation_catboost_trial_006
4566,202611,0,0.139328012389093,0,202611,final_validation_catboost_trial_006
4568,202611,0,0.161509265654903,0,202611,final_validation_catboost_trial_006
4579,202611,1,0.135855118212979,0,202611,final_validation_catboost_trial_006
4580,202611,0,0.150749246611899,0,202611,final_validation_catboost_trial_006
4586,202611,0,0.057754581216633,0,202611,final_validation_catboost_trial_006
4594,202611,0,0.136721302159872,0,202611,final_validation_catboost_trial_006
4598,202611,0,0.120555657219028,0,202611,final_validation_catboost_trial_006
4602,202611,0,0.126073641269594,0,202611,final_validation_catboost_trial_006
4609,202611,0,0.174746800092827,0,202611,final_validation_catboost_trial_006
4610,202611,0,0.114490521612354,0,202611,final_validation_catboost_trial_006
4611,202611,0,0.117161602398193,0,202611,final_validation_catboost_trial_006
4619,202611,0,0.165811753195155,0,202611,final_validation_catboost_trial_006
4624,202611,0,0.165373415946642,0,202611,final_validation_catboost_trial_006
4627,202611,0,0.136351092053121,0,202611,final_validation_catboost_trial_006
4628,202611,1,0.119567519438012,0,202611,final_validation_catboost_trial_006
4631,202611,0,0.108429395151362,0,202611,final_validation_catboost_trial_006
4632,202611,0,0.152005869573338,0,202611,final_validation_catboost_trial_006
4634,202611,1,0.13961882775474,0,202611,final_validation_catboost_trial_006
4635,202611,0,0.0680504897244853,0,202611,final_validation_catboost_trial_006
4637,202611,0,0.148867968086073,0,202611,final_validation_catboost_trial_006
4641,202611,0,0.151185446696787,0,202611,final_validation_catboost_trial_006
4643,202611,0,0.0696100096223138,0,202611,final_validation_catboost_trial_006
4660,202611,0,0.0404174227013673,0,202611,final_validation_catboost_trial_006
4665,202611,0,0.156409259295533,0,202611,final_validation_catboost_trial_006
4667,202611,0,0.0561017329610865,0,202611,final_validation_catboost_trial_006
4668,202611,0,0.13796346935823,0,202611,final_validation_catboost_trial_006
4670,202611,0,0.149535327727551,0,202611,final_validation_catboost_trial_006
4674,202611,0,0.0518228832479443,0,202611,final_validation_catboost_trial_006
4676,202611,0,0.131519891849261,0,202611,final_validation_catboost_trial_006
4683,202611,0,0.186147445956573,0,202611,final_validation_catboost_trial_006
4684,202611,0,0.0615460737551825,0,202611,final_validation_catboost_trial_006
4687,202611,0,0.134154583532256,0,202611,final_validation_catboost_trial_006
4694,202611,1,0.143923784968216,0,202611,final_validation_catboost_trial_006
4704,202611,0,0.136811803887992,0,202611,final_validation_catboost_trial_006
4706,202611,0,0.139546265183851,0,202611,final_validation_catboost_trial_006
4732,202611,0,0.1371188297054,0,202611,final_validation_catboost_trial_006
4734,202611,0,0.16509791129322,0,202611,final_validation_catboost_trial_006
4735,202611,0,0.131008517238287,0,202611,final_validation_catboost_trial_006
4744,202611,0,0.0625710063541731,0,202611,final_validation_catboost_trial_006
4755,202611,0,0.108900628140445,0,202611,final_validation_catboost_trial_006
4756,202611,1,0.133448778701956,0,202611,final_validation_catboost_trial_006
4759,202611,0,0.0592686192563105,0,202611,final_validation_catboost_trial_006
4762,202611,0,0.0633837285346917,0,202611,final_validation_catboost_trial_006
4763,202611,1,0.108406496378859,0,202611,final_validation_catboost_trial_006
4765,202611,0,0.157005603436791,0,202611,final_validation_catboost_trial_006
4767,202611,0,0.142131588962513,0,202611,final_validation_catboost_trial_006
4770,202611,1,0.126674858555394,0,202611,final_validation_catboost_trial_006
4775,202611,0,0.132624756357152,0,202611,final_validation_catboost_trial_006
4780,202611,0,0.163938970803185,0,202611,final_validation_catboost_trial_006
4788,202611,1,0.167449396716425,0,202611,final_validation_catboost_trial_006
4789,202611,0,0.122226145108813,0,202611,final_validation_catboost_trial_006
4792,202611,1,0.0590116947254174,0,202611,final_validation_catboost_trial_006
4794,202611,0,0.150758263037159,0,202611,final_validation_catboost_trial_006
4795,202611,0,0.117974636951041,0,202611,final_validation_catboost_trial_006
4797,202611,0,0.133038494483805,0,202611,final_validation_catboost_trial_006
4803,202611,0,0.0553357420720472,0,202611,final_validation_catboost_trial_006
4805,202611,1,0.144373431427527,0,202611,final_validation_catboost_trial_006
4810,202611,0,0.158784419515184,0,202611,final_validation_catboost_trial_006
4812,202611,0,0.169254235731741,0,202611,final_validation_catboost_trial_006
4814,202611,0,0.122312397606102,0,202611,final_validation_catboost_trial_006
4818,202611,0,0.118233596081719,0,202611,final_validation_catboost_trial_006
4820,202611,0,0.0640891827171804,0,202611,final_validation_catboost_trial_006
4822,202611,0,0.141478834079606,0,202611,final_validation_catboost_trial_006
4827,202611,0,0.102648166114539,0,202611,final_validation_catboost_trial_006
4828,202611,0,0.0688250234555477,0,202611,final_validation_catboost_trial_006
4831,202611,0,0.0457391925970477,0,202611,final_validation_catboost_trial_006
4839,202611,0,0.152070976738142,0,202611,final_validation_catboost_trial_006
4841,202611,0,0.115272883411373,0,202611,final_validation_catboost_trial_006
4842,202611,0,0.0490920325158344,0,202611,final_validation_catboost_trial_006
4844,202611,0,0.132956306085302,0,202611,final_validation_catboost_trial_006
4852,202611,0,0.0549971086829383,0,202611,final_validation_catboost_trial_006
4861,202611,0,0.0826824259848531,0,202611,final_validation_catboost_trial_006
4863,202611,0,0.23939401842421,0,202611,final_validation_catboost_trial_006
4868,202611,1,0.130348349602303,0,202611,final_validation_catboost_trial_006
4878,202611,0,0.128152685853494,0,202611,final_validation_catboost_trial_006
4881,202611,0,0.10943561658613,0,202611,final_validation_catboost_trial_006
4883,202611,0,0.171662661455953,0,202611,final_validation_catboost_trial_006
4884,202611,0,0.139619921014187,0,202611,final_validation_catboost_trial_006
4890,202611,0,0.129673951010977,0,202611,final_validation_catboost_trial_006
4894,202611,0,0.0399749148454794,0,202611,final_validation_catboost_trial_006
4895,202611,0,0.171485899528281,0,202611,final_validation_catboost_trial_006
4898,202611,0,0.118006651650463,0,202611,final_validation_catboost_trial_006
4899,202611,0,0.0515348846855826,0,202611,final_validation_catboost_trial_006
4900,202611,1,0.117821089941605,0,202611,final_validation_catboost_trial_006
4901,202611,0,0.0724303100812837,0,202611,final_validation_catboost_trial_006
4902,202611,0,0.0439480289652525,0,202611,final_validation_catboost_trial_006
4912,202611,1,0.123668218128249,0,202611,final_validation_catboost_trial_006
4918,202611,1,0.12185166131877,0,202611,final_validation_catboost_trial_006
4919,202611,0,0.115512746591627,0,202611,final_validation_catboost_trial_006
4934,202611,0,0.067430979407099,0,202611,final_validation_catboost_trial_006
4937,202611,0,0.119767196818322,0,202611,final_validation_catboost_trial_006
4939,202611,0,0.0551920955108929,0,202611,final_validation_catboost_trial_006
4941,202611,1,0.12788542277167,0,202611,final_validation_catboost_trial_006
4945,202611,0,0.0624328304434165,0,202611,final_validation_catboost_trial_006
4950,202611,1,0.0523486563673862,0,202611,final_validation_catboost_trial_006
4952,202611,0,0.102301610986195,0,202611,final_validation_catboost_trial_006
4953,202611,0,0.137390623402961,0,202611,final_validation_catboost_trial_006
4954,202611,0,0.131368023602778,0,202611,final_validation_catboost_trial_006
4955,202611,0,0.126938452602062,0,202611,final_validation_catboost_trial_006
4956,202611,1,0.159244947100426,0,202611,final_validation_catboost_trial_006
4957,202611,1,0.154555124567297,0,202611,final_validation_catboost_trial_006
4967,202611,0,0.060546233767037,0,202611,final_validation_catboost_trial_006
4970,202611,0,0.147662080034785,0,202611,final_validation_catboost_trial_006
4971,202611,1,0.110200945045747,0,202611,final_validation_catboost_trial_006
4979,202611,0,0.127749527882369,0,202611,final_validation_catboost_trial_006
4983,202611,0,0.125043673524042,0,202611,final_validation_catboost_trial_006
4989,202611,0,0.114203672462557,0,202611,final_validation_catboost_trial_006
4995,202611,0,0.134178627719496,0,202611,final_validation_catboost_trial_006
5002,202611,1,0.104539090026109,0,202611,final_validation_catboost_trial_006
5004,202611,0,0.16188009623038,0,202611,final_validation_catboost_trial_006
5007,202611,0,0.144693856884904,0,202611,final_validation_catboost_trial_006
5009,202611,0,0.0561683749287269,0,202611,final_validation_catboost_trial_006
5010,202611,0,0.115651591826722,0,202611,final_validation_catboost_trial_006
5016,202611,0,0.144278580854946,0,202611,final_validation_catboost_trial_006
5033,202611,0,0.0553408401901003,0,202611,final_validation_catboost_trial_006
5038,202611,0,0.0394599295748631,0,202611,final_validation_catboost_trial_006
5041,202611,1,0.138378862734404,0,202611,final_validation_catboost_trial_006
5045,202611,0,0.0886604002113576,0,202611,final_validation_catboost_trial_006
5049,202611,0,0.0533497488447693,0,202611,final_validation_catboost_trial_006
5050,202611,1,0.147008157740614,0,202611,final_validation_catboost_trial_006
5051,202611,0,0.0565894321778274,0,202611,final_validation_catboost_trial_006
5055,202611,0,0.122583488682887,0,202611,final_validation_catboost_trial_006
5058,202611,0,0.0637781023764353,0,202611,final_validation_catboost_trial_006
5059,202611,0,0.0584085253911207,0,202611,final_validation_catboost_trial_006
5072,202611,1,0.124500498846261,0,202611,final_validation_catboost_trial_006
5073,202611,0,0.156129570602865,0,202611,final_validation_catboost_trial_006
5074,202611,0,0.225144215211495,0,202611,final_validation_catboost_trial_006
5076,202611,0,0.129602987796121,0,202611,final_validation_catboost_trial_006
5078,202611,0,0.0646970210525673,0,202611,final_validation_catboost_trial_006
5081,202611,0,0.123050926119739,0,202611,final_validation_catboost_trial_006
5082,202611,0,0.130148526232473,0,202611,final_validation_catboost_trial_006
5084,202611,0,0.037834170781297,0,202611,final_validation_catboost_trial_006
5092,202611,1,0.146481033435218,0,202611,final_validation_catboost_trial_006
5105,202611,0,0.136226189003648,0,202611,final_validation_catboost_trial_006
5107,202611,0,0.148086320795596,0,202611,final_validation_catboost_trial_006
5111,202611,0,0.0849426402723542,0,202611,final_validation_catboost_trial_006
5120,202611,0,0.0432221817286148,0,202611,final_validation_catboost_trial_006
5121,202611,0,0.110919857500268,0,202611,final_validation_catboost_trial_006
5123,202611,0,0.145454597651842,0,202611,final_validation_catboost_trial_006
5141,202611,0,0.125397672541825,0,202611,final_validation_catboost_trial_006
5144,202611,0,0.146547921017148,0,202611,final_validation_catboost_trial_006
5147,202611,0,0.141074258313468,0,202611,final_validation_catboost_trial_006
5149,202611,0,0.0400500684753672,0,202611,final_validation_catboost_trial_006
5152,202611,0,0.044156991951128,0,202611,final_validation_catboost_trial_006
5160,202611,0,0.133921918137422,0,202611,final_validation_catboost_trial_006
5170,202611,0,0.142751792773704,0,202611,final_validation_catboost_trial_006
5171,202611,0,0.158813875558476,0,202611,final_validation_catboost_trial_006
5176,202611,0,0.170307913850607,0,202611,final_validation_catboost_trial_006
5178,202611,0,0.191156896082846,0,202611,final_validation_catboost_trial_006
5189,202611,1,0.149123090154636,0,202611,final_validation_catboost_trial_006
5192,202611,0,0.0546967186579166,0,202611,final_validation_catboost_trial_006
5195,202611,0,0.0810169640549828,0,202611,final_validation_catboost_trial_006
5204,202611,0,0.134088202565897,0,202611,final_validation_catboost_trial_006
5208,202611,0,0.137904869941028,0,202611,final_validation_catboost_trial_006
5211,202611,0,0.0974517925057798,0,202611,final_validation_catboost_trial_006
5216,202611,0,0.0489659231849803,0,202611,final_validation_catboost_trial_006
5217,202611,0,0.117815799927565,0,202611,final_validation_catboost_trial_006
5222,202611,1,0.214793141958357,0,202611,final_validation_catboost_trial_006
5225,202611,0,0.145226702014131,0,202611,final_validation_catboost_trial_006
5228,202611,0,0.165133832319693,0,202611,final_validation_catboost_trial_006
5239,202611,0,0.0437046767794027,0,202611,final_validation_catboost_trial_006
5241,202611,0,0.0688507302869495,0,202611,final_validation_catboost_trial_006
5242,202611,1,0.184148693718193,0,202611,final_validation_catboost_trial_006
5243,202611,0,0.13663756128614,0,202611,final_validation_catboost_trial_006
5246,202611,0,0.145690596547845,0,202611,final_validation_catboost_trial_006
5247,202611,0,0.176842393126085,0,202611,final_validation_catboost_trial_006
5248,202611,1,0.146126700370936,0,202611,final_validation_catboost_trial_006
5249,202611,0,0.0583233565493579,0,202611,final_validation_catboost_trial_006
5251,202611,0,0.193276442283482,0,202611,final_validation_catboost_trial_006
5255,202611,0,0.155897799692075,0,202611,final_validation_catboost_trial_006
5257,202611,0,0.16131831392883,0,202611,final_validation_catboost_trial_006
5259,202611,0,0.0924743178204789,0,202611,final_validation_catboost_trial_006
5260,202611,0,0.146264746910315,0,202611,final_validation_catboost_trial_006
5269,202611,0,0.152883293487898,0,202611,final_validation_catboost_trial_006
5273,202611,1,0.0643614179469644,0,202611,final_validation_catboost_trial_006
5281,202611,0,0.13681217077669,0,202611,final_validation_catboost_trial_006
5284,202611,0,0.173455807679788,0,202611,final_validation_catboost_trial_006
5286,202611,0,0.0819665343624157,0,202611,final_validation_catboost_trial_006
5292,202611,0,0.0704539962953389,0,202611,final_validation_catboost_trial_006
5293,202611,0,0.12545602952391,0,202611,final_validation_catboost_trial_006
5299,202611,0,0.124757274054063,0,202611,final_validation_catboost_trial_006
5301,202611,0,0.124286917760348,0,202611,final_validation_catboost_trial_006
5303,202611,0,0.108566530326216,0,202611,final_validation_catboost_trial_006
5305,202611,0,0.132542422900193,0,202611,final_validation_catboost_trial_006
5315,202611,1,0.132220011614633,0,202611,final_validation_catboost_trial_006
5319,202611,0,0.0789897071376569,0,202611,final_validation_catboost_trial_006
5325,202611,0,0.0607359452191756,0,202611,final_validation_catboost_trial_006
5331,202611,0,0.12411961148916,0,202611,final_validation_catboost_trial_006
5333,202611,0,0.0952894259599028,0,202611,final_validation_catboost_trial_006
5335,202611,0,0.136587432311342,0,202611,final_validation_catboost_trial_006
5339,202611,0,0.098409265397767,0,202611,final_validation_catboost_trial_006
5340,202611,0,0.117526003087041,0,202611,final_validation_catboost_trial_006
5341,202611,0,0.12005153656118,0,202611,final_validation_catboost_trial_006
5343,202611,0,0.0913730542393946,0,202611,final_validation_catboost_trial_006
5347,202611,0,0.184242686756474,0,202611,final_validation_catboost_trial_006
5353,202611,0,0.129777615957844,0,202611,final_validation_catboost_trial_006
5355,202611,0,0.12103600981724,0,202611,final_validation_catboost_trial_006
5359,202611,1,0.160260252702402,0,202611,final_validation_catboost_trial_006
5363,202611,0,0.141495070953677,0,202611,final_validation_catboost_trial_006
5365,202611,0,0.135959369409191,0,202611,final_validation_catboost_trial_006
5373,202611,0,0.11345180280311,0,202611,final_validation_catboost_trial_006
5377,202611,0,0.148139515757624,0,202611,final_validation_catboost_trial_006
5379,202611,0,0.0632365891376231,0,202611,final_validation_catboost_trial_006
5385,202611,0,0.145308972389042,0,202611,final_validation_catboost_trial_006
5386,202611,0,0.0565003293945002,0,202611,final_validation_catboost_trial_006
5387,202611,0,0.140408925592181,0,202611,final_validation_catboost_trial_006
5389,202611,0,0.0456835159782919,0,202611,final_validation_catboost_trial_006
5390,202611,0,0.077780348158996,0,202611,final_validation_catboost_trial_006
5396,202611,0,0.0678395898591935,0,202611,final_validation_catboost_trial_006
5397,202611,0,0.0450823465320228,0,202611,final_validation_catboost_trial_006
5404,202611,0,0.12801521696637,0,202611,final_validation_catboost_trial_006
5407,202611,0,0.138759613901546,0,202611,final_validation_catboost_trial_006
5410,202611,0,0.0364732597012249,0,202611,final_validation_catboost_trial_006
5411,202611,0,0.0643960115503128,0,202611,final_validation_catboost_trial_006
5412,202611,0,0.123868285574405,0,202611,final_validation_catboost_trial_006
5413,202611,0,0.0527559009388528,0,202611,final_validation_catboost_trial_006
5417,202611,1,0.155607768949422,0,202611,final_validation_catboost_trial_006
5418,202611,0,0.147340250430029,0,202611,final_validation_catboost_trial_006
5424,202611,0,0.124868551427919,0,202611,final_validation_catboost_trial_006
5425,202611,1,0.210289654917883,0,202611,final_validation_catboost_trial_006
5427,202611,0,0.172378393799671,0,202611,final_validation_catboost_trial_006
5428,202611,0,0.127939561168785,0,202611,final_validation_catboost_trial_006
5429,202611,1,0.161912784033108,0,202611,final_validation_catboost_trial_006
5433,202611,0,0.148435419990482,0,202611,final_validation_catboost_trial_006
5434,202611,1,0.0679556931687357,0,202611,final_validation_catboost_trial_006
5440,202611,1,0.143836782829483,0,202611,final_validation_catboost_trial_006
5441,202611,0,0.147815582962204,0,202611,final_validation_catboost_trial_006
5448,202611,0,0.123692834630966,0,202611,final_validation_catboost_trial_006
5456,202611,0,0.145371168743772,0,202611,final_validation_catboost_trial_006
5460,202611,0,0.051553659596054,0,202611,final_validation_catboost_trial_006
5465,202611,0,0.16005217131951,0,202611,final_validation_catboost_trial_006
5468,202611,0,0.0605626427294644,0,202611,final_validation_catboost_trial_006
5470,202611,0,0.145081559426054,0,202611,final_validation_catboost_trial_006
5475,202611,0,0.125713076006074,0,202611,final_validation_catboost_trial_006
5487,202611,0,0.158973611793588,0,202611,final_validation_catboost_trial_006
5501,202611,0,0.0591651972230979,0,202611,final_validation_catboost_trial_006
5504,202611,0,0.127110093562682,0,202611,final_validation_catboost_trial_006
5508,202611,0,0.134877918792695,0,202611,final_validation_catboost_trial_006
5510,202611,0,0.0993377629684764,0,202611,final_validation_catboost_trial_006
5514,202611,0,0.0559422541120285,0,202611,final_validation_catboost_trial_006
5528,202611,0,0.144723312001668,0,202611,final_validation_catboost_trial_006
5540,202611,0,0.117919320641158,0,202611,final_validation_catboost_trial_006
5543,202611,0,0.115257731868472,0,202611,final_validation_catboost_trial_006
5545,202611,0,0.114783399571182,0,202611,final_validation_catboost_trial_006
5546,202611,0,0.128674628160713,0,202611,final_validation_catboost_trial_006
5548,202611,0,0.0684023340010119,0,202611,final_validation_catboost_trial_006
5551,202611,0,0.248361741816853,0,202611,final_validation_catboost_trial_006
5553,202611,0,0.137667753362474,0,202611,final_validation_catboost_trial_006
5556,202611,0,0.138407390620024,0,202611,final_validation_catboost_trial_006
5560,202611,0,0.139881983784211,0,202611,final_validation_catboost_trial_006
5563,202611,0,0.144238863050709,0,202611,final_validation_catboost_trial_006
5569,202611,0,0.0442847147677383,0,202611,final_validation_catboost_trial_006
5572,202611,0,0.0583082452408375,0,202611,final_validation_catboost_trial_006
5576,202611,0,0.065950141642786,0,202611,final_validation_catboost_trial_006
5582,202611,0,0.12762868071308,0,202611,final_validation_catboost_trial_006
5586,202611,0,0.0624680912960974,0,202611,final_validation_catboost_trial_006
5598,202611,0,0.0588877106685183,0,202611,final_validation_catboost_trial_006
5605,202611,0,0.130884200639333,0,202611,final_validation_catboost_trial_006
5608,202611,0,0.153386969716234,0,202611,final_validation_catboost_trial_006
5609,202611,1,0.164845019337922,0,202611,final_validation_catboost_trial_006
5610,202611,0,0.127931130367288,0,202611,final_validation_catboost_trial_006
5622,202611,0,0.0709185506003518,0,202611,final_validation_catboost_trial_006
5628,202611,0,0.14311914317502,0,202611,final_validation_catboost_trial_006
5632,202611,0,0.131308930099683,0,202611,final_validation_catboost_trial_006
5635,202611,1,0.126176451598796,0,202611,final_validation_catboost_trial_006
5640,202611,0,0.0579235908951073,0,202611,final_validation_catboost_trial_006
5641,202611,0,0.0916532249377579,0,202611,final_validation_catboost_trial_006
5647,202611,0,0.0592028051636061,0,202611,final_validation_catboost_trial_006
5654,202611,0,0.18461418052171,0,202611,final_validation_catboost_trial_006
5662,202611,1,0.13830960162092,0,202611,final_validation_catboost_trial_006
5665,202611,0,0.151667928864088,0,202611,final_validation_catboost_trial_006
5667,202611,0,0.141311267418616,0,202611,final_validation_catboost_trial_006
5674,202611,0,0.0862535674695257,0,202611,final_validation_catboost_trial_006
5691,202611,0,0.144788415931604,0,202611,final_validation_catboost_trial_006
5694,202611,0,0.149238165318069,0,202611,final_validation_catboost_trial_006
5706,202611,0,0.144938911854767,0,202611,final_validation_catboost_trial_006
5708,202611,1,0.125647628378387,0,202611,final_validation_catboost_trial_006
5716,202611,0,0.0799659542394469,0,202611,final_validation_catboost_trial_006
5722,202611,0,0.0703813756166407,0,202611,final_validation_catboost_trial_006
5738,202611,0,0.137143055725313,0,202611,final_validation_catboost_trial_006
5745,202611,0,0.128966300145838,0,202611,final_validation_catboost_trial_006
5746,202611,0,0.111269858561092,0,202611,final_validation_catboost_trial_006
5755,202611,0,0.148378231606066,0,202611,final_validation_catboost_trial_006
5756,202611,0,0.0421763414770411,0,202611,final_validation_catboost_trial_006
5760,202611,0,0.14753719788976,0,202611,final_validation_catboost_trial_006
5761,202611,0,0.139163639495107,0,202611,final_validation_catboost_trial_006
5762,202611,0,0.069966739782728,0,202611,final_validation_catboost_trial_006
5763,202611,0,0.0506137124179553,0,202611,final_validation_catboost_trial_006
5765,202611,0,0.165212142368395,0,202611,final_validation_catboost_trial_006
5766,202611,1,0.144323208734975,0,202611,final_validation_catboost_trial_006
5773,202611,0,0.12838382340374,0,202611,final_validation_catboost_trial_006
5775,202611,1,0.139159350709908,0,202611,final_validation_catboost_trial_006
5781,202611,0,0.127255631732064,0,202611,final_validation_catboost_trial_006
5786,202611,0,0.146848159389754,0,202611,final_validation_catboost_trial_006
5789,202611,0,0.154573314204944,0,202611,final_validation_catboost_trial_006
5799,202611,1,0.135422898904898,0,202611,final_validation_catboost_trial_006
5802,202611,0,0.121339058803483,0,202611,final_validation_catboost_trial_006
5808,202611,0,0.143226187782667,0,202611,final_validation_catboost_trial_006
5811,202611,0,0.11751819030519,0,202611,final_validation_catboost_trial_006
5812,202611,0,0.223403855218546,0,202611,final_validation_catboost_trial_006
5813,202611,0,0.130984617292849,0,202611,final_validation_catboost_trial_006
5821,202611,0,0.145219775791112,0,202611,final_validation_catboost_trial_006
5829,202611,0,0.177915650885776,0,202611,final_validation_catboost_trial_006
5836,202611,1,0.126465536523038,0,202611,final_validation_catboost_trial_006
5838,202611,0,0.128302012519591,0,202611,final_validation_catboost_trial_006
5840,202611,1,0.146149983992301,0,202611,final_validation_catboost_trial_006
5842,202611,0,0.166588792198341,0,202611,final_validation_catboost_trial_006
5844,202611,1,0.15605457802443,0,202611,final_validation_catboost_trial_006
5861,202611,0,0.117391889539821,0,202611,final_validation_catboost_trial_006
5864,202611,0,0.136475740223652,0,202611,final_validation_catboost_trial_006
5865,202611,1,0.134350063680583,0,202611,final_validation_catboost_trial_006
5871,202611,0,0.146024332814465,0,202611,final_validation_catboost_trial_006
5875,202611,0,0.135852697677996,0,202611,final_validation_catboost_trial_006
5877,202611,1,0.0569833673354397,0,202611,final_validation_catboost_trial_006
5879,202611,0,0.161354166280674,0,202611,final_validation_catboost_trial_006
5881,202611,0,0.150013137350885,0,202611,final_validation_catboost_trial_006
5888,202611,1,0.207716142561184,0,202611,final_validation_catboost_trial_006
5891,202611,0,0.059419201035704,0,202611,final_validation_catboost_trial_006
5900,202611,1,0.147160883431222,0,202611,final_validation_catboost_trial_006
5903,202611,0,0.0461059229982261,0,202611,final_validation_catboost_trial_006
5909,202611,0,0.129375227449213,0,202611,final_validation_catboost_trial_006
5914,202611,0,0.186718392064281,0,202611,final_validation_catboost_trial_006
5918,202611,0,0.124736509891411,0,202611,final_validation_catboost_trial_006
5933,202611,0,0.0613452210847968,0,202611,final_validation_catboost_trial_006
5945,202611,0,0.0574812319484127,0,202611,final_validation_catboost_trial_006
5948,202611,0,0.0616311066828507,0,202611,final_validation_catboost_trial_006
5949,202611,0,0.0440816672620576,0,202611,final_validation_catboost_trial_006
5950,202611,0,0.147531066424555,0,202611,final_validation_catboost_trial_006
5952,202611,0,0.156125070117239,0,202611,final_validation_catboost_trial_006
5955,202611,0,0.165706653342783,0,202611,final_validation_catboost_trial_006
5959,202611,0,0.159361713860576,0,202611,final_validation_catboost_trial_006
5961,202611,0,0.137961807730578,0,202611,final_validation_catboost_trial_006
5964,202611,0,0.0596853715216397,0,202611,final_validation_catboost_trial_006
5966,202611,0,0.166380072192808,0,202611,final_validation_catboost_trial_006
5978,202611,0,0.115407841400522,0,202611,final_validation_catboost_trial_006
5980,202611,0,0.122343929497933,0,202611,final_validation_catboost_trial_006
5983,202611,0,0.153647411373377,0,202611,final_validation_catboost_trial_006
5985,202611,0,0.115619852233543,0,202611,final_validation_catboost_trial_006
5995,202611,0,0.140451293946393,0,202611,final_validation_catboost_trial_006
6009,202611,0,0.14896350287281,0,202611,final_validation_catboost_trial_006
6013,202611,1,0.265506535617934,0,202611,final_validation_catboost_trial_006
6016,202611,0,0.0802833743479394,0,202611,final_validation_catboost_trial_006
6021,202611,0,0.149384717709967,0,202611,final_validation_catboost_trial_006
6023,202611,0,0.128472477306503,0,202611,final_validation_catboost_trial_006
6029,202611,0,0.158062065829152,0,202611,final_validation_catboost_trial_006
6033,202611,0,0.140079386169864,0,202611,final_validation_catboost_trial_006
6036,202611,0,0.0454485666378694,0,202611,final_validation_catboost_trial_006
6039,202611,0,0.142058142291293,0,202611,final_validation_catboost_trial_006
6046,202611,0,0.184394478645067,0,202611,final_validation_catboost_trial_006
6047,202611,0,0.11399391195951,0,202611,final_validation_catboost_trial_006
6048,202611,1,0.125486340247933,0,202611,final_validation_catboost_trial_006
6050,202611,1,0.177349756410198,0,202611,final_validation_catboost_trial_006
6051,202611,0,0.116528269744634,0,202611,final_validation_catboost_trial_006
6054,202611,0,0.0583156574962221,0,202611,final_validation_catboost_trial_006
6061,202611,0,0.152205599108145,0,202611,final_validation_catboost_trial_006
6062,202611,1,0.057018054804975,0,202611,final_validation_catboost_trial_006
6065,202611,0,0.117166187191554,0,202611,final_validation_catboost_trial_006
6068,202611,0,0.0988525666407608,0,202611,final_validation_catboost_trial_006
6069,202611,0,0.209716076779697,0,202611,final_validation_catboost_trial_006
6070,202611,0,0.167552847705068,0,202611,final_validation_catboost_trial_006
6072,202611,0,0.0861811713508428,0,202611,final_validation_catboost_trial_006
6076,202611,0,0.141696869811997,0,202611,final_validation_catboost_trial_006
6082,202611,0,0.0696507845400624,0,202611,final_validation_catboost_trial_006
6104,202611,0,0.147285517279799,0,202611,final_validation_catboost_trial_006
6110,202611,0,0.130935481017194,0,202611,final_validation_catboost_trial_006
6122,202611,0,0.120309389762352,0,202611,final_validation_catboost_trial_006
6123,202611,0,0.159250540905409,0,202611,final_validation_catboost_trial_006
6126,202611,0,0.0514946531748851,0,202611,final_validation_catboost_trial_006
6128,202611,0,0.132389316697624,0,202611,final_validation_catboost_trial_006
6131,202611,0,0.062509409418098,0,202611,final_validation_catboost_trial_006
6139,202611,0,0.118149422674568,0,202611,final_validation_catboost_trial_006
6140,202611,0,0.147350329915835,0,202611,final_validation_catboost_trial_006
6142,202611,0,0.231576472000718,0,202611,final_validation_catboost_trial_006
6143,202611,0,0.0834913311240945,0,202611,final_validation_catboost_trial_006
6147,202611,0,0.153691092666405,0,202611,final_validation_catboost_trial_006
6152,202611,0,0.187587434574645,0,202611,final_validation_catboost_trial_006
6164,202611,0,0.132442009905335,0,202611,final_validation_catboost_trial_006
6171,202611,0,0.172634876006682,0,202611,final_validation_catboost_trial_006
6173,202611,0,0.135101952902291,0,202611,final_validation_catboost_trial_006
6175,202611,0,0.176056955611873,0,202611,final_validation_catboost_trial_006
6176,202611,0,0.0417182176834932,0,202611,final_validation_catboost_trial_006
6179,202611,0,0.144477268958668,0,202611,final_validation_catboost_trial_006
6181,202611,0,0.119072153265733,0,202611,final_validation_catboost_trial_006
6184,202611,1,0.0581395746739352,0,202611,final_validation_catboost_trial_006
6191,202611,0,0.0857859086515732,0,202611,final_validation_catboost_trial_006
6195,202611,1,0.22793061114539,0,202611,final_validation_catboost_trial_006
6200,202611,0,0.114026122210612,0,202611,final_validation_catboost_trial_006
6201,202611,0,0.15156785165679,0,202611,final_validation_catboost_trial_006
6206,202611,1,0.123362872402581,0,202611,final_validation_catboost_trial_006
6208,202611,0,0.170285840699807,0,202611,final_validation_catboost_trial_006
6219,202611,0,0.12925149103418,0,202611,final_validation_catboost_trial_006
6223,202611,0,0.065863622330224,0,202611,final_validation_catboost_trial_006
6224,202611,0,0.135541013343615,0,202611,final_validation_catboost_trial_006
6237,202611,0,0.0836119625104303,0,202611,final_validation_catboost_trial_006
6255,202611,0,0.117941147671726,0,202611,final_validation_catboost_trial_006
6264,202611,1,0.167926298959362,0,202611,final_validation_catboost_trial_006
6265,202611,0,0.145302740958207,0,202611,final_validation_catboost_trial_006
6273,202611,0,0.12447666976398,0,202611,final_validation_catboost_trial_006
6275,202611,1,0.160034440326829,0,202611,final_validation_catboost_trial_006
6279,202611,0,0.128157256188692,0,202611,final_validation_catboost_trial_006
6284,202611,0,0.143441438285689,0,202611,final_validation_catboost_trial_006
6295,202611,0,0.107098944173116,0,202611,final_validation_catboost_trial_006
6297,202611,1,0.0601711392311474,0,202611,final_validation_catboost_trial_006
6306,202611,0,0.0483607359161172,0,202611,final_validation_catboost_trial_006
6311,202611,0,0.227574320478478,0,202611,final_validation_catboost_trial_006
6327,202611,0,0.10748655613703,0,202611,final_validation_catboost_trial_006
6330,202611,0,0.124939428057389,0,202611,final_validation_catboost_trial_006
6338,202611,0,0.135625202152176,0,202611,final_validation_catboost_trial_006
6343,202611,0,0.160581672395296,0,202611,final_validation_catboost_trial_006
6345,202611,0,0.21324490443146,0,202611,final_validation_catboost_trial_006
6349,202611,1,0.235800503189687,0,202611,final_validation_catboost_trial_006
6351,202611,0,0.126582258292276,0,202611,final_validation_catboost_trial_006
6357,202611,0,0.0517811332387147,0,202611,final_validation_catboost_trial_006
6360,202611,0,0.126115496657184,0,202611,final_validation_catboost_trial_006
6389,202611,0,0.0681570097924428,0,202611,final_validation_catboost_trial_006
6392,202611,0,0.1412078974381,0,202611,final_validation_catboost_trial_006
6404,202611,0,0.129314599991898,0,202611,final_validation_catboost_trial_006
6406,202611,0,0.0542977032555021,0,202611,final_validation_catboost_trial_006
6407,202611,0,0.138749321170936,0,202611,final_validation_catboost_trial_006
6414,202611,0,0.0688600063517354,0,202611,final_validation_catboost_trial_006
6419,202611,0,0.141066495557906,0,202611,final_validation_catboost_trial_006
6425,202611,0,0.135268257339954,0,202611,final_validation_catboost_trial_006
6428,202611,0,0.0554843042270331,0,202611,final_validation_catboost_trial_006
6431,202611,0,0.146662255621039,0,202611,final_validation_catboost_trial_006
6435,202611,0,0.139971646658746,0,202611,final_validation_catboost_trial_006
6436,202611,0,0.064511917166518,0,202611,final_validation_catboost_trial_006
6440,202611,0,0.109851466515193,0,202611,final_validation_catboost_trial_006
6446,202611,0,0.143445185172124,0,202611,final_validation_catboost_trial_006
6459,202611,1,0.0556197706735189,0,202611,final_validation_catboost_trial_006
6465,202611,0,0.125188214304021,0,202611,final_validation_catboost_trial_006
6473,202611,0,0.124310224869346,0,202611,final_validation_catboost_trial_006
6476,202611,0,0.0700334250844852,0,202611,final_validation_catboost_trial_006
6477,202611,0,0.107905508861635,0,202611,final_validation_catboost_trial_006
6478,202611,0,0.14418652291491,0,202611,final_validation_catboost_trial_006
6491,202611,1,0.219469232102196,0,202611,final_validation_catboost_trial_006
6494,202611,0,0.0959957712672645,0,202611,final_validation_catboost_trial_006
6501,202611,0,0.134432288565981,0,202611,final_validation_catboost_trial_006
6502,202611,0,0.204699722567195,0,202611,final_validation_catboost_trial_006
6503,202611,0,0.122031416300879,0,202611,final_validation_catboost_trial_006
6514,202611,0,0.0380938300480936,0,202611,final_validation_catboost_trial_006
6516,202611,0,0.122975938331696,0,202611,final_validation_catboost_trial_006
6534,202611,0,0.13267525266166,0,202611,final_validation_catboost_trial_006
6541,202611,0,0.058138118780546,0,202611,final_validation_catboost_trial_006
6553,202611,0,0.133329221575086,0,202611,final_validation_catboost_trial_006
6557,202611,0,0.112168218637867,0,202611,final_validation_catboost_trial_006
6559,202611,0,0.149748880601771,0,202611,final_validation_catboost_trial_006
6560,202611,0,0.175696551059001,0,202611,final_validation_catboost_trial_006
6562,202611,0,0.137876996712932,0,202611,final_validation_catboost_trial_006
6575,202611,0,0.140778850606832,0,202611,final_validation_catboost_trial_006
6583,202611,0,0.0434924565890183,0,202611,final_validation_catboost_trial_006
6588,202611,0,0.133439680181895,0,202611,final_validation_catboost_trial_006
6590,202611,0,0.0905552586547182,0,202611,final_validation_catboost_trial_006
6594,202611,0,0.0966169668758654,0,202611,final_validation_catboost_trial_006
6599,202611,1,0.13002211121873,0,202611,final_validation_catboost_trial_006
6602,202611,0,0.148107327753838,0,202611,final_validation_catboost_trial_006
6603,202611,0,0.14752303639463,0,202611,final_validation_catboost_trial_006
6606,202611,0,0.111875507053053,0,202611,final_validation_catboost_trial_006
6614,202611,0,0.139930959129765,0,202611,final_validation_catboost_trial_006
6618,202611,0,0.118556003989015,0,202611,final_validation_catboost_trial_006
6628,202611,0,0.143163759946706,0,202611,final_validation_catboost_trial_006
6633,202611,0,0.0608285085543756,0,202611,final_validation_catboost_trial_006
6639,202611,0,0.109845750391505,0,202611,final_validation_catboost_trial_006
6648,202611,0,0.150600573586841,0,202611,final_validation_catboost_trial_006
6654,202611,0,0.122560594025806,0,202611,final_validation_catboost_trial_006
6656,202611,0,0.0537297667978977,0,202611,final_validation_catboost_trial_006
6657,202611,0,0.17568545474792,0,202611,final_validation_catboost_trial_006
6663,202611,0,0.0463032642987928,0,202611,final_validation_catboost_trial_006
6664,202611,0,0.110019603546115,0,202611,final_validation_catboost_trial_006
6666,202611,0,0.0419338411500731,0,202611,final_validation_catboost_trial_006
6670,202611,0,0.119499369499135,0,202611,final_validation_catboost_trial_006
6671,202611,0,0.0954919321878394,0,202611,final_validation_catboost_trial_006
6683,202611,0,0.0660573669090797,0,202611,final_validation_catboost_trial_006
6693,202611,1,0.144949318130245,0,202611,final_validation_catboost_trial_006
6694,202611,0,0.126450252376453,0,202611,final_validation_catboost_trial_006
6695,202611,0,0.149947961160632,0,202611,final_validation_catboost_trial_006
6699,202611,0,0.151890004627521,0,202611,final_validation_catboost_trial_006
6701,202611,0,0.119009734403898,0,202611,final_validation_catboost_trial_006
6706,202611,0,0.0423077935329454,0,202611,final_validation_catboost_trial_006
6707,202611,0,0.0441434786784222,0,202611,final_validation_catboost_trial_006
6720,202611,0,0.113407827132972,0,202611,final_validation_catboost_trial_006
6721,202611,0,0.0697708309598856,0,202611,final_validation_catboost_trial_006
6726,202611,0,0.162575159108843,0,202611,final_validation_catboost_trial_006
6735,202611,0,0.124739216755218,0,202611,final_validation_catboost_trial_006
6745,202611,0,0.152189807949197,0,202611,final_validation_catboost_trial_006
6746,202611,0,0.123377835599127,0,202611,final_validation_catboost_trial_006
6751,202611,0,0.0469519162020516,0,202611,final_validation_catboost_trial_006
6759,202611,0,0.156822371245071,0,202611,final_validation_catboost_trial_006
6760,202611,0,0.092188220932104,0,202611,final_validation_catboost_trial_006
6765,202611,0,0.128884374054554,0,202611,final_validation_catboost_trial_006
6767,202611,1,0.117069459810459,0,202611,final_validation_catboost_trial_006
6768,202611,1,0.0967459956333659,0,202611,final_validation_catboost_trial_006
6772,202611,1,0.132826952749051,0,202611,final_validation_catboost_trial_006
6774,202611,0,0.0646826991788521,0,202611,final_validation_catboost_trial_006
6776,202611,0,0.158754718945081,0,202611,final_validation_catboost_trial_006
6779,202611,0,0.127035289825171,0,202611,final_validation_catboost_trial_006
6789,202611,0,0.123666431006823,0,202611,final_validation_catboost_trial_006
6792,202611,0,0.220514604994863,0,202611,final_validation_catboost_trial_006
6797,202611,0,0.0465566102684805,0,202611,final_validation_catboost_trial_006
6807,202611,0,0.129499997923679,0,202611,final_validation_catboost_trial_006
6808,202611,0,0.15323634412399,0,202611,final_validation_catboost_trial_006
6811,202611,0,0.147628445732879,0,202611,final_validation_catboost_trial_006
6813,202611,0,0.0755231263544282,0,202611,final_validation_catboost_trial_006
6814,202611,0,0.128470179921474,0,202611,final_validation_catboost_trial_006
6817,202611,0,0.135069341263271,0,202611,final_validation_catboost_trial_006
6826,202611,0,0.132157574143534,0,202611,final_validation_catboost_trial_006
6830,202611,0,0.0683513703619913,0,202611,final_validation_catboost_trial_006
6832,202611,0,0.15191072702539,0,202611,final_validation_catboost_trial_006
6834,202611,1,0.131716317298754,0,202611,final_validation_catboost_trial_006
6838,202611,0,0.171238675132907,0,202611,final_validation_catboost_trial_006
6840,202611,0,0.120463125367173,0,202611,final_validation_catboost_trial_006
6850,202611,0,0.119918272366966,0,202611,final_validation_catboost_trial_006
6851,202611,0,0.131631909951438,0,202611,final_validation_catboost_trial_006
6854,202611,0,0.215266993629159,0,202611,final_validation_catboost_trial_006
6856,202611,0,0.215045696260001,0,202611,final_validation_catboost_trial_006
6858,202611,0,0.0895959732061282,0,202611,final_validation_catboost_trial_006
6866,202611,0,0.126034404933854,0,202611,final_validation_catboost_trial_006
6871,202611,0,0.162127514550489,0,202611,final_validation_catboost_trial_006
6872,202611,0,0.130402447127881,0,202611,final_validation_catboost_trial_006
6879,202611,0,0.133010017569714,0,202611,final_validation_catboost_trial_006
6881,202611,0,0.0565536311685575,0,202611,final_validation_catboost_trial_006
6882,202611,0,0.163106059171124,0,202611,final_validation_catboost_trial_006
6883,202611,0,0.13377708873446,0,202611,final_validation_catboost_trial_006
6894,202611,0,0.160400087221715,0,202611,final_validation_catboost_trial_006
6899,202611,0,0.0558899547913446,0,202611,final_validation_catboost_trial_006
6903,202611,0,0.152708337219576,0,202611,final_validation_catboost_trial_006
6908,202611,0,0.155003184382093,0,202611,final_validation_catboost_trial_006
6914,202611,0,0.140447057678281,0,202611,final_validation_catboost_trial_006
6915,202611,0,0.134239104647721,0,202611,final_validation_catboost_trial_006
6917,202611,0,0.145973077568728,0,202611,final_validation_catboost_trial_006
6922,202611,0,0.0583254375255856,0,202611,final_validation_catboost_trial_006
6933,202611,0,0.063934547901218,0,202611,final_validation_catboost_trial_006
6944,202611,0,0.127192712158599,0,202611,final_validation_catboost_trial_006
6948,202611,0,0.145156854063821,0,202611,final_validation_catboost_trial_006
6957,202611,0,0.106587361222812,0,202611,final_validation_catboost_trial_006
6962,202611,1,0.115020901968561,0,202611,final_validation_catboost_trial_006
6964,202611,0,0.125538209144066,0,202611,final_validation_catboost_trial_006
6965,202611,1,0.0786043139727132,0,202611,final_validation_catboost_trial_006
6987,202611,0,0.112695494400826,0,202611,final_validation_catboost_trial_006
6989,202611,0,0.044113404600582,0,202611,final_validation_catboost_trial_006
6991,202611,0,0.1340240997771,0,202611,final_validation_catboost_trial_006
6992,202611,0,0.0929304428887588,0,202611,final_validation_catboost_trial_006
7010,202611,1,0.13149765886338,0,202611,final_validation_catboost_trial_006
7012,202611,1,0.146713474337753,0,202611,final_validation_catboost_trial_006
7019,202611,0,0.118518516271935,0,202611,final_validation_catboost_trial_006
7021,202611,0,0.0610208335033665,0,202611,final_validation_catboost_trial_006
7023,202611,0,0.116615659797009,0,202611,final_validation_catboost_trial_006
7033,202611,0,0.0614764240421388,0,202611,final_validation_catboost_trial_006
7034,202611,0,0.116557558030599,0,202611,final_validation_catboost_trial_006
7043,202611,0,0.135551200295176,0,202611,final_validation_catboost_trial_006
7047,202611,0,0.1158768669157,0,202611,final_validation_catboost_trial_006
7050,202611,0,0.109683545263773,0,202611,final_validation_catboost_trial_006
7057,202611,0,0.0999636403207056,0,202611,final_validation_catboost_trial_006
7069,202611,0,0.068055352262275,0,202611,final_validation_catboost_trial_006
7070,202611,0,0.0670465892559967,0,202611,final_validation_catboost_trial_006
7072,202611,0,0.166800269086688,0,202611,final_validation_catboost_trial_006
7078,202611,1,0.150624029859894,0,202611,final_validation_catboost_trial_006
7081,202611,0,0.0932862172249528,0,202611,final_validation_catboost_trial_006
7082,202611,0,0.070369217215909,0,202611,final_validation_catboost_trial_006
7088,202611,0,0.130357695206874,0,202611,final_validation_catboost_trial_006
7093,202611,0,0.145611204750661,0,202611,final_validation_catboost_trial_006
7100,202611,0,0.165939714788461,0,202611,final_validation_catboost_trial_006
7103,202611,1,0.0553994995720558,0,202611,final_validation_catboost_trial_006
7104,202611,0,0.0906932850075096,0,202611,final_validation_catboost_trial_006
7109,202611,0,0.0556577139177224,0,202611,final_validation_catboost_trial_006
7111,202611,0,0.148740498491208,0,202611,final_validation_catboost_trial_006
7113,202611,0,0.0398733087467721,0,202611,final_validation_catboost_trial_006
7119,202611,0,0.120396193908258,0,202611,final_validation_catboost_trial_006
7122,202611,0,0.0561021311819412,0,202611,final_validation_catboost_trial_006
7134,202611,0,0.261690320444841,0,202611,final_validation_catboost_trial_006
7141,202611,1,0.12076661335407,0,202611,final_validation_catboost_trial_006
7147,202611,0,0.0780590037106263,0,202611,final_validation_catboost_trial_006
7153,202611,1,0.125520434554929,0,202611,final_validation_catboost_trial_006
7155,202611,0,0.136631471042929,0,202611,final_validation_catboost_trial_006
7156,202611,0,0.150862069939932,0,202611,final_validation_catboost_trial_006
7163,202611,0,0.27733715348246,0,202611,final_validation_catboost_trial_006
7171,202611,1,0.153569576013641,0,202611,final_validation_catboost_trial_006
7173,202611,0,0.0918405831690632,0,202611,final_validation_catboost_trial_006
7177,202611,0,0.124526732315874,0,202611,final_validation_catboost_trial_006
7179,202611,0,0.168823126537925,0,202611,final_validation_catboost_trial_006
7191,202611,0,0.153225599665882,0,202611,final_validation_catboost_trial_006
7196,202611,0,0.154768151839068,0,202611,final_validation_catboost_trial_006
7197,202611,0,0.0449489508750805,0,202611,final_validation_catboost_trial_006
7199,202611,1,0.152395394962424,0,202611,final_validation_catboost_trial_006
7205,202611,0,0.0568481619719133,0,202611,final_validation_catboost_trial_006
7209,202611,0,0.0667018839374963,0,202611,final_validation_catboost_trial_006
7213,202611,1,0.138701476922526,0,202611,final_validation_catboost_trial_006
7215,202611,0,0.0713579153951942,0,202611,final_validation_catboost_trial_006
7216,202611,0,0.107954780213205,0,202611,final_validation_catboost_trial_006
7217,202611,0,0.132501462844164,0,202611,final_validation_catboost_trial_006
7224,202611,0,0.122709703900115,0,202611,final_validation_catboost_trial_006
7230,202611,0,0.150802817516918,0,202611,final_validation_catboost_trial_006
7235,202611,0,0.175139800533254,0,202611,final_validation_catboost_trial_006
7237,202611,0,0.180464807871832,0,202611,final_validation_catboost_trial_006
7245,202611,0,0.139727479336031,0,202611,final_validation_catboost_trial_006
7246,202611,0,0.113277945812164,0,202611,final_validation_catboost_trial_006
7252,202611,0,0.0639277563301996,0,202611,final_validation_catboost_trial_006
7257,202611,0,0.131272682778036,0,202611,final_validation_catboost_trial_006
7258,202611,0,0.129410728910528,0,202611,final_validation_catboost_trial_006
7261,202611,0,0.0941234608496957,0,202611,final_validation_catboost_trial_006
7269,202611,0,0.131163944084401,0,202611,final_validation_catboost_trial_006
7270,202611,0,0.131596715802099,0,202611,final_validation_catboost_trial_006
7274,202611,1,0.0661514197880309,0,202611,final_validation_catboost_trial_006
7283,202611,0,0.155135096477452,0,202611,final_validation_catboost_trial_006
7291,202611,1,0.136610879447929,0,202611,final_validation_catboost_trial_006
7299,202611,0,0.129325888480126,0,202611,final_validation_catboost_trial_006
7301,202611,0,0.0596672631253475,0,202611,final_validation_catboost_trial_006
7304,202611,0,0.136704268672948,0,202611,final_validation_catboost_trial_006
7311,202611,0,0.153523729246915,0,202611,final_validation_catboost_trial_006
7314,202611,0,0.15354329978247,0,202611,final_validation_catboost_trial_006
7324,202611,1,0.133541417378238,0,202611,final_validation_catboost_trial_006
7326,202611,1,0.141813634519408,0,202611,final_validation_catboost_trial_006
7328,202611,1,0.226912692576985,0,202611,final_validation_catboost_trial_006
7332,202611,0,0.139025635532833,0,202611,final_validation_catboost_trial_006
7333,202611,0,0.160173859294265,0,202611,final_validation_catboost_trial_006
7335,202611,0,0.144842364944203,0,202611,final_validation_catboost_trial_006
7336,202611,0,0.0671022344691186,0,202611,final_validation_catboost_trial_006
7337,202611,0,0.176370310167993,0,202611,final_validation_catboost_trial_006
7344,202611,0,0.134546085987989,0,202611,final_validation_catboost_trial_006
7348,202611,0,0.13078269539376,0,202611,final_validation_catboost_trial_006
7351,202611,0,0.13115382254455,0,202611,final_validation_catboost_trial_006
7352,202611,0,0.0610044673796305,0,202611,final_validation_catboost_trial_006
7361,202611,1,0.140128965759294,0,202611,final_validation_catboost_trial_006
7371,202611,0,0.138658154824053,0,202611,final_validation_catboost_trial_006
7373,202611,0,0.139340349534552,0,202611,final_validation_catboost_trial_006
7374,202611,1,0.166286353568741,0,202611,final_validation_catboost_trial_006
7376,202611,0,0.0876283569253029,0,202611,final_validation_catboost_trial_006
7383,202611,0,0.248002693589977,0,202611,final_validation_catboost_trial_006
7390,202611,0,0.0576459374335055,0,202611,final_validation_catboost_trial_006
7391,202611,0,0.0704155194112425,0,202611,final_validation_catboost_trial_006
7392,202611,0,0.129626741048855,0,202611,final_validation_catboost_trial_006
7395,202611,0,0.0535113511449493,0,202611,final_validation_catboost_trial_006
7400,202611,0,0.15689094886961,0,202611,final_validation_catboost_trial_006
7403,202611,0,0.134257050774133,0,202611,final_validation_catboost_trial_006
7404,202611,0,0.119223336862404,0,202611,final_validation_catboost_trial_006
7407,202611,1,0.141971575519937,0,202611,final_validation_catboost_trial_006
7414,202611,0,0.114919674256821,0,202611,final_validation_catboost_trial_006
7429,202611,0,0.136984250756241,0,202611,final_validation_catboost_trial_006
7435,202611,0,0.143219406780393,0,202611,final_validation_catboost_trial_006
7436,202611,0,0.123485401425943,0,202611,final_validation_catboost_trial_006
7438,202611,0,0.114829124525317,0,202611,final_validation_catboost_trial_006
7441,202611,0,0.0459821603287487,0,202611,final_validation_catboost_trial_006
7443,202611,0,0.267520638642216,0,202611,final_validation_catboost_trial_006
7444,202611,0,0.188755497254597,0,202611,final_validation_catboost_trial_006
7452,202611,0,0.0799122667821405,0,202611,final_validation_catboost_trial_006
7456,202611,0,0.11322134149414,0,202611,final_validation_catboost_trial_006
7462,202611,0,0.0742613999078295,0,202611,final_validation_catboost_trial_006
7472,202611,1,0.140503565279033,0,202611,final_validation_catboost_trial_006
7482,202611,1,0.185127226455045,0,202611,final_validation_catboost_trial_006
7483,202611,0,0.109120659538386,0,202611,final_validation_catboost_trial_006
7488,202611,1,0.194451392307222,0,202611,final_validation_catboost_trial_006
7490,202611,0,0.135345453511116,0,202611,final_validation_catboost_trial_006
7492,202611,0,0.144941541600596,0,202611,final_validation_catboost_trial_006
7500,202611,1,0.123033510694049,0,202611,final_validation_catboost_trial_006
7504,202611,0,0.0752335669569938,0,202611,final_validation_catboost_trial_006
7507,202611,0,0.138701870254662,0,202611,final_validation_catboost_trial_006
7511,202611,0,0.0593451169550713,0,202611,final_validation_catboost_trial_006
7519,202611,0,0.136116842035579,0,202611,final_validation_catboost_trial_006
7520,202611,0,0.251947094883054,0,202611,final_validation_catboost_trial_006
7522,202611,0,0.0574323029535339,0,202611,final_validation_catboost_trial_006
7530,202611,0,0.0629553206334885,0,202611,final_validation_catboost_trial_006
7534,202611,1,0.12585913838797,0,202611,final_validation_catboost_trial_006
7536,202611,0,0.160453261629434,0,202611,final_validation_catboost_trial_006
7541,202611,0,0.144643786931377,0,202611,final_validation_catboost_trial_006
7543,202611,0,0.0566700090242303,0,202611,final_validation_catboost_trial_006
7545,202611,0,0.128329585446892,0,202611,final_validation_catboost_trial_006
7556,202611,1,0.125831220347567,0,202611,final_validation_catboost_trial_006
7558,202611,0,0.161306156380064,0,202611,final_validation_catboost_trial_006
7560,202611,0,0.137064365074738,0,202611,final_validation_catboost_trial_006
7561,202611,0,0.135345056191865,0,202611,final_validation_catboost_trial_006
7571,202611,0,0.134473606542302,0,202611,final_validation_catboost_trial_006
7579,202611,0,0.128577047707118,0,202611,final_validation_catboost_trial_006
7580,202611,0,0.101827585766987,0,202611,final_validation_catboost_trial_006
7581,202611,0,0.128050750811865,0,202611,final_validation_catboost_trial_006
7582,202611,1,0.123589591146615,0,202611,final_validation_catboost_trial_006
7586,202611,0,0.150692828071848,0,202611,final_validation_catboost_trial_006
7590,202611,0,0.177692569631003,0,202611,final_validation_catboost_trial_006
7592,202611,0,0.135986492133357,0,202611,final_validation_catboost_trial_006
7594,202611,0,0.119064560176261,0,202611,final_validation_catboost_trial_006
7595,202611,0,0.158404099081241,0,202611,final_validation_catboost_trial_006
7601,202611,0,0.136407730822316,0,202611,final_validation_catboost_trial_006
7602,202611,0,0.141390453918824,0,202611,final_validation_catboost_trial_006
7603,202611,0,0.132529638838531,0,202611,final_validation_catboost_trial_006
7611,202611,0,0.125692003261423,0,202611,final_validation_catboost_trial_006
7617,202611,0,0.0419085661970095,0,202611,final_validation_catboost_trial_006
7618,202611,0,0.156681537716213,0,202611,final_validation_catboost_trial_006
7619,202611,0,0.131800907847023,0,202611,final_validation_catboost_trial_006
7625,202611,0,0.0641743095110915,0,202611,final_validation_catboost_trial_006
7628,202611,0,0.131693519759786,0,202611,final_validation_catboost_trial_006
7630,202611,0,0.0469417435704021,0,202611,final_validation_catboost_trial_006
7631,202611,0,0.055698427627356,0,202611,final_validation_catboost_trial_006
7633,202611,0,0.152601208182108,0,202611,final_validation_catboost_trial_006
7634,202611,0,0.12067901082736,0,202611,final_validation_catboost_trial_006
7641,202611,0,0.170238141221284,0,202611,final_validation_catboost_trial_006
7642,202611,0,0.145077031684383,0,202611,final_validation_catboost_trial_006
7646,202611,0,0.108701425880843,0,202611,final_validation_catboost_trial_006
7648,202611,1,0.15081489140855,0,202611,final_validation_catboost_trial_006
7662,202611,0,0.150490123681401,0,202611,final_validation_catboost_trial_006
7666,202611,0,0.121416862086946,0,202611,final_validation_catboost_trial_006
7674,202611,0,0.112175843511101,0,202611,final_validation_catboost_trial_006
7676,202611,0,0.106043149221383,0,202611,final_validation_catboost_trial_006
7679,202611,0,0.152909541571439,0,202611,final_validation_catboost_trial_006
7681,202611,0,0.131575574111078,0,202611,final_validation_catboost_trial_006
7686,202611,0,0.0623802181280412,0,202611,final_validation_catboost_trial_006
7692,202611,1,0.131918189445097,0,202611,final_validation_catboost_trial_006
7694,202611,1,0.141778016466544,0,202611,final_validation_catboost_trial_006
7696,202611,0,0.175847296664306,0,202611,final_validation_catboost_trial_006
7707,202611,0,0.0614962402365356,0,202611,final_validation_catboost_trial_006
7708,202611,0,0.0427379170644219,0,202611,final_validation_catboost_trial_006
7712,202611,0,0.049627374708385,0,202611,final_validation_catboost_trial_006
7715,202611,0,0.137287426188593,0,202611,final_validation_catboost_trial_006
7716,202611,0,0.0765200800353016,0,202611,final_validation_catboost_trial_006
7717,202611,0,0.172277048579849,0,202611,final_validation_catboost_trial_006
7719,202611,0,0.0584980726960174,0,202611,final_validation_catboost_trial_006
7723,202611,0,0.0769500149799531,0,202611,final_validation_catboost_trial_006
7726,202611,0,0.160132131430025,0,202611,final_validation_catboost_trial_006
7734,202611,0,0.162630856829768,0,202611,final_validation_catboost_trial_006
7739,202611,0,0.0844154099919102,0,202611,final_validation_catboost_trial_006
7743,202611,0,0.119126008074004,0,202611,final_validation_catboost_trial_006
7751,202611,0,0.0564640184956657,0,202611,final_validation_catboost_trial_006
7752,202611,0,0.140644776534736,0,202611,final_validation_catboost_trial_006
7755,202611,0,0.131552722919835,0,202611,final_validation_catboost_trial_006
7758,202611,0,0.0557917132892077,0,202611,final_validation_catboost_trial_006
7761,202611,0,0.124747476898347,0,202611,final_validation_catboost_trial_006
7767,202611,0,0.0551510414435647,0,202611,final_validation_catboost_trial_006
7773,202611,0,0.102446077927904,0,202611,final_validation_catboost_trial_006
7779,202611,0,0.081631216675193,0,202611,final_validation_catboost_trial_006
7785,202611,0,0.0678481188148687,0,202611,final_validation_catboost_trial_006
7792,202611,0,0.0689960319383139,0,202611,final_validation_catboost_trial_006
7800,202611,0,0.140639912244608,0,202611,final_validation_catboost_trial_006
7801,202611,0,0.10299430444961,0,202611,final_validation_catboost_trial_006
7802,202611,0,0.108831976905223,0,202611,final_validation_catboost_trial_006
7804,202611,1,0.117709748223733,0,202611,final_validation_catboost_trial_006
7808,202611,0,0.173476356644311,0,202611,final_validation_catboost_trial_006
7811,202611,0,0.127495432407657,0,202611,final_validation_catboost_trial_006
7816,202611,0,0.0671807336619544,0,202611,final_validation_catboost_trial_006
7822,202611,0,0.0757407180504086,0,202611,final_validation_catboost_trial_006
7823,202611,0,0.0724126489412438,0,202611,final_validation_catboost_trial_006
7826,202611,1,0.123244251772039,0,202611,final_validation_catboost_trial_006
7832,202611,0,0.126953983507916,0,202611,final_validation_catboost_trial_006
7833,202611,0,0.14321635426445,0,202611,final_validation_catboost_trial_006
7838,202611,0,0.0638565886544247,0,202611,final_validation_catboost_trial_006
7840,202611,0,0.116126197492913,0,202611,final_validation_catboost_trial_006
7849,202611,1,0.144007640938454,0,202611,final_validation_catboost_trial_006
7851,202611,1,0.150691995007511,0,202611,final_validation_catboost_trial_006
7857,202611,0,0.135933607096625,0,202611,final_validation_catboost_trial_006
7877,202611,0,0.060717388869242,0,202611,final_validation_catboost_trial_006
7885,202611,0,0.204840312469801,0,202611,final_validation_catboost_trial_006
7900,202611,0,0.133205806420606,0,202611,final_validation_catboost_trial_006
7907,202611,0,0.160744350139233,0,202611,final_validation_catboost_trial_006
7910,202611,0,0.0547005401582217,0,202611,final_validation_catboost_trial_006
7914,202611,1,0.175032903159659,0,202611,final_validation_catboost_trial_006
7918,202611,0,0.154923440930444,0,202611,final_validation_catboost_trial_006
7919,202611,0,0.0854583108983205,0,202611,final_validation_catboost_trial_006
7921,202611,1,0.0647595256338709,0,202611,final_validation_catboost_trial_006
7928,202611,0,0.140030065911825,0,202611,final_validation_catboost_trial_006
7933,202611,0,0.147798191367161,0,202611,final_validation_catboost_trial_006
7937,202611,1,0.134233015633442,0,202611,final_validation_catboost_trial_006
7941,202611,0,0.125587527179739,0,202611,final_validation_catboost_trial_006
7947,202611,0,0.0827254091969355,0,202611,final_validation_catboost_trial_006
7955,202611,0,0.136099493881334,0,202611,final_validation_catboost_trial_006
7956,202611,0,0.146771674211743,0,202611,final_validation_catboost_trial_006
7957,202611,0,0.133256525985876,0,202611,final_validation_catboost_trial_006
7964,202611,0,0.149321827892608,0,202611,final_validation_catboost_trial_006
7968,202611,0,0.139873222548634,0,202611,final_validation_catboost_trial_006
7980,202611,0,0.0676510068025134,0,202611,final_validation_catboost_trial_006
7983,202611,1,0.121728429268696,0,202611,final_validation_catboost_trial_006
8004,202611,0,0.25851274925454,0,202611,final_validation_catboost_trial_006
8016,202611,0,0.131221707359177,0,202611,final_validation_catboost_trial_006
8017,202611,0,0.0575220963678554,0,202611,final_validation_catboost_trial_006
8024,202611,0,0.176045920757973,0,202611,final_validation_catboost_trial_006
8031,202611,0,0.105295586222378,0,202611,final_validation_catboost_trial_006
8032,202611,0,0.0645534542020938,0,202611,final_validation_catboost_trial_006
8035,202611,0,0.113344211119383,0,202611,final_validation_catboost_trial_006
8036,202611,0,0.12946069857607,0,202611,final_validation_catboost_trial_006
8037,202611,0,0.0596615611759628,0,202611,final_validation_catboost_trial_006
8052,202611,0,0.144229988489527,0,202611,final_validation_catboost_trial_006
8055,202611,0,0.0577034890631737,0,202611,final_validation_catboost_trial_006
8059,202611,0,0.144300759383452,0,202611,final_validation_catboost_trial_006
8063,202611,0,0.122213406494731,0,202611,final_validation_catboost_trial_006
8064,202611,0,0.135297993428707,0,202611,final_validation_catboost_trial_006
8068,202611,0,0.13068216257577,0,202611,final_validation_catboost_trial_006
8070,202611,0,0.0687718256694386,0,202611,final_validation_catboost_trial_006
8072,202611,0,0.134207905645287,0,202611,final_validation_catboost_trial_006
8085,202611,0,0.157612338526111,0,202611,final_validation_catboost_trial_006
8089,202611,0,0.130832302522766,0,202611,final_validation_catboost_trial_006
8097,202611,0,0.052206563360166,0,202611,final_validation_catboost_trial_006
8100,202611,0,0.136169772036847,0,202611,final_validation_catboost_trial_006
8102,202611,0,0.173317072451443,0,202611,final_validation_catboost_trial_006
8105,202611,0,0.0589448547857499,0,202611,final_validation_catboost_trial_006
8114,202611,0,0.11598069000146,0,202611,final_validation_catboost_trial_006
8117,202611,0,0.118970225875426,0,202611,final_validation_catboost_trial_006
8120,202611,0,0.126335765971116,0,202611,final_validation_catboost_trial_006
8126,202611,0,0.11537425173137,0,202611,final_validation_catboost_trial_006
8128,202611,0,0.077999065763017,0,202611,final_validation_catboost_trial_006
8135,202611,0,0.0615974348707708,0,202611,final_validation_catboost_trial_006
8136,202611,1,0.149289364103508,0,202611,final_validation_catboost_trial_006
8137,202611,0,0.142265874902648,0,202611,final_validation_catboost_trial_006
8141,202611,1,0.155625485936622,0,202611,final_validation_catboost_trial_006
8148,202611,0,0.0914270263803839,0,202611,final_validation_catboost_trial_006
8169,202611,0,0.053208384134804,0,202611,final_validation_catboost_trial_006
8173,202611,0,0.0608351314036981,0,202611,final_validation_catboost_trial_006
8178,202611,0,0.123728449472084,0,202611,final_validation_catboost_trial_006
8179,202611,0,0.208358755581147,0,202611,final_validation_catboost_trial_006
8182,202611,0,0.0464082322656034,0,202611,final_validation_catboost_trial_006
8184,202611,0,0.105175802536194,0,202611,final_validation_catboost_trial_006
8186,202611,0,0.166297906312281,0,202611,final_validation_catboost_trial_006
8189,202611,0,0.143301196960915,0,202611,final_validation_catboost_trial_006
8196,202611,0,0.145940929911909,0,202611,final_validation_catboost_trial_006
8216,202611,0,0.13135786887536,0,202611,final_validation_catboost_trial_006
8219,202611,0,0.1384019871474,0,202611,final_validation_catboost_trial_006
8221,202611,0,0.129352645286538,0,202611,final_validation_catboost_trial_006
8227,202611,0,0.0700055110394892,0,202611,final_validation_catboost_trial_006
8232,202611,0,0.149881310223407,0,202611,final_validation_catboost_trial_006
8245,202611,0,0.121088389485001,0,202611,final_validation_catboost_trial_006
8246,202611,1,0.24019787225473,0,202611,final_validation_catboost_trial_006
8248,202611,0,0.140841988728937,0,202611,final_validation_catboost_trial_006
8249,202611,0,0.142327357695653,0,202611,final_validation_catboost_trial_006
8250,202611,0,0.14932797617097,0,202611,final_validation_catboost_trial_006
8256,202611,0,0.0533302353440106,0,202611,final_validation_catboost_trial_006
8258,202611,0,0.159802829784519,0,202611,final_validation_catboost_trial_006
8259,202611,0,0.0360797839663237,0,202611,final_validation_catboost_trial_006
8268,202611,0,0.136523599517358,0,202611,final_validation_catboost_trial_006
8271,202611,0,0.113008494223589,0,202611,final_validation_catboost_trial_006
8272,202611,1,0.151623563560948,0,202611,final_validation_catboost_trial_006
8273,202611,0,0.142770720388358,0,202611,final_validation_catboost_trial_006
8275,202611,0,0.126047799131576,0,202611,final_validation_catboost_trial_006
8277,202611,0,0.152972522596381,0,202611,final_validation_catboost_trial_006
8283,202611,0,0.132658251879921,0,202611,final_validation_catboost_trial_006
8285,202611,1,0.147745808442945,0,202611,final_validation_catboost_trial_006
8288,202611,0,0.0572574192301969,0,202611,final_validation_catboost_trial_006
8299,202611,0,0.0640277365899365,0,202611,final_validation_catboost_trial_006
8300,202611,0,0.126313319043468,0,202611,final_validation_catboost_trial_006
8301,202611,0,0.0578509023356007,0,202611,final_validation_catboost_trial_006
8307,202611,0,0.148620872360684,0,202611,final_validation_catboost_trial_006
8315,202611,0,0.143175602499571,0,202611,final_validation_catboost_trial_006
8324,202611,0,0.0894654413955951,0,202611,final_validation_catboost_trial_006
8326,202611,0,0.142482412617593,0,202611,final_validation_catboost_trial_006
8351,202611,0,0.0562827576284793,0,202611,final_validation_catboost_trial_006
8367,202611,0,0.0457646494668381,0,202611,final_validation_catboost_trial_006
8368,202611,0,0.167775575237116,0,202611,final_validation_catboost_trial_006
8371,202611,0,0.177284878798714,0,202611,final_validation_catboost_trial_006
8383,202611,0,0.12329461647082,0,202611,final_validation_catboost_trial_006
8386,202611,0,0.171424627546762,0,202611,final_validation_catboost_trial_006
8389,202611,1,0.117014034035867,0,202611,final_validation_catboost_trial_006
8402,202611,0,0.0611105753978579,0,202611,final_validation_catboost_trial_006
8404,202611,0,0.131281252691983,0,202611,final_validation_catboost_trial_006
8417,202611,1,0.13531713989966,0,202611,final_validation_catboost_trial_006
8419,202611,1,0.136777784179711,0,202611,final_validation_catboost_trial_006
8421,202611,0,0.155309981282477,0,202611,final_validation_catboost_trial_006
8422,202611,0,0.0550802359758988,0,202611,final_validation_catboost_trial_006
8425,202611,0,0.168046217048618,0,202611,final_validation_catboost_trial_006
8429,202611,0,0.12393690866218,0,202611,final_validation_catboost_trial_006
8433,202611,0,0.152992913191026,0,202611,final_validation_catboost_trial_006
8437,202611,0,0.109559189434728,0,202611,final_validation_catboost_trial_006
8440,202611,0,0.0557136711881802,0,202611,final_validation_catboost_trial_006
8455,202611,0,0.148730899364859,0,202611,final_validation_catboost_trial_006
8462,202611,1,0.159113340707344,0,202611,final_validation_catboost_trial_006
8471,202611,1,0.144535806129611,0,202611,final_validation_catboost_trial_006
8479,202611,0,0.177880348515456,0,202611,final_validation_catboost_trial_006
8482,202611,0,0.0598294006827611,0,202611,final_validation_catboost_trial_006
8485,202611,0,0.165954633435252,0,202611,final_validation_catboost_trial_006
8489,202611,0,0.0671485483424375,0,202611,final_validation_catboost_trial_006
8490,202611,0,0.0426651843246028,0,202611,final_validation_catboost_trial_006
8492,202611,0,0.0603832510112188,0,202611,final_validation_catboost_trial_006
8496,202611,0,0.142093096179486,0,202611,final_validation_catboost_trial_006
8497,202611,0,0.135808919937988,0,202611,final_validation_catboost_trial_006
8498,202611,0,0.134608748942412,0,202611,final_validation_catboost_trial_006
8500,202611,0,0.154316758513629,0,202611,final_validation_catboost_trial_006
8501,202611,0,0.150830510186803,0,202611,final_validation_catboost_trial_006
8508,202611,0,0.165135797875963,0,202611,final_validation_catboost_trial_006
8512,202611,0,0.181253671071224,0,202611,final_validation_catboost_trial_006
8519,202611,1,0.143355701263851,0,202611,final_validation_catboost_trial_006
8522,202611,0,0.168662258636167,0,202611,final_validation_catboost_trial_006
8536,202611,0,0.0508523038573797,0,202611,final_validation_catboost_trial_006
8545,202611,0,0.129177916014971,0,202611,final_validation_catboost_trial_006
8546,202611,0,0.132734867267345,0,202611,final_validation_catboost_trial_006
8554,202611,0,0.150811541886623,0,202611,final_validation_catboost_trial_006
8556,202611,0,0.128151203126354,0,202611,final_validation_catboost_trial_006
8557,202611,0,0.148024680344112,0,202611,final_validation_catboost_trial_006
8559,202611,0,0.148913344591936,0,202611,final_validation_catboost_trial_006
8560,202611,0,0.143172139156915,0,202611,final_validation_catboost_trial_006
8563,202611,0,0.127680236108676,0,202611,final_validation_catboost_trial_006
8565,202611,0,0.1484833000628,0,202611,final_validation_catboost_trial_006
8574,202611,0,0.122265673614497,0,202611,final_validation_catboost_trial_006
8578,202611,0,0.0633368940362931,0,202611,final_validation_catboost_trial_006
8585,202611,0,0.0570157941089845,0,202611,final_validation_catboost_trial_006
8602,202611,0,0.17178209715161,0,202611,final_validation_catboost_trial_006
8605,202611,0,0.095064506116364,0,202611,final_validation_catboost_trial_006
8609,202611,0,0.133724094224069,0,202611,final_validation_catboost_trial_006
8614,202611,0,0.0668103961293194,0,202611,final_validation_catboost_trial_006
8619,202611,0,0.13354499636087,0,202611,final_validation_catboost_trial_006
8629,202611,0,0.132724403678847,0,202611,final_validation_catboost_trial_006
8632,202611,0,0.139653161205736,0,202611,final_validation_catboost_trial_006
8635,202611,0,0.0642004952054085,0,202611,final_validation_catboost_trial_006
8639,202611,0,0.054495742712691,0,202611,final_validation_catboost_trial_006
8642,202611,0,0.0672953041222388,0,202611,final_validation_catboost_trial_006
8643,202611,0,0.114200658376246,0,202611,final_validation_catboost_trial_006
8649,202611,1,0.133253046831578,0,202611,final_validation_catboost_trial_006
8655,202611,0,0.143470045784286,0,202611,final_validation_catboost_trial_006
8657,202611,0,0.120149859136121,0,202611,final_validation_catboost_trial_006
8662,202611,0,0.127526359496887,0,202611,final_validation_catboost_trial_006
8663,202611,1,0.141889034302484,0,202611,final_validation_catboost_trial_006
8666,202611,0,0.160995642740561,0,202611,final_validation_catboost_trial_006
8674,202611,0,0.0595347748951019,0,202611,final_validation_catboost_trial_006
8676,202611,0,0.140564411527158,0,202611,final_validation_catboost_trial_006
8686,202611,0,0.142835920831643,0,202611,final_validation_catboost_trial_006
8691,202611,0,0.115171314634591,0,202611,final_validation_catboost_trial_006
8701,202611,1,0.137990263916246,0,202611,final_validation_catboost_trial_006
8702,202611,0,0.135890334240945,0,202611,final_validation_catboost_trial_006
8714,202611,0,0.0662415676427194,0,202611,final_validation_catboost_trial_006
8718,202611,0,0.13455261430612,0,202611,final_validation_catboost_trial_006
8731,202611,0,0.147145072733408,0,202611,final_validation_catboost_trial_006
8736,202611,1,0.135631215083207,0,202611,final_validation_catboost_trial_006
8738,202611,0,0.152592333439039,0,202611,final_validation_catboost_trial_006
8745,202611,0,0.054365200428912,0,202611,final_validation_catboost_trial_006
8749,202611,0,0.127255423751383,0,202611,final_validation_catboost_trial_006
8754,202611,0,0.147732118036825,0,202611,final_validation_catboost_trial_006
8755,202611,1,0.134128829029634,0,202611,final_validation_catboost_trial_006
8760,202611,0,0.124407851794644,0,202611,final_validation_catboost_trial_006
8762,202611,0,0.0639676371368821,0,202611,final_validation_catboost_trial_006
8767,202611,0,0.0423089932005056,0,202611,final_validation_catboost_trial_006
8768,202611,0,0.143387342907565,0,202611,final_validation_catboost_trial_006
8769,202611,0,0.0404309358751458,0,202611,final_validation_catboost_trial_006
8771,202611,0,0.141991027937457,0,202611,final_validation_catboost_trial_006
8781,202611,1,0.0690633113775019,0,202611,final_validation_catboost_trial_006
8789,202611,1,0.129437904005022,0,202611,final_validation_catboost_trial_006
8795,202611,0,0.128553607079682,0,202611,final_validation_catboost_trial_006
8796,202611,0,0.0622024089074357,0,202611,final_validation_catboost_trial_006
8811,202611,0,0.132092452870906,0,202611,final_validation_catboost_trial_006
8815,202611,0,0.157858569247203,0,202611,final_validation_catboost_trial_006
8820,202611,0,0.134568119394152,0,202611,final_validation_catboost_trial_006
8825,202611,0,0.140131850972531,0,202611,final_validation_catboost_trial_006
8832,202611,0,0.122345143116362,0,202611,final_validation_catboost_trial_006
8839,202611,0,0.0824148343835015,0,202611,final_validation_catboost_trial_006
8841,202611,0,0.145456167055854,0,202611,final_validation_catboost_trial_006
8844,202611,1,0.137590744319159,0,202611,final_validation_catboost_trial_006
8848,202611,0,0.121494065375533,0,202611,final_validation_catboost_trial_006
8849,202611,0,0.075972503416475,0,202611,final_validation_catboost_trial_006
8856,202611,0,0.147458959164017,0,202611,final_validation_catboost_trial_006
8865,202611,1,0.115478546252645,0,202611,final_validation_catboost_trial_006
8874,202611,1,0.152615800300465,0,202611,final_validation_catboost_trial_006
8875,202611,0,0.125520519692683,0,202611,final_validation_catboost_trial_006
8879,202611,0,0.0676474152736229,0,202611,final_validation_catboost_trial_006
8882,202611,0,0.119727445827443,0,202611,final_validation_catboost_trial_006
8885,202611,0,0.121466291497551,0,202611,final_validation_catboost_trial_006
8892,202611,0,0.141682395250207,0,202611,final_validation_catboost_trial_006
8897,202611,0,0.139286449665336,0,202611,final_validation_catboost_trial_006
8905,202611,0,0.0484855648148307,0,202611,final_validation_catboost_trial_006
8921,202611,0,0.0577621501367023,0,202611,final_validation_catboost_trial_006
8926,202611,1,0.127889851095509,0,202611,final_validation_catboost_trial_006
8928,202611,0,0.119131542460917,0,202611,final_validation_catboost_trial_006
8935,202611,0,0.144038130571185,0,202611,final_validation_catboost_trial_006
8939,202611,0,0.0643528972316863,0,202611,final_validation_catboost_trial_006
8941,202611,0,0.152510439701849,0,202611,final_validation_catboost_trial_006
8942,202611,0,0.0467301672388681,0,202611,final_validation_catboost_trial_006
8949,202611,0,0.115977589754683,0,202611,final_validation_catboost_trial_006
8951,202611,0,0.059521994897754,0,202611,final_validation_catboost_trial_006
8954,202611,1,0.14741611512838,0,202611,final_validation_catboost_trial_006
8958,202611,0,0.143575974351274,0,202611,final_validation_catboost_trial_006
8964,202611,0,0.0658575055616105,0,202611,final_validation_catboost_trial_006
8972,202611,0,0.0430530609339706,0,202611,final_validation_catboost_trial_006
8978,202611,0,0.154450261441946,0,202611,final_validation_catboost_trial_006
8979,202611,0,0.0761846279342977,0,202611,final_validation_catboost_trial_006
8988,202611,0,0.158239775886401,0,202611,final_validation_catboost_trial_006
8997,202611,0,0.131221988086047,0,202611,final_validation_catboost_trial_006
8998,202611,0,0.0418929503781411,0,202611,final_validation_catboost_trial_006
8999,202611,0,0.128829638292464,0,202611,final_validation_catboost_trial_006
9006,202611,0,0.0571949451789493,0,202611,final_validation_catboost_trial_006
9008,202611,1,0.147105635888272,0,202611,final_validation_catboost_trial_006
9012,202611,0,0.166873434042086,0,202611,final_validation_catboost_trial_006
9024,202611,0,0.116184889618291,0,202611,final_validation_catboost_trial_006
9026,202611,0,0.133182709230474,0,202611,final_validation_catboost_trial_006
9030,202611,0,0.153788331358987,0,202611,final_validation_catboost_trial_006
9034,202611,0,0.0660369989673243,0,202611,final_validation_catboost_trial_006
9036,202611,0,0.158060591619555,0,202611,final_validation_catboost_trial_006
9038,202611,0,0.0575964223687304,0,202611,final_validation_catboost_trial_006
9040,202611,0,0.152912643942946,0,202611,final_validation_catboost_trial_006
9041,202611,0,0.0747375790145154,0,202611,final_validation_catboost_trial_006
9042,202611,0,0.0670086668614302,0,202611,final_validation_catboost_trial_006
9046,202611,0,0.0612037560115834,0,202611,final_validation_catboost_trial_006
9049,202611,1,0.0612583099403528,0,202611,final_validation_catboost_trial_006
9051,202611,0,0.160225496972903,0,202611,final_validation_catboost_trial_006
9054,202611,0,0.168883540546911,0,202611,final_validation_catboost_trial_006
9057,202611,0,0.0565321369665399,0,202611,final_validation_catboost_trial_006
9062,202611,0,0.0732019298994606,0,202611,final_validation_catboost_trial_006
9072,202611,0,0.130798621565348,0,202611,final_validation_catboost_trial_006
9075,202611,0,0.120258308439347,0,202611,final_validation_catboost_trial_006
9079,202611,0,0.14749272914277,0,202611,final_validation_catboost_trial_006
9081,202611,0,0.0744750035434458,0,202611,final_validation_catboost_trial_006
9091,202611,0,0.126302964497523,0,202611,final_validation_catboost_trial_006
9110,202611,0,0.0619849466453994,0,202611,final_validation_catboost_trial_006
9113,202611,0,0.162328504472795,0,202611,final_validation_catboost_trial_006
9116,202611,0,0.136583259348202,0,202611,final_validation_catboost_trial_006
9120,202611,0,0.0608324801053598,0,202611,final_validation_catboost_trial_006
9126,202611,0,0.184777499301741,0,202611,final_validation_catboost_trial_006
9133,202611,0,0.103368574381767,0,202611,final_validation_catboost_trial_006
9135,202611,0,0.169380878571456,0,202611,final_validation_catboost_trial_006
9144,202611,0,0.122676760750718,0,202611,final_validation_catboost_trial_006
9146,202611,0,0.153115343114851,0,202611,final_validation_catboost_trial_006
9153,202611,0,0.122756149926317,0,202611,final_validation_catboost_trial_006
9155,202611,0,0.0686699373558312,0,202611,final_validation_catboost_trial_006
9160,202611,0,0.0746418967317276,0,202611,final_validation_catboost_trial_006
9165,202611,0,0.156179514497328,0,202611,final_validation_catboost_trial_006
9172,202611,0,0.14307766518494,0,202611,final_validation_catboost_trial_006
9174,202611,0,0.0599548007840372,0,202611,final_validation_catboost_trial_006
9179,202611,0,0.0967289437855182,0,202611,final_validation_catboost_trial_006
9180,202611,0,0.124919781714584,0,202611,final_validation_catboost_trial_006
9192,202611,1,0.21137212592318,0,202611,final_validation_catboost_trial_006
9194,202611,1,0.0667902619642528,0,202611,final_validation_catboost_trial_006
9195,202611,0,0.24521207676514,0,202611,final_validation_catboost_trial_006
9199,202611,0,0.134495903143581,0,202611,final_validation_catboost_trial_006
9204,202611,0,0.0810822203895386,0,202611,final_validation_catboost_trial_006
9205,202611,0,0.0536463503437273,0,202611,final_validation_catboost_trial_006
9210,202611,0,0.137896413637893,0,202611,final_validation_catboost_trial_006
9219,202611,1,0.125036842992061,0,202611,final_validation_catboost_trial_006
9227,202611,1,0.119112137212621,0,202611,final_validation_catboost_trial_006
9228,202611,0,0.138888159681659,0,202611,final_validation_catboost_trial_006
9233,202611,0,0.147418860747865,0,202611,final_validation_catboost_trial_006
9235,202611,0,0.141358370009599,0,202611,final_validation_catboost_trial_006
9237,202611,0,0.0679134406434445,0,202611,final_validation_catboost_trial_006
9239,202611,0,0.0590257096332868,0,202611,final_validation_catboost_trial_006
9240,202611,0,0.0542061383645351,0,202611,final_validation_catboost_trial_006
9241,202611,0,0.221962373379419,0,202611,final_validation_catboost_trial_006
9242,202611,0,0.12318845873537,0,202611,final_validation_catboost_trial_006
9246,202611,0,0.0642635246208441,0,202611,final_validation_catboost_trial_006
9248,202611,0,0.135363201439035,0,202611,final_validation_catboost_trial_006
9253,202611,0,0.127258166803465,0,202611,final_validation_catboost_trial_006
9254,202611,0,0.148530205246202,0,202611,final_validation_catboost_trial_006
9260,202611,0,0.122280637054767,0,202611,final_validation_catboost_trial_006
9261,202611,0,0.0470123061135316,0,202611,final_validation_catboost_trial_006
9262,202611,0,0.148549416742377,0,202611,final_validation_catboost_trial_006
9263,202611,0,0.19436401627056,0,202611,final_validation_catboost_trial_006
9266,202611,1,0.254926265508901,0,202611,final_validation_catboost_trial_006
9268,202611,0,0.127120837883513,0,202611,final_validation_catboost_trial_006
9275,202611,0,0.0654384912331899,0,202611,final_validation_catboost_trial_006
9278,202611,0,0.148900941941756,0,202611,final_validation_catboost_trial_006
9287,202611,0,0.137655495256413,0,202611,final_validation_catboost_trial_006
9288,202611,1,0.131538208118789,0,202611,final_validation_catboost_trial_006
9292,202611,0,0.153528552321794,0,202611,final_validation_catboost_trial_006
9308,202611,0,0.14590048163829,0,202611,final_validation_catboost_trial_006
9309,202611,0,0.157003356621505,0,202611,final_validation_catboost_trial_006
9310,202611,0,0.165701264134087,0,202611,final_validation_catboost_trial_006
9312,202611,0,0.0849513128472076,0,202611,final_validation_catboost_trial_006
9314,202611,0,0.0730385495568211,0,202611,final_validation_catboost_trial_006
9316,202611,0,0.0573228384946085,0,202611,final_validation_catboost_trial_006
9318,202611,0,0.123661765988385,0,202611,final_validation_catboost_trial_006
9322,202611,0,0.153702988893663,0,202611,final_validation_catboost_trial_006
9325,202611,0,0.165106699125338,0,202611,final_validation_catboost_trial_006
9327,202611,0,0.138688343757051,0,202611,final_validation_catboost_trial_006
9336,202611,0,0.121718090119376,0,202611,final_validation_catboost_trial_006
9340,202611,0,0.160465989149784,0,202611,final_validation_catboost_trial_006
9342,202611,0,0.137821771121139,0,202611,final_validation_catboost_trial_006
9346,202611,0,0.122788134755016,0,202611,final_validation_catboost_trial_006
9351,202611,0,0.238031447079752,0,202611,final_validation_catboost_trial_006
9355,202611,1,0.135655559805205,0,202611,final_validation_catboost_trial_006
9357,202611,0,0.124639950133562,0,202611,final_validation_catboost_trial_006
9358,202611,1,0.162602251384302,0,202611,final_validation_catboost_trial_006
9363,202611,1,0.136747771023277,0,202611,final_validation_catboost_trial_006
9365,202611,1,0.14466813320141,0,202611,final_validation_catboost_trial_006
9371,202611,1,0.118517723661634,0,202611,final_validation_catboost_trial_006
9372,202611,0,0.12373231942444,0,202611,final_validation_catboost_trial_006
9374,202611,0,0.0540328757511052,0,202611,final_validation_catboost_trial_006
9378,202611,0,0.204756121359122,0,202611,final_validation_catboost_trial_006
9385,202611,0,0.0884598689341515,0,202611,final_validation_catboost_trial_006
9386,202611,1,0.1433612360931,0,202611,final_validation_catboost_trial_006
9413,202611,0,0.0641134658499341,0,202611,final_validation_catboost_trial_006
9418,202611,0,0.150314377908356,0,202611,final_validation_catboost_trial_006
9420,202611,0,0.140117309620822,0,202611,final_validation_catboost_trial_006
9422,202611,0,0.0701549615677387,0,202611,final_validation_catboost_trial_006
9423,202611,0,0.11082353826078,0,202611,final_validation_catboost_trial_006
9425,202611,0,0.144828795501104,0,202611,final_validation_catboost_trial_006
9426,202611,0,0.164956111223618,0,202611,final_validation_catboost_trial_006
9434,202611,0,0.15524522563571,0,202611,final_validation_catboost_trial_006
9436,202611,0,0.0970013773170261,0,202611,final_validation_catboost_trial_006
9439,202611,0,0.0494430260730367,0,202611,final_validation_catboost_trial_006
9442,202611,1,0.0716747091148931,0,202611,final_validation_catboost_trial_006
9446,202611,0,0.0699848978396644,0,202611,final_validation_catboost_trial_006
9457,202611,1,0.136712301253612,0,202611,final_validation_catboost_trial_006
9460,202611,0,0.160489987357091,0,202611,final_validation_catboost_trial_006
9461,202611,0,0.146690436282261,0,202611,final_validation_catboost_trial_006
9467,202611,0,0.138015131007081,0,202611,final_validation_catboost_trial_006
9472,202611,0,0.13401490387979,0,202611,final_validation_catboost_trial_006
9473,202611,1,0.186026811279802,0,202611,final_validation_catboost_trial_006
9483,202611,0,0.111502030508771,0,202611,final_validation_catboost_trial_006
9485,202611,0,0.13082232982091,0,202611,final_validation_catboost_trial_006
9492,202611,0,0.0804053203568657,0,202611,final_validation_catboost_trial_006
9500,202611,0,0.130843228400182,0,202611,final_validation_catboost_trial_006
9507,202611,0,0.141342797983984,0,202611,final_validation_catboost_trial_006
9513,202611,1,0.0837759024221782,0,202611,final_validation_catboost_trial_006
9514,202611,0,0.166684658609699,0,202611,final_validation_catboost_trial_006
9516,202611,0,0.151415529792379,0,202611,final_validation_catboost_trial_006
9520,202611,0,0.0926309877589424,0,202611,final_validation_catboost_trial_006
9532,202611,1,0.124984518699162,0,202611,final_validation_catboost_trial_006
9542,202611,0,0.125872112884731,0,202611,final_validation_catboost_trial_006
9544,202611,0,0.239792083888451,0,202611,final_validation_catboost_trial_006
9548,202611,0,0.151873351705393,0,202611,final_validation_catboost_trial_006
9553,202611,1,0.148706533865988,0,202611,final_validation_catboost_trial_006
9556,202611,0,0.0639902966603708,0,202611,final_validation_catboost_trial_006
9558,202611,0,0.161100187259608,0,202611,final_validation_catboost_trial_006
9559,202611,1,0.160967512063343,0,202611,final_validation_catboost_trial_006
9565,202611,0,0.155794907583877,0,202611,final_validation_catboost_trial_006
9571,202611,0,0.140880093619523,0,202611,final_validation_catboost_trial_006
9575,202611,0,0.145022158111692,0,202611,final_validation_catboost_trial_006
9587,202611,0,0.138046173270733,0,202611,final_validation_catboost_trial_006
9602,202611,0,0.167518162964286,0,202611,final_validation_catboost_trial_006
9609,202611,0,0.058406686884247,0,202611,final_validation_catboost_trial_006
9618,202611,0,0.0943109548893506,0,202611,final_validation_catboost_trial_006
9622,202611,0,0.150295636527901,0,202611,final_validation_catboost_trial_006
9624,202611,0,0.132926111119248,0,202611,final_validation_catboost_trial_006
9633,202611,1,0.143278638691757,0,202611,final_validation_catboost_trial_006
9648,202611,0,0.134486642395702,0,202611,final_validation_catboost_trial_006
9658,202611,0,0.134776611532652,0,202611,final_validation_catboost_trial_006
9668,202611,0,0.133579018365098,0,202611,final_validation_catboost_trial_006
9702,202611,0,0.0561605202023878,0,202611,final_validation_catboost_trial_006
9705,202611,0,0.141233308397212,0,202611,final_validation_catboost_trial_006
9706,202611,0,0.0609343874783629,0,202611,final_validation_catboost_trial_006
9707,202611,0,0.156071723092609,0,202611,final_validation_catboost_trial_006
9708,202611,0,0.0978831027015517,0,202611,final_validation_catboost_trial_006
9709,202611,1,0.070127313667688,0,202611,final_validation_catboost_trial_006
9710,202611,0,0.156121464679467,0,202611,final_validation_catboost_trial_006
9726,202611,0,0.150044171920058,0,202611,final_validation_catboost_trial_006
9753,202611,0,0.0521319187791166,0,202611,final_validation_catboost_trial_006
9757,202611,0,0.09174216454447,0,202611,final_validation_catboost_trial_006
9761,202611,0,0.0676530963527808,0,202611,final_validation_catboost_trial_006
9765,202611,0,0.239013210228115,0,202611,final_validation_catboost_trial_006
9768,202611,0,0.155990601572518,0,202611,final_validation_catboost_trial_006
9769,202611,0,0.144331154108303,0,202611,final_validation_catboost_trial_006
9775,202611,0,0.0400184146666951,0,202611,final_validation_catboost_trial_006
9778,202611,0,0.137622538755456,0,202611,final_validation_catboost_trial_006
9787,202611,1,0.151290703654657,0,202611,final_validation_catboost_trial_006
9788,202611,0,0.0956209106061328,0,202611,final_validation_catboost_trial_006
9789,202611,0,0.162509254103744,0,202611,final_validation_catboost_trial_006
9792,202611,0,0.14376507686424,0,202611,final_validation_catboost_trial_006
9793,202611,1,0.120816689900713,0,202611,final_validation_catboost_trial_006
9815,202611,0,0.120581547379956,0,202611,final_validation_catboost_trial_006
9816,202611,0,0.0648868168184184,0,202611,final_validation_catboost_trial_006
9822,202611,0,0.0683397960039,0,202611,final_validation_catboost_trial_006
9823,202611,0,0.16466804996682,0,202611,final_validation_catboost_trial_006
9827,202611,0,0.117322463998892,0,202611,final_validation_catboost_trial_006
9835,202611,0,0.142289778014139,0,202611,final_validation_catboost_trial_006
9840,202611,0,0.0453992653491355,0,202611,final_validation_catboost_trial_006
9841,202611,0,0.151417249504192,0,202611,final_validation_catboost_trial_006
9849,202611,0,0.120696789085425,0,202611,final_validation_catboost_trial_006
9853,202611,0,0.147987503565463,0,202611,final_validation_catboost_trial_006
9869,202611,0,0.0639202033415404,0,202611,final_validation_catboost_trial_006
9873,202611,0,0.0552690266689284,0,202611,final_validation_catboost_trial_006
9881,202611,0,0.0424134209500635,0,202611,final_validation_catboost_trial_006
9892,202611,0,0.15649343239215,0,202611,final_validation_catboost_trial_006
9898,202611,0,0.146016787865756,0,202611,final_validation_catboost_trial_006
9899,202611,0,0.147815974579908,0,202611,final_validation_catboost_trial_006
9915,202611,0,0.125936409913526,0,202611,final_validation_catboost_trial_006
9925,202611,1,0.113048419580129,0,202611,final_validation_catboost_trial_006
9936,202611,0,0.166489549234562,0,202611,final_validation_catboost_trial_006
9940,202611,0,0.1434381882638,0,202611,final_validation_catboost_trial_006
9941,202611,0,0.0532772607814569,0,202611,final_validation_catboost_trial_006
9947,202611,0,0.0474220208239157,0,202611,final_validation_catboost_trial_006
9953,202611,1,0.109027745524473,0,202611,final_validation_catboost_trial_006
9957,202611,0,0.124864625242831,0,202611,final_validation_catboost_trial_006
9962,202611,0,0.0581478329385375,0,202611,final_validation_catboost_trial_006
9963,202611,0,0.122869112578979,0,202611,final_validation_catboost_trial_006
9964,202611,0,0.150493914051874,0,202611,final_validation_catboost_trial_006
9965,202611,0,0.151977007057293,0,202611,final_validation_catboost_trial_006
9968,202611,0,0.136745862140886,0,202611,final_validation_catboost_trial_006
9971,202611,0,0.0942001813587431,0,202611,final_validation_catboost_trial_006
9973,202611,0,0.143163096116839,0,202611,final_validation_catboost_trial_006
9980,202611,0,0.0631322457793597,0,202611,final_validation_catboost_trial_006
9985,202611,1,0.0595897344729063,0,202611,final_validation_catboost_trial_006
10002,202611,0,0.182373202232331,0,202611,final_validation_catboost_trial_006
10005,202611,0,0.0671514832825822,0,202611,final_validation_catboost_trial_006
10007,202611,0,0.119550638274577,0,202611,final_validation_catboost_trial_006
10009,202611,1,0.163179413451919,0,202611,final_validation_catboost_trial_006
10010,202611,0,0.154589682845064,0,202611,final_validation_catboost_trial_006
10013,202611,0,0.153925951738314,0,202611,final_validation_catboost_trial_006
10014,202611,0,0.0611627066452997,0,202611,final_validation_catboost_trial_006
10017,202611,0,0.122834230990736,0,202611,final_validation_catboost_trial_006
10024,202611,0,0.138164852963263,0,202611,final_validation_catboost_trial_006
10028,202611,1,0.114485222045037,0,202611,final_validation_catboost_trial_006
10030,202611,0,0.0911920319228552,0,202611,final_validation_catboost_trial_006
10037,202611,0,0.171827433487784,0,202611,final_validation_catboost_trial_006
10046,202611,0,0.0941402784582818,0,202611,final_validation_catboost_trial_006
10051,202611,0,0.112304039995157,0,202611,final_validation_catboost_trial_006
10063,202611,0,0.145552915893113,0,202611,final_validation_catboost_trial_006
10065,202611,1,0.125121705495897,0,202611,final_validation_catboost_trial_006
10067,202611,0,0.117044928722716,0,202611,final_validation_catboost_trial_006
10069,202611,1,0.216608840752422,0,202611,final_validation_catboost_trial_006
10073,202611,0,0.0663794039516095,0,202611,final_validation_catboost_trial_006
10074,202611,1,0.109122650208336,0,202611,final_validation_catboost_trial_006
10096,202611,0,0.053260862733108,0,202611,final_validation_catboost_trial_006
10099,202611,0,0.0749993850265071,0,202611,final_validation_catboost_trial_006
10100,202611,0,0.0516555914671095,0,202611,final_validation_catboost_trial_006
10101,202611,0,0.138480084804279,0,202611,final_validation_catboost_trial_006
10103,202611,0,0.0639769495016853,0,202611,final_validation_catboost_trial_006
10110,202611,0,0.172363805360236,0,202611,final_validation_catboost_trial_006
10113,202611,0,0.144479855931765,0,202611,final_validation_catboost_trial_006
10116,202611,0,0.0667597477698095,0,202611,final_validation_catboost_trial_006
10124,202611,0,0.153491790907498,0,202611,final_validation_catboost_trial_006
10127,202611,0,0.105324806841518,0,202611,final_validation_catboost_trial_006
10129,202611,0,0.161906036508368,0,202611,final_validation_catboost_trial_006
10139,202611,0,0.160833840515984,0,202611,final_validation_catboost_trial_006
10140,202611,0,0.17925424247935,0,202611,final_validation_catboost_trial_006
10145,202611,0,0.259117506960113,0,202611,final_validation_catboost_trial_006
10149,202611,0,0.0928953851550438,0,202611,final_validation_catboost_trial_006
10150,202611,1,0.133251922649917,0,202611,final_validation_catboost_trial_006
10151,202611,0,0.18169074301392,0,202611,final_validation_catboost_trial_006
10164,202611,1,0.135247921576163,0,202611,final_validation_catboost_trial_006
10165,202611,0,0.0640813976744158,0,202611,final_validation_catboost_trial_006
10166,202611,0,0.051524582251384,0,202611,final_validation_catboost_trial_006
10168,202611,0,0.126703301112604,0,202611,final_validation_catboost_trial_006
10174,202611,0,0.0931777855209932,0,202611,final_validation_catboost_trial_006
10186,202611,0,0.0818900084123195,0,202611,final_validation_catboost_trial_006
10189,202611,0,0.151539901691374,0,202611,final_validation_catboost_trial_006
10192,202611,1,0.147429757332854,0,202611,final_validation_catboost_trial_006
10193,202611,0,0.141663314571087,0,202611,final_validation_catboost_trial_006
10197,202611,0,0.0608323795712467,0,202611,final_validation_catboost_trial_006
10201,202611,0,0.135987272618186,0,202611,final_validation_catboost_trial_006
10206,202611,0,0.160954471741441,0,202611,final_validation_catboost_trial_006
10211,202611,0,0.109242095286326,0,202611,final_validation_catboost_trial_006
10216,202611,0,0.153378230978599,0,202611,final_validation_catboost_trial_006
10224,202611,0,0.122633672081675,0,202611,final_validation_catboost_trial_006
10234,202611,0,0.152561177042714,0,202611,final_validation_catboost_trial_006
10236,202611,0,0.12230803152319,0,202611,final_validation_catboost_trial_006
10239,202611,0,0.162606969429478,0,202611,final_validation_catboost_trial_006
10245,202611,1,0.141756305388667,0,202611,final_validation_catboost_trial_006
10247,202611,0,0.0661400527284203,0,202611,final_validation_catboost_trial_006
10250,202611,0,0.0465771870503276,0,202611,final_validation_catboost_trial_006
10253,202611,0,0.142213631521945,0,202611,final_validation_catboost_trial_006
10254,202611,0,0.125749918179574,0,202611,final_validation_catboost_trial_006
10263,202611,0,0.15610135159539,0,202611,final_validation_catboost_trial_006
10264,202611,0,0.171116862860124,0,202611,final_validation_catboost_trial_006
10265,202611,0,0.140220540185848,0,202611,final_validation_catboost_trial_006
10275,202611,0,0.0544166949046754,0,202611,final_validation_catboost_trial_006
10280,202611,0,0.125679585724361,0,202611,final_validation_catboost_trial_006
10286,202611,0,0.143123194233007,0,202611,final_validation_catboost_trial_006
10287,202611,0,0.173210436839886,0,202611,final_validation_catboost_trial_006
10293,202611,0,0.134071902582478,0,202611,final_validation_catboost_trial_006
10294,202611,0,0.107914787428488,0,202611,final_validation_catboost_trial_006
10303,202611,0,0.0637320612503093,0,202611,final_validation_catboost_trial_006
10308,202611,0,0.143592538233578,0,202611,final_validation_catboost_trial_006
10311,202611,0,0.127615899646022,0,202611,final_validation_catboost_trial_006
10318,202611,0,0.149768874898298,0,202611,final_validation_catboost_trial_006
10323,202611,0,0.169277523913806,0,202611,final_validation_catboost_trial_006
10324,202611,0,0.113712070591339,0,202611,final_validation_catboost_trial_006
10327,202611,0,0.117070394103962,0,202611,final_validation_catboost_trial_006
10330,202611,0,0.135428560092185,0,202611,final_validation_catboost_trial_006
10331,202611,0,0.108049551565227,0,202611,final_validation_catboost_trial_006
10333,202611,0,0.0585205579185007,0,202611,final_validation_catboost_trial_006
10334,202611,0,0.15395525620433,0,202611,final_validation_catboost_trial_006
10335,202611,0,0.143123560857469,0,202611,final_validation_catboost_trial_006
10338,202611,0,0.141737710520538,0,202611,final_validation_catboost_trial_006
10339,202611,0,0.129030424820207,0,202611,final_validation_catboost_trial_006
10346,202611,1,0.190066514841755,0,202611,final_validation_catboost_trial_006
10348,202611,0,0.0583162788931045,0,202611,final_validation_catboost_trial_006
10354,202611,0,0.237641365589578,0,202611,final_validation_catboost_trial_006
10356,202611,0,0.114302484666505,0,202611,final_validation_catboost_trial_006
10367,202611,0,0.0712545335368763,0,202611,final_validation_catboost_trial_006
10375,202611,0,0.132754622837372,0,202611,final_validation_catboost_trial_006
10384,202611,0,0.151255038557539,0,202611,final_validation_catboost_trial_006
10386,202611,0,0.0579981559974756,0,202611,final_validation_catboost_trial_006
10389,202611,0,0.129310118433005,0,202611,final_validation_catboost_trial_006
10393,202611,0,0.125957066371262,0,202611,final_validation_catboost_trial_006
10404,202611,0,0.134046920357198,0,202611,final_validation_catboost_trial_006
10408,202611,0,0.0585760720895281,0,202611,final_validation_catboost_trial_006
10416,202611,0,0.110212937096789,0,202611,final_validation_catboost_trial_006
10429,202611,1,0.16877239268162,0,202611,final_validation_catboost_trial_006
10434,202611,0,0.177645542022085,0,202611,final_validation_catboost_trial_006
10435,202611,1,0.112562795589064,0,202611,final_validation_catboost_trial_006
10441,202611,1,0.232584863666288,0,202611,final_validation_catboost_trial_006
10448,202611,0,0.167527156243055,0,202611,final_validation_catboost_trial_006
10449,202611,0,0.0820732152549074,0,202611,final_validation_catboost_trial_006
10452,202611,0,0.0542736220282714,0,202611,final_validation_catboost_trial_006
10453,202611,0,0.130852833060728,0,202611,final_validation_catboost_trial_006
10454,202611,0,0.13398201523277,0,202611,final_validation_catboost_trial_006
10461,202611,0,0.108304065025148,0,202611,final_validation_catboost_trial_006
10462,202611,0,0.0619289542304425,0,202611,final_validation_catboost_trial_006
10472,202611,0,0.0746837524703818,0,202611,final_validation_catboost_trial_006
10474,202611,0,0.168410813110857,0,202611,final_validation_catboost_trial_006
10476,202611,0,0.149782794781687,0,202611,final_validation_catboost_trial_006
10478,202611,0,0.0568412716961189,0,202611,final_validation_catboost_trial_006
10483,202611,0,0.0934661130380023,0,202611,final_validation_catboost_trial_006
10485,202611,1,0.147164707483775,0,202611,final_validation_catboost_trial_006
10492,202611,0,0.12586013552422,0,202611,final_validation_catboost_trial_006
10493,202611,0,0.159019159589636,0,202611,final_validation_catboost_trial_006
10499,202611,0,0.0803978268613198,0,202611,final_validation_catboost_trial_006
10501,202611,0,0.0585067711303777,0,202611,final_validation_catboost_trial_006
10503,202611,1,0.119390915595773,0,202611,final_validation_catboost_trial_006
10509,202611,0,0.133481457757557,0,202611,final_validation_catboost_trial_006
10512,202611,0,0.129677695470219,0,202611,final_validation_catboost_trial_006
10513,202611,0,0.11217042405485,0,202611,final_validation_catboost_trial_006
10516,202611,0,0.122136180449717,0,202611,final_validation_catboost_trial_006
10517,202611,0,0.125913621880502,0,202611,final_validation_catboost_trial_006
10523,202611,1,0.148056643726984,0,202611,final_validation_catboost_trial_006
10525,202611,0,0.130087494449106,0,202611,final_validation_catboost_trial_006
10529,202611,0,0.128952848376905,0,202611,final_validation_catboost_trial_006
10532,202611,0,0.125607933810153,0,202611,final_validation_catboost_trial_006
10537,202611,0,0.134720033054958,0,202611,final_validation_catboost_trial_006
10541,202611,0,0.165794491846273,0,202611,final_validation_catboost_trial_006
10545,202611,0,0.105479055170735,0,202611,final_validation_catboost_trial_006
10547,202611,1,0.136950820205179,0,202611,final_validation_catboost_trial_006
10548,202611,0,0.119529499605423,0,202611,final_validation_catboost_trial_006
10552,202611,0,0.0460134209902975,0,202611,final_validation_catboost_trial_006
10554,202611,0,0.150482947796395,0,202611,final_validation_catboost_trial_006
10557,202611,0,0.141317098262224,0,202611,final_validation_catboost_trial_006
10564,202611,0,0.148635996702732,0,202611,final_validation_catboost_trial_006
10566,202611,1,0.124641066256033,0,202611,final_validation_catboost_trial_006
10574,202611,0,0.0599832577728155,0,202611,final_validation_catboost_trial_006
10591,202611,0,0.124423559198171,0,202611,final_validation_catboost_trial_006
10596,202611,0,0.165536001758881,0,202611,final_validation_catboost_trial_006
10600,202611,0,0.195298179897934,0,202611,final_validation_catboost_trial_006
10601,202611,1,0.0446016623394402,0,202611,final_validation_catboost_trial_006
10606,202611,0,0.0572969077878338,0,202611,final_validation_catboost_trial_006
10611,202611,0,0.120459438537383,0,202611,final_validation_catboost_trial_006
10619,202611,1,0.145733018604858,0,202611,final_validation_catboost_trial_006
10622,202611,0,0.0570482316388903,0,202611,final_validation_catboost_trial_006
10626,202611,0,0.115097144850719,0,202611,final_validation_catboost_trial_006
10629,202611,0,0.0720199256318221,0,202611,final_validation_catboost_trial_006
10630,202611,0,0.138540150381438,0,202611,final_validation_catboost_trial_006
10631,202611,0,0.144179197333628,0,202611,final_validation_catboost_trial_006
10633,202611,0,0.0499474763525698,0,202611,final_validation_catboost_trial_006
10638,202611,0,0.144249720435169,0,202611,final_validation_catboost_trial_006
10639,202611,0,0.186599282176535,0,202611,final_validation_catboost_trial_006
10640,202611,0,0.0560677094972725,0,202611,final_validation_catboost_trial_006
10641,202611,1,0.0641688226190742,0,202611,final_validation_catboost_trial_006
10657,202611,0,0.133634666529847,0,202611,final_validation_catboost_trial_006
10661,202611,1,0.163265887754102,0,202611,final_validation_catboost_trial_006
10663,202611,0,0.13327038696299,0,202611,final_validation_catboost_trial_006
10664,202611,0,0.158553062444673,0,202611,final_validation_catboost_trial_006
10667,202611,0,0.121276319376873,0,202611,final_validation_catboost_trial_006
10671,202611,0,0.157455568149512,0,202611,final_validation_catboost_trial_006
10672,202611,0,0.121203478606684,0,202611,final_validation_catboost_trial_006
10675,202611,0,0.138124599184911,0,202611,final_validation_catboost_trial_006
10679,202611,0,0.151053872568993,0,202611,final_validation_catboost_trial_006
10681,202611,0,0.137418641735074,0,202611,final_validation_catboost_trial_006
10682,202611,1,0.153653908696949,0,202611,final_validation_catboost_trial_006
10683,202611,0,0.0680141689665859,0,202611,final_validation_catboost_trial_006
10688,202611,0,0.115998123400238,0,202611,final_validation_catboost_trial_006
10689,202611,1,0.121635607171142,0,202611,final_validation_catboost_trial_006
10701,202611,0,0.149648291727581,0,202611,final_validation_catboost_trial_006
10704,202611,0,0.143913067864493,0,202611,final_validation_catboost_trial_006
10709,202611,0,0.175679003805719,0,202611,final_validation_catboost_trial_006
10711,202611,1,0.157554632903807,0,202611,final_validation_catboost_trial_006
10713,202611,1,0.120361770182809,0,202611,final_validation_catboost_trial_006
10715,202611,0,0.133968083304785,0,202611,final_validation_catboost_trial_006
10716,202611,1,0.174185212368926,0,202611,final_validation_catboost_trial_006
10718,202611,0,0.0625632391351801,0,202611,final_validation_catboost_trial_006
10721,202611,1,0.146235710845353,0,202611,final_validation_catboost_trial_006
10724,202611,0,0.125763946728056,0,202611,final_validation_catboost_trial_006
10730,202611,1,0.128271113294191,0,202611,final_validation_catboost_trial_006
10731,202611,0,0.0748931861627611,0,202611,final_validation_catboost_trial_006
10733,202611,0,0.128776426108142,0,202611,final_validation_catboost_trial_006
10734,202611,1,0.187629562557799,0,202611,final_validation_catboost_trial_006
10737,202611,0,0.125034301685448,0,202611,final_validation_catboost_trial_006
10744,202611,0,0.0452398870331698,0,202611,final_validation_catboost_trial_006
10750,202611,0,0.0855866100468643,0,202611,final_validation_catboost_trial_006
10762,202611,1,0.13462638410039,0,202611,final_validation_catboost_trial_006
10770,202611,0,0.112917518986327,0,202611,final_validation_catboost_trial_006
10776,202611,0,0.165937521884443,0,202611,final_validation_catboost_trial_006
10780,202611,0,0.0536601554832633,0,202611,final_validation_catboost_trial_006
10782,202611,0,0.264280093834521,0,202611,final_validation_catboost_trial_006
10783,202611,1,0.120404907623761,0,202611,final_validation_catboost_trial_006
10789,202611,0,0.136729567218748,0,202611,final_validation_catboost_trial_006
10791,202611,1,0.125773370675867,0,202611,final_validation_catboost_trial_006
10793,202611,0,0.163087165715582,0,202611,final_validation_catboost_trial_006
10795,202611,0,0.170708748832115,0,202611,final_validation_catboost_trial_006
10807,202611,0,0.127183589704347,0,202611,final_validation_catboost_trial_006
10813,202611,0,0.118674388521137,0,202611,final_validation_catboost_trial_006
10815,202611,0,0.119291201315344,0,202611,final_validation_catboost_trial_006
10817,202611,0,0.129549312839215,0,202611,final_validation_catboost_trial_006
10819,202611,0,0.127790133286895,0,202611,final_validation_catboost_trial_006
10824,202611,0,0.146864561005311,0,202611,final_validation_catboost_trial_006
10828,202611,0,0.163587384703197,0,202611,final_validation_catboost_trial_006
10829,202611,1,0.160462956719131,0,202611,final_validation_catboost_trial_006
10830,202611,0,0.0703793243471357,0,202611,final_validation_catboost_trial_006
10832,202611,0,0.139998988250521,0,202611,final_validation_catboost_trial_006
10836,202611,0,0.147597144166782,0,202611,final_validation_catboost_trial_006
10839,202611,0,0.147106843079197,0,202611,final_validation_catboost_trial_006
10843,202611,0,0.121522231419062,0,202611,final_validation_catboost_trial_006
10844,202611,0,0.114083844658584,0,202611,final_validation_catboost_trial_006
10852,202611,1,0.14710191613745,0,202611,final_validation_catboost_trial_006
10866,202611,0,0.236613530895483,0,202611,final_validation_catboost_trial_006
10871,202611,1,0.115550686289416,0,202611,final_validation_catboost_trial_006
10872,202611,0,0.121586016470965,0,202611,final_validation_catboost_trial_006
10873,202611,0,0.0609295652539972,0,202611,final_validation_catboost_trial_006
10878,202611,0,0.216487390478879,0,202611,final_validation_catboost_trial_006
10889,202611,0,0.066744020302772,0,202611,final_validation_catboost_trial_006
10892,202611,1,0.140472389576527,0,202611,final_validation_catboost_trial_006
10895,202611,1,0.167076968648418,0,202611,final_validation_catboost_trial_006
10899,202611,0,0.160761449546167,0,202611,final_validation_catboost_trial_006
10901,202611,0,0.158427378325517,0,202611,final_validation_catboost_trial_006
10904,202611,0,0.144512950387326,0,202611,final_validation_catboost_trial_006
10907,202611,1,0.128747895965345,0,202611,final_validation_catboost_trial_006
10910,202611,0,0.13080886656873,0,202611,final_validation_catboost_trial_006
10911,202611,0,0.118906593699839,0,202611,final_validation_catboost_trial_006
10917,202611,0,0.125027656774121,0,202611,final_validation_catboost_trial_006
10920,202611,0,0.127163194927849,0,202611,final_validation_catboost_trial_006
10921,202611,0,0.0457176434570397,0,202611,final_validation_catboost_trial_006
10922,202611,0,0.0653750526630344,0,202611,final_validation_catboost_trial_006
10929,202611,0,0.0446829582270907,0,202611,final_validation_catboost_trial_006
10930,202611,0,0.053367358627518,0,202611,final_validation_catboost_trial_006
10933,202611,0,0.135504480457163,0,202611,final_validation_catboost_trial_006
10934,202611,0,0.059559505802201,0,202611,final_validation_catboost_trial_006
10939,202611,0,0.132668010332382,0,202611,final_validation_catboost_trial_006
10942,202611,0,0.0414201859406135,0,202611,final_validation_catboost_trial_006
10943,202611,0,0.0492306838903438,0,202611,final_validation_catboost_trial_006
10945,202611,0,0.17377341023831,0,202611,final_validation_catboost_trial_006
10946,202611,0,0.127078434828141,0,202611,final_validation_catboost_trial_006
10949,202611,0,0.0700179514443695,0,202611,final_validation_catboost_trial_006
10951,202611,0,0.120651144244803,0,202611,final_validation_catboost_trial_006
10952,202611,0,0.152988869696728,0,202611,final_validation_catboost_trial_006
10953,202611,0,0.0552053610639636,0,202611,final_validation_catboost_trial_006
10955,202611,0,0.0455878412760999,0,202611,final_validation_catboost_trial_006
10956,202611,0,0.154047693212022,0,202611,final_validation_catboost_trial_006
10959,202611,0,0.180026355186975,0,202611,final_validation_catboost_trial_006
10963,202611,0,0.109809037340875,0,202611,final_validation_catboost_trial_006
10965,202611,0,0.144013894158166,0,202611,final_validation_catboost_trial_006
10971,202611,0,0.0702640247950597,0,202611,final_validation_catboost_trial_006
10975,202611,0,0.132296323456294,0,202611,final_validation_catboost_trial_006
10979,202611,0,0.113045282397275,0,202611,final_validation_catboost_trial_006
10983,202611,0,0.141586144055594,0,202611,final_validation_catboost_trial_006
10984,202611,0,0.130259464620193,0,202611,final_validation_catboost_trial_006
10989,202611,0,0.0642337611679555,0,202611,final_validation_catboost_trial_006
10992,202611,0,0.128984804397682,0,202611,final_validation_catboost_trial_006
10996,202611,1,0.232703503016311,0,202611,final_validation_catboost_trial_006
11001,202611,0,0.0615766232670563,0,202611,final_validation_catboost_trial_006
11003,202611,0,0.06017162941637,0,202611,final_validation_catboost_trial_006
11004,202611,0,0.0532388097924856,0,202611,final_validation_catboost_trial_006
11008,202611,0,0.0614320350916288,0,202611,final_validation_catboost_trial_006
11013,202611,1,0.251377482088137,0,202611,final_validation_catboost_trial_006
11016,202611,0,0.0652601917281461,0,202611,final_validation_catboost_trial_006
11017,202611,0,0.0373439872943101,0,202611,final_validation_catboost_trial_006
11018,202611,1,0.152712477430751,0,202611,final_validation_catboost_trial_006
11021,202611,0,0.195267776128214,0,202611,final_validation_catboost_trial_006
11028,202611,0,0.213084694401554,0,202611,final_validation_catboost_trial_006
11034,202611,0,0.13173261619357,0,202611,final_validation_catboost_trial_006
11035,202611,0,0.0623842749682668,0,202611,final_validation_catboost_trial_006
11036,202611,0,0.0809934098464663,0,202611,final_validation_catboost_trial_006
11040,202611,1,0.163964582112018,0,202611,final_validation_catboost_trial_006
11041,202611,0,0.124941006846672,0,202611,final_validation_catboost_trial_006
11043,202611,1,0.154911154042514,0,202611,final_validation_catboost_trial_006
11047,202611,0,0.1984893515069,0,202611,final_validation_catboost_trial_006
11056,202611,0,0.170495506082011,0,202611,final_validation_catboost_trial_006
11058,202611,0,0.149948013494863,0,202611,final_validation_catboost_trial_006
11059,202611,0,0.0701423504113758,0,202611,final_validation_catboost_trial_006
11060,202611,0,0.0855701265799217,0,202611,final_validation_catboost_trial_006
11064,202611,0,0.150072798358967,0,202611,final_validation_catboost_trial_006
11066,202611,0,0.0676239751139666,0,202611,final_validation_catboost_trial_006
11069,202611,0,0.120219948729113,0,202611,final_validation_catboost_trial_006
11071,202611,0,0.129835485588096,0,202611,final_validation_catboost_trial_006
11072,202611,0,0.141356464169164,0,202611,final_validation_catboost_trial_006
11077,202611,0,0.132773382940462,0,202611,final_validation_catboost_trial_006
11078,202611,1,0.213566642217817,0,202611,final_validation_catboost_trial_006
11080,202611,0,0.122155350005573,0,202611,final_validation_catboost_trial_006
11092,202611,0,0.113022876263285,0,202611,final_validation_catboost_trial_006
11093,202611,1,0.168842616439597,0,202611,final_validation_catboost_trial_006
11097,202611,0,0.0576352001810696,0,202611,final_validation_catboost_trial_006
11098,202611,0,0.1303648531398,0,202611,final_validation_catboost_trial_006
11113,202611,1,0.142260733275925,0,202611,final_validation_catboost_trial_006
11114,202611,0,0.12393330704187,0,202611,final_validation_catboost_trial_006
11117,202611,1,0.130604315033604,0,202611,final_validation_catboost_trial_006
11121,202611,0,0.0487455488109843,0,202611,final_validation_catboost_trial_006
11124,202611,0,0.164285748993056,0,202611,final_validation_catboost_trial_006
11126,202611,1,0.132902114865684,0,202611,final_validation_catboost_trial_006
11131,202611,0,0.134279990611281,0,202611,final_validation_catboost_trial_006
11143,202611,0,0.159192207803885,0,202611,final_validation_catboost_trial_006
11146,202611,0,0.0915163640158752,0,202611,final_validation_catboost_trial_006
11148,202611,1,0.119143883548175,0,202611,final_validation_catboost_trial_006
11154,202611,0,0.136771226352722,0,202611,final_validation_catboost_trial_006
11164,202611,0,0.147201761506236,0,202611,final_validation_catboost_trial_006
11172,202611,0,0.134652061086297,0,202611,final_validation_catboost_trial_006
11173,202611,0,0.0621694632432956,0,202611,final_validation_catboost_trial_006
11174,202611,0,0.118459778916615,0,202611,final_validation_catboost_trial_006
11175,202611,0,0.125884400800084,0,202611,final_validation_catboost_trial_006
11179,202611,1,0.127768392183391,0,202611,final_validation_catboost_trial_006
11180,202611,0,0.161134937416688,0,202611,final_validation_catboost_trial_006
11184,202611,0,0.0645980166109157,0,202611,final_validation_catboost_trial_006
11188,202611,0,0.129159712832937,0,202611,final_validation_catboost_trial_006
11189,202611,0,0.0673748261892042,0,202611,final_validation_catboost_trial_006
11190,202611,0,0.0857000256372817,0,202611,final_validation_catboost_trial_006
11192,202611,1,0.14172927489296,0,202611,final_validation_catboost_trial_006
11197,202611,0,0.055538621431519,0,202611,final_validation_catboost_trial_006
11198,202611,1,0.242383528424533,0,202611,final_validation_catboost_trial_006
11201,202611,0,0.152840808595929,0,202611,final_validation_catboost_trial_006
11204,202611,0,0.155208465549202,0,202611,final_validation_catboost_trial_006
11211,202611,0,0.123112122738792,0,202611,final_validation_catboost_trial_006
11212,202611,0,0.147164619461754,0,202611,final_validation_catboost_trial_006
11217,202611,1,0.147517399995599,0,202611,final_validation_catboost_trial_006
11218,202611,0,0.155465229330988,0,202611,final_validation_catboost_trial_006
11219,202611,0,0.151516515867224,0,202611,final_validation_catboost_trial_006
11227,202611,0,0.144963349704838,0,202611,final_validation_catboost_trial_006
11241,202611,0,0.142714427248552,0,202611,final_validation_catboost_trial_006
11251,202611,0,0.0691830988434989,0,202611,final_validation_catboost_trial_006
11254,202611,0,0.0521630381550565,0,202611,final_validation_catboost_trial_006
11260,202611,0,0.0818022376288026,0,202611,final_validation_catboost_trial_006
11264,202611,0,0.114504847435236,0,202611,final_validation_catboost_trial_006
11271,202611,1,0.0854329185511156,0,202611,final_validation_catboost_trial_006
11273,202611,0,0.0761935296006448,0,202611,final_validation_catboost_trial_006
11274,202611,1,0.1506011752099,0,202611,final_validation_catboost_trial_006
11276,202611,0,0.0591984868056648,0,202611,final_validation_catboost_trial_006
11278,202611,0,0.0603894429376983,0,202611,final_validation_catboost_trial_006
11282,202611,0,0.150854452774117,0,202611,final_validation_catboost_trial_006
11283,202611,0,0.125570175790638,0,202611,final_validation_catboost_trial_006
11291,202611,0,0.124940579453352,0,202611,final_validation_catboost_trial_006
11293,202611,0,0.154870414216009,0,202611,final_validation_catboost_trial_006
11302,202611,0,0.140577010806423,0,202611,final_validation_catboost_trial_006
11304,202611,0,0.0661109510779247,0,202611,final_validation_catboost_trial_006
11305,202611,0,0.147370747606697,0,202611,final_validation_catboost_trial_006
11315,202611,0,0.153504427756937,0,202611,final_validation_catboost_trial_006
11321,202611,0,0.111279475952384,0,202611,final_validation_catboost_trial_006
11325,202611,0,0.133225053626203,0,202611,final_validation_catboost_trial_006
11335,202611,0,0.126351777300716,0,202611,final_validation_catboost_trial_006
11341,202611,0,0.120711410994235,0,202611,final_validation_catboost_trial_006
11343,202611,0,0.131341450047274,0,202611,final_validation_catboost_trial_006
11344,202611,0,0.172378604878679,0,202611,final_validation_catboost_trial_006
11350,202611,1,0.230397730877472,0,202611,final_validation_catboost_trial_006
11361,202611,0,0.125594959666575,0,202611,final_validation_catboost_trial_006
11375,202611,0,0.120180705590818,0,202611,final_validation_catboost_trial_006
11377,202611,0,0.0716549092063254,0,202611,final_validation_catboost_trial_006
11379,202611,0,0.158646005354279,0,202611,final_validation_catboost_trial_006
11380,202611,0,0.157560472614384,0,202611,final_validation_catboost_trial_006
11381,202611,1,0.212856226122169,0,202611,final_validation_catboost_trial_006
11391,202611,0,0.126099443509425,0,202611,final_validation_catboost_trial_006
11393,202611,0,0.147017627040175,0,202611,final_validation_catboost_trial_006
11394,202611,0,0.144704298591633,0,202611,final_validation_catboost_trial_006
11398,202611,0,0.147156969133615,0,202611,final_validation_catboost_trial_006
11399,202611,0,0.125357259967309,0,202611,final_validation_catboost_trial_006
11408,202611,0,0.11266220710584,0,202611,final_validation_catboost_trial_006
11412,202611,0,0.14912894069589,0,202611,final_validation_catboost_trial_006
11420,202611,0,0.133156270893068,0,202611,final_validation_catboost_trial_006
11421,202611,0,0.160712598387118,0,202611,final_validation_catboost_trial_006
11430,202611,0,0.0622601567875872,0,202611,final_validation_catboost_trial_006
11434,202611,1,0.146868107698106,0,202611,final_validation_catboost_trial_006
11437,202611,0,0.129916133366455,0,202611,final_validation_catboost_trial_006
11446,202611,0,0.210616317769669,0,202611,final_validation_catboost_trial_006
11447,202611,1,0.147629108430679,0,202611,final_validation_catboost_trial_006
11471,202611,0,0.112482343159037,0,202611,final_validation_catboost_trial_006
11472,202611,0,0.133962311424716,0,202611,final_validation_catboost_trial_006
11475,202611,0,0.0707984448599996,0,202611,final_validation_catboost_trial_006
11483,202611,0,0.131234108793328,0,202611,final_validation_catboost_trial_006
11492,202611,0,0.126072794236337,0,202611,final_validation_catboost_trial_006
11495,202611,1,0.165640808890664,0,202611,final_validation_catboost_trial_006
11497,202611,0,0.128172256799569,0,202611,final_validation_catboost_trial_006
11498,202611,0,0.0917717403759165,0,202611,final_validation_catboost_trial_006
11502,202611,0,0.123576511832192,0,202611,final_validation_catboost_trial_006
11504,202611,0,0.255165874629452,0,202611,final_validation_catboost_trial_006
11511,202611,0,0.215321319693088,0,202611,final_validation_catboost_trial_006
11512,202611,0,0.117357803429976,0,202611,final_validation_catboost_trial_006
11514,202611,0,0.0571124821546775,0,202611,final_validation_catboost_trial_006
11522,202611,0,0.141856491752914,0,202611,final_validation_catboost_trial_006
11524,202611,0,0.147802337668372,0,202611,final_validation_catboost_trial_006
11533,202611,0,0.163264338859686,0,202611,final_validation_catboost_trial_006
11534,202611,0,0.0823748306255107,0,202611,final_validation_catboost_trial_006
11538,202611,1,0.0632326250353461,0,202611,final_validation_catboost_trial_006
11541,202611,0,0.130338228023573,0,202611,final_validation_catboost_trial_006
11542,202611,0,0.126117554256794,0,202611,final_validation_catboost_trial_006
11546,202611,1,0.147035938274219,0,202611,final_validation_catboost_trial_006
11547,202611,0,0.122480211496896,0,202611,final_validation_catboost_trial_006
11548,202611,0,0.087517596522663,0,202611,final_validation_catboost_trial_006
11560,202611,1,0.159616535178794,0,202611,final_validation_catboost_trial_006
11566,202611,0,0.172723210958558,0,202611,final_validation_catboost_trial_006
11572,202611,0,0.146517059650025,0,202611,final_validation_catboost_trial_006
11574,202611,0,0.0812178512740458,0,202611,final_validation_catboost_trial_006
11576,202611,0,0.134393552755143,0,202611,final_validation_catboost_trial_006
11577,202611,0,0.0599829557289035,0,202611,final_validation_catboost_trial_006
11580,202611,0,0.130816229550438,0,202611,final_validation_catboost_trial_006
11598,202611,0,0.062156549392242,0,202611,final_validation_catboost_trial_006
11603,202611,0,0.113343546041402,0,202611,final_validation_catboost_trial_006
11613,202611,0,0.133388764667005,0,202611,final_validation_catboost_trial_006
11614,202611,0,0.141324802607396,0,202611,final_validation_catboost_trial_006
11620,202611,0,0.122472955580175,0,202611,final_validation_catboost_trial_006
11621,202611,0,0.147599173327556,0,202611,final_validation_catboost_trial_006
11622,202611,0,0.0522993553722991,0,202611,final_validation_catboost_trial_006
11626,202611,0,0.0596096119265317,0,202611,final_validation_catboost_trial_006
11630,202611,0,0.153649583439917,0,202611,final_validation_catboost_trial_006
11636,202611,0,0.137099620734394,0,202611,final_validation_catboost_trial_006
11637,202611,0,0.0680463571010491,0,202611,final_validation_catboost_trial_006
11639,202611,0,0.0888925275863195,0,202611,final_validation_catboost_trial_006
11643,202611,1,0.258588868221255,0,202611,final_validation_catboost_trial_006
11647,202611,0,0.151859843942264,0,202611,final_validation_catboost_trial_006
11653,202611,0,0.113691059992848,0,202611,final_validation_catboost_trial_006
11654,202611,0,0.053293477527691,0,202611,final_validation_catboost_trial_006
11660,202611,0,0.12814761206668,0,202611,final_validation_catboost_trial_006
11661,202611,1,0.10415003565202,0,202611,final_validation_catboost_trial_006
11664,202611,0,0.140969423930841,0,202611,final_validation_catboost_trial_006
11667,202611,0,0.134147112704528,0,202611,final_validation_catboost_trial_006
11679,202611,0,0.104626743929189,0,202611,final_validation_catboost_trial_006
11687,202611,0,0.149069619741701,0,202611,final_validation_catboost_trial_006
11691,202611,0,0.0600354707384831,0,202611,final_validation_catboost_trial_006
11696,202611,0,0.122913051052185,0,202611,final_validation_catboost_trial_006
11700,202611,1,0.145250228480628,0,202611,final_validation_catboost_trial_006
11702,202611,0,0.166276440284911,0,202611,final_validation_catboost_trial_006
11703,202611,0,0.0612772414055614,0,202611,final_validation_catboost_trial_006
11705,202611,0,0.14516957275052,0,202611,final_validation_catboost_trial_006
11711,202611,0,0.159240716778551,0,202611,final_validation_catboost_trial_006
11716,202611,0,0.0991679255206192,0,202611,final_validation_catboost_trial_006
11717,202611,0,0.151739640326019,0,202611,final_validation_catboost_trial_006
11719,202611,1,0.18621924115828,0,202611,final_validation_catboost_trial_006
11722,202611,0,0.0680571326069879,0,202611,final_validation_catboost_trial_006
11724,202611,0,0.123050255676097,0,202611,final_validation_catboost_trial_006
11728,202611,0,0.14552062172796,0,202611,final_validation_catboost_trial_006
11736,202611,1,0.129850178844697,0,202611,final_validation_catboost_trial_006
11737,202611,0,0.106729083002099,0,202611,final_validation_catboost_trial_006
11738,202611,0,0.139404180041012,0,202611,final_validation_catboost_trial_006
11744,202611,0,0.115741240800527,0,202611,final_validation_catboost_trial_006
11747,202611,0,0.0432200455018045,0,202611,final_validation_catboost_trial_006
11753,202611,0,0.0577909141462943,0,202611,final_validation_catboost_trial_006
11757,202611,0,0.141960531865475,0,202611,final_validation_catboost_trial_006
11758,202611,0,0.0809466605757455,0,202611,final_validation_catboost_trial_006
11760,202611,0,0.0908401524655608,0,202611,final_validation_catboost_trial_006
11761,202611,1,0.310634905277441,0,202611,final_validation_catboost_trial_006
11762,202611,0,0.131513289850523,0,202611,final_validation_catboost_trial_006
11764,202611,0,0.140267990887437,0,202611,final_validation_catboost_trial_006
11768,202611,0,0.0625996993453662,0,202611,final_validation_catboost_trial_006
11773,202611,0,0.0786243078808415,0,202611,final_validation_catboost_trial_006
11774,202611,0,0.193567185665242,0,202611,final_validation_catboost_trial_006
11783,202611,0,0.0983166294292631,0,202611,final_validation_catboost_trial_006
11785,202611,0,0.0901044867642488,0,202611,final_validation_catboost_trial_006
11787,202611,0,0.134716206859433,0,202611,final_validation_catboost_trial_006
11788,202611,1,0.139773404201333,0,202611,final_validation_catboost_trial_006
11791,202611,0,0.110963033792108,0,202611,final_validation_catboost_trial_006
11796,202611,0,0.0524794087462531,0,202611,final_validation_catboost_trial_006
11797,202611,0,0.0804518601973777,0,202611,final_validation_catboost_trial_006
11798,202611,0,0.0526167232280257,0,202611,final_validation_catboost_trial_006
11799,202611,1,0.132127630790782,0,202611,final_validation_catboost_trial_006
11803,202611,0,0.0708752676518298,0,202611,final_validation_catboost_trial_006
11808,202611,0,0.123198069613687,0,202611,final_validation_catboost_trial_006
11810,202611,0,0.139587776199604,0,202611,final_validation_catboost_trial_006
11814,202611,0,0.138290378036473,0,202611,final_validation_catboost_trial_006
11816,202611,1,0.131861374133605,0,202611,final_validation_catboost_trial_006
11818,202611,1,0.114683033207374,0,202611,final_validation_catboost_trial_006
11822,202611,0,0.133721849468936,0,202611,final_validation_catboost_trial_006
11824,202611,0,0.065365306741742,0,202611,final_validation_catboost_trial_006
11829,202611,0,0.140549245449239,0,202611,final_validation_catboost_trial_006
11835,202611,1,0.18307274893919,0,202611,final_validation_catboost_trial_006
11840,202611,1,0.141398693169924,0,202611,final_validation_catboost_trial_006
11846,202611,0,0.145209545654579,0,202611,final_validation_catboost_trial_006
11847,202611,0,0.121448638246401,0,202611,final_validation_catboost_trial_006
11850,202611,0,0.234614701752228,0,202611,final_validation_catboost_trial_006
11853,202611,0,0.0601542820255417,0,202611,final_validation_catboost_trial_006
11854,202611,0,0.0726976862690867,0,202611,final_validation_catboost_trial_006
11857,202611,0,0.131004402202349,0,202611,final_validation_catboost_trial_006
11862,202611,0,0.110840735473714,0,202611,final_validation_catboost_trial_006
11871,202611,1,0.151543445743552,0,202611,final_validation_catboost_trial_006
11879,202611,1,0.141779729044871,0,202611,final_validation_catboost_trial_006
11880,202611,1,0.0562365861533979,0,202611,final_validation_catboost_trial_006
11883,202611,0,0.0632400064818181,0,202611,final_validation_catboost_trial_006
11890,202611,0,0.128651710181543,0,202611,final_validation_catboost_trial_006
11898,202611,1,0.12411124487945,0,202611,final_validation_catboost_trial_006
11905,202611,1,0.157344888308525,0,202611,final_validation_catboost_trial_006
11909,202611,0,0.0376898625414511,0,202611,final_validation_catboost_trial_006
11912,202611,1,0.151341378940669,0,202611,final_validation_catboost_trial_006
11913,202611,0,0.163568198328333,0,202611,final_validation_catboost_trial_006
11917,202611,0,0.144787138816702,0,202611,final_validation_catboost_trial_006
11919,202611,0,0.12819237393716,0,202611,final_validation_catboost_trial_006
11920,202611,0,0.0630061482257227,0,202611,final_validation_catboost_trial_006
11921,202611,0,0.116161867374539,0,202611,final_validation_catboost_trial_006
11928,202611,0,0.113828684692761,0,202611,final_validation_catboost_trial_006
11929,202611,0,0.158561715242052,0,202611,final_validation_catboost_trial_006
11935,202611,0,0.052358805892128,0,202611,final_validation_catboost_trial_006
11936,202611,0,0.052541339145695,0,202611,final_validation_catboost_trial_006
11939,202611,0,0.0627959016415292,0,202611,final_validation_catboost_trial_006
11942,202611,0,0.0559000955899952,0,202611,final_validation_catboost_trial_006
11943,202611,0,0.126213357977753,0,202611,final_validation_catboost_trial_006
11945,202611,1,0.227554482086397,0,202611,final_validation_catboost_trial_006
11946,202611,0,0.12531536477884,0,202611,final_validation_catboost_trial_006
11947,202611,0,0.118447867250373,0,202611,final_validation_catboost_trial_006
11952,202611,0,0.15888697049135,0,202611,final_validation_catboost_trial_006
11956,202611,0,0.143308001708223,0,202611,final_validation_catboost_trial_006
11959,202611,0,0.21621067574976,0,202611,final_validation_catboost_trial_006
11969,202611,0,0.128851635871337,0,202611,final_validation_catboost_trial_006
11973,202611,0,0.142289223431346,0,202611,final_validation_catboost_trial_006
11974,202611,0,0.139174368111894,0,202611,final_validation_catboost_trial_006
11975,202611,0,0.130650368819303,0,202611,final_validation_catboost_trial_006
11993,202611,0,0.162059606993727,0,202611,final_validation_catboost_trial_006
11994,202611,0,0.130915048307943,0,202611,final_validation_catboost_trial_006
11995,202611,0,0.0874904051206419,0,202611,final_validation_catboost_trial_006
12002,202611,0,0.12690562235074,0,202611,final_validation_catboost_trial_006
12004,202611,1,0.128889429168115,0,202611,final_validation_catboost_trial_006
12006,202611,0,0.102690434543249,0,202611,final_validation_catboost_trial_006
12007,202611,0,0.12138805193818,0,202611,final_validation_catboost_trial_006
12014,202611,0,0.151575388725927,0,202611,final_validation_catboost_trial_006
12017,202611,0,0.191303090945918,0,202611,final_validation_catboost_trial_006
12018,202611,1,0.167562931336805,0,202611,final_validation_catboost_trial_006
12021,202611,0,0.147480289166273,0,202611,final_validation_catboost_trial_006
12023,202611,0,0.167882241205728,0,202611,final_validation_catboost_trial_006
12024,202611,0,0.139953957948474,0,202611,final_validation_catboost_trial_006
12027,202611,0,0.177389345875753,0,202611,final_validation_catboost_trial_006
12034,202611,0,0.12424888011963,0,202611,final_validation_catboost_trial_006
12040,202611,0,0.139467223518023,0,202611,final_validation_catboost_trial_006
12047,202611,1,0.136349025515495,0,202611,final_validation_catboost_trial_006
12048,202611,0,0.112743730667332,0,202611,final_validation_catboost_trial_006
12052,202611,0,0.0716236380288253,0,202611,final_validation_catboost_trial_006
12057,202611,0,0.156434730840829,0,202611,final_validation_catboost_trial_006
12058,202611,0,0.192781714634696,0,202611,final_validation_catboost_trial_006
12061,202611,0,0.115950159705531,0,202611,final_validation_catboost_trial_006
12062,202611,0,0.137230077589705,0,202611,final_validation_catboost_trial_006
12064,202611,0,0.0667720853341116,0,202611,final_validation_catboost_trial_006
12067,202611,1,0.132013071446873,0,202611,final_validation_catboost_trial_006
12071,202611,0,0.133760687557874,0,202611,final_validation_catboost_trial_006
12080,202611,0,0.16665109181397,0,202611,final_validation_catboost_trial_006
12085,202611,0,0.0576727216639526,0,202611,final_validation_catboost_trial_006
12090,202611,0,0.153635267523546,0,202611,final_validation_catboost_trial_006
12100,202611,0,0.125402127977235,0,202611,final_validation_catboost_trial_006
12103,202611,0,0.147174452657317,0,202611,final_validation_catboost_trial_006
12104,202611,0,0.144938656273233,0,202611,final_validation_catboost_trial_006
12109,202611,0,0.0434482625316555,0,202611,final_validation_catboost_trial_006
12114,202611,0,0.135241530633933,0,202611,final_validation_catboost_trial_006
12123,202611,0,0.069516375280979,0,202611,final_validation_catboost_trial_006
12124,202611,0,0.0691642549881442,0,202611,final_validation_catboost_trial_006
12128,202611,0,0.236212868580942,0,202611,final_validation_catboost_trial_006
12132,202611,0,0.116945003611051,0,202611,final_validation_catboost_trial_006
12135,202611,0,0.122385271594755,0,202611,final_validation_catboost_trial_006
12140,202611,0,0.269134414548484,0,202611,final_validation_catboost_trial_006
12149,202611,0,0.0582496993002255,0,202611,final_validation_catboost_trial_006
12155,202611,0,0.11582981213098,0,202611,final_validation_catboost_trial_006
12158,202611,0,0.158143361672688,0,202611,final_validation_catboost_trial_006
12161,202611,0,0.157974865314432,0,202611,final_validation_catboost_trial_006
12163,202611,0,0.134300939776344,0,202611,final_validation_catboost_trial_006
12164,202611,0,0.123231740928088,0,202611,final_validation_catboost_trial_006
12174,202611,0,0.0659008822446404,0,202611,final_validation_catboost_trial_006
12175,202611,0,0.149210397791244,0,202611,final_validation_catboost_trial_006
12179,202611,0,0.208059122558674,0,202611,final_validation_catboost_trial_006
12183,202611,0,0.145363887544105,0,202611,final_validation_catboost_trial_006
12184,202611,0,0.144730270246073,0,202611,final_validation_catboost_trial_006
12186,202611,0,0.0600541983538212,0,202611,final_validation_catboost_trial_006
12190,202611,0,0.130842838461022,0,202611,final_validation_catboost_trial_006
12193,202611,0,0.136842183442686,0,202611,final_validation_catboost_trial_006
12195,202611,0,0.0684912043423955,0,202611,final_validation_catboost_trial_006
12196,202611,0,0.0561410040787574,0,202611,final_validation_catboost_trial_006
12205,202611,0,0.13712537374358,0,202611,final_validation_catboost_trial_006
12213,202611,0,0.156871008646019,0,202611,final_validation_catboost_trial_006
12220,202611,0,0.137574178530768,0,202611,final_validation_catboost_trial_006
12221,202611,0,0.155831488732246,0,202611,final_validation_catboost_trial_006
12222,202611,0,0.0720830883508863,0,202611,final_validation_catboost_trial_006
12224,202611,0,0.131141851668312,0,202611,final_validation_catboost_trial_006
12230,202611,0,0.128533345942382,0,202611,final_validation_catboost_trial_006
12235,202611,1,0.129433773165865,0,202611,final_validation_catboost_trial_006
12239,202611,0,0.116884730229162,0,202611,final_validation_catboost_trial_006
12242,202611,0,0.118008438138871,0,202611,final_validation_catboost_trial_006
12244,202611,0,0.143164465536789,0,202611,final_validation_catboost_trial_006
12245,202611,0,0.145483065171514,0,202611,final_validation_catboost_trial_006
12247,202611,0,0.146815805607094,0,202611,final_validation_catboost_trial_006
12254,202611,0,0.168704290968991,0,202611,final_validation_catboost_trial_006
12258,202611,0,0.152778568312854,0,202611,final_validation_catboost_trial_006
12266,202611,0,0.0649109983602989,0,202611,final_validation_catboost_trial_006
12267,202611,0,0.153321078451611,0,202611,final_validation_catboost_trial_006
12272,202611,0,0.15974359629012,0,202611,final_validation_catboost_trial_006
12273,202611,0,0.12984559654712,0,202611,final_validation_catboost_trial_006
12276,202611,0,0.150322134399633,0,202611,final_validation_catboost_trial_006
12277,202611,0,0.124401646975538,0,202611,final_validation_catboost_trial_006
12283,202611,0,0.152896637599729,0,202611,final_validation_catboost_trial_006
12289,202611,0,0.0607220453683769,0,202611,final_validation_catboost_trial_006
12297,202611,0,0.129128702514823,0,202611,final_validation_catboost_trial_006
12300,202611,0,0.287705621690279,0,202611,final_validation_catboost_trial_006
12302,202611,0,0.0668288891503037,0,202611,final_validation_catboost_trial_006
12310,202611,0,0.0732401543532355,0,202611,final_validation_catboost_trial_006
12312,202611,0,0.149951010817416,0,202611,final_validation_catboost_trial_006
12314,202611,0,0.0538195424932953,0,202611,final_validation_catboost_trial_006
12315,202611,0,0.0422718813190162,0,202611,final_validation_catboost_trial_006
12327,202611,0,0.118520058673425,0,202611,final_validation_catboost_trial_006
12329,202611,0,0.128332895375811,0,202611,final_validation_catboost_trial_006
12332,202611,0,0.127282175793367,0,202611,final_validation_catboost_trial_006
12342,202611,0,0.0720803445011817,0,202611,final_validation_catboost_trial_006
12346,202611,0,0.138379536045281,0,202611,final_validation_catboost_trial_006
12347,202611,0,0.226200894929277,0,202611,final_validation_catboost_trial_006
12349,202611,0,0.064956860053529,0,202611,final_validation_catboost_trial_006
12350,202611,0,0.112552981997361,0,202611,final_validation_catboost_trial_006
12354,202611,0,0.127682851372626,0,202611,final_validation_catboost_trial_006
12356,202611,0,0.0468679874662884,0,202611,final_validation_catboost_trial_006
12359,202611,0,0.143879344115632,0,202611,final_validation_catboost_trial_006
12360,202611,0,0.168582439724459,0,202611,final_validation_catboost_trial_006
12369,202611,0,0.14092186889891,0,202611,final_validation_catboost_trial_006
12372,202611,0,0.061472411892141,0,202611,final_validation_catboost_trial_006
12373,202611,0,0.0388127222578019,0,202611,final_validation_catboost_trial_006
12374,202611,1,0.133046397918501,0,202611,final_validation_catboost_trial_006
12375,202611,0,0.161346682624593,0,202611,final_validation_catboost_trial_006
12376,202611,0,0.155588072947988,0,202611,final_validation_catboost_trial_006
12379,202611,0,0.073402873561732,0,202611,final_validation_catboost_trial_006
12382,202611,0,0.119801040387639,0,202611,final_validation_catboost_trial_006
12387,202611,0,0.0766533429215606,0,202611,final_validation_catboost_trial_006
12389,202611,0,0.134969413462973,0,202611,final_validation_catboost_trial_006
12394,202611,0,0.147592560819731,0,202611,final_validation_catboost_trial_006
12395,202611,0,0.126861378012509,0,202611,final_validation_catboost_trial_006
12396,202611,0,0.15423416073018,0,202611,final_validation_catboost_trial_006
12404,202611,0,0.174329508409903,0,202611,final_validation_catboost_trial_006
12405,202611,0,0.124785210932781,0,202611,final_validation_catboost_trial_006
12412,202611,0,0.261360172312779,0,202611,final_validation_catboost_trial_006
12419,202611,0,0.090545606759258,0,202611,final_validation_catboost_trial_006
12431,202611,0,0.115111119780597,0,202611,final_validation_catboost_trial_006
12440,202611,0,0.13902207333373,0,202611,final_validation_catboost_trial_006
12444,202611,0,0.171209783980219,0,202611,final_validation_catboost_trial_006
12447,202611,0,0.0622764502623084,0,202611,final_validation_catboost_trial_006
12452,202611,0,0.127340329481042,0,202611,final_validation_catboost_trial_006
12454,202611,0,0.135541097273366,0,202611,final_validation_catboost_trial_006
12456,202611,0,0.140042431727748,0,202611,final_validation_catboost_trial_006
12461,202611,0,0.0608159617637853,0,202611,final_validation_catboost_trial_006
12469,202611,0,0.12056580308073,0,202611,final_validation_catboost_trial_006
12472,202611,0,0.0823445248715652,0,202611,final_validation_catboost_trial_006
12473,202611,0,0.0616278334733815,0,202611,final_validation_catboost_trial_006
12474,202611,0,0.13507522950034,0,202611,final_validation_catboost_trial_006
12476,202611,0,0.157211373969343,0,202611,final_validation_catboost_trial_006
12479,202611,0,0.182727948088856,0,202611,final_validation_catboost_trial_006
12481,202611,0,0.13068361586753,0,202611,final_validation_catboost_trial_006
12484,202611,1,0.159816589708469,0,202611,final_validation_catboost_trial_006
12487,202611,0,0.0685642943725403,0,202611,final_validation_catboost_trial_006
12491,202611,1,0.149982660421466,0,202611,final_validation_catboost_trial_006
12493,202611,0,0.139248969624924,0,202611,final_validation_catboost_trial_006
12501,202611,0,0.143516375815251,0,202611,final_validation_catboost_trial_006
12504,202611,0,0.119441236816057,0,202611,final_validation_catboost_trial_006
12507,202611,0,0.121347154069056,0,202611,final_validation_catboost_trial_006
12510,202611,0,0.118314846038442,0,202611,final_validation_catboost_trial_006
12512,202611,0,0.283866729558091,0,202611,final_validation_catboost_trial_006
12519,202611,1,0.11804010649646,0,202611,final_validation_catboost_trial_006
12520,202611,0,0.13695837627767,0,202611,final_validation_catboost_trial_006
12526,202611,0,0.148530443733785,0,202611,final_validation_catboost_trial_006
12529,202611,0,0.172264802585829,0,202611,final_validation_catboost_trial_006
12532,202611,0,0.135157876627134,0,202611,final_validation_catboost_trial_006
12533,202611,0,0.1562506736357,0,202611,final_validation_catboost_trial_006
12544,202611,0,0.221709872431509,0,202611,final_validation_catboost_trial_006
12546,202611,0,0.120405760170264,0,202611,final_validation_catboost_trial_006
12551,202611,0,0.152359516774582,0,202611,final_validation_catboost_trial_006
12555,202611,0,0.259877541260362,0,202611,final_validation_catboost_trial_006
12576,202611,0,0.11794925132183,0,202611,final_validation_catboost_trial_006
12581,202611,0,0.1296990749264,0,202611,final_validation_catboost_trial_006
12588,202611,0,0.141737686137359,0,202611,final_validation_catboost_trial_006
12593,202611,0,0.0838699572515256,0,202611,final_validation_catboost_trial_006
12594,202611,0,0.115693945806115,0,202611,final_validation_catboost_trial_006
12598,202611,0,0.123761696752329,0,202611,final_validation_catboost_trial_006
12599,202611,0,0.164870408926,0,202611,final_validation_catboost_trial_006
12601,202611,0,0.136539942665831,0,202611,final_validation_catboost_trial_006
12610,202611,0,0.168773709449623,0,202611,final_validation_catboost_trial_006
12615,202611,1,0.165688675997201,0,202611,final_validation_catboost_trial_006
12616,202611,1,0.113410966259405,0,202611,final_validation_catboost_trial_006
12622,202611,0,0.0660754432743937,0,202611,final_validation_catboost_trial_006
12623,202611,1,0.116174546302718,0,202611,final_validation_catboost_trial_006
12624,202611,0,0.116299950289379,0,202611,final_validation_catboost_trial_006
12625,202611,0,0.151996927623835,0,202611,final_validation_catboost_trial_006
12629,202611,0,0.324836460518868,0,202611,final_validation_catboost_trial_006
12632,202611,0,0.0430683957775541,0,202611,final_validation_catboost_trial_006
12634,202611,0,0.0536961598383865,0,202611,final_validation_catboost_trial_006
12635,202611,0,0.127977374500927,0,202611,final_validation_catboost_trial_006
12638,202611,0,0.139173033073434,0,202611,final_validation_catboost_trial_006
12640,202611,0,0.0495609818841484,0,202611,final_validation_catboost_trial_006
12641,202611,0,0.128972771626536,0,202611,final_validation_catboost_trial_006
12643,202611,0,0.107005279397426,0,202611,final_validation_catboost_trial_006
12644,202611,0,0.0530410924583099,0,202611,final_validation_catboost_trial_006
12647,202611,0,0.129047145678006,0,202611,final_validation_catboost_trial_006
12651,202611,0,0.170951267291839,0,202611,final_validation_catboost_trial_006
12657,202611,0,0.131621840485494,0,202611,final_validation_catboost_trial_006
12658,202611,0,0.134646387230081,0,202611,final_validation_catboost_trial_006
12660,202611,0,0.153140580436663,0,202611,final_validation_catboost_trial_006
12661,202611,0,0.107787617078371,0,202611,final_validation_catboost_trial_006
12666,202611,0,0.108358035833898,0,202611,final_validation_catboost_trial_006
12673,202611,0,0.11058407049756,0,202611,final_validation_catboost_trial_006
12676,202611,1,0.167125102889413,0,202611,final_validation_catboost_trial_006
12678,202611,0,0.128863159317263,0,202611,final_validation_catboost_trial_006
12681,202611,0,0.153208929576922,0,202611,final_validation_catboost_trial_006
12682,202611,0,0.221979477559389,0,202611,final_validation_catboost_trial_006
12684,202611,0,0.0458867783437885,0,202611,final_validation_catboost_trial_006
12686,202611,1,0.171952436599024,0,202611,final_validation_catboost_trial_006
12689,202611,0,0.133071639324361,0,202611,final_validation_catboost_trial_006
12699,202611,0,0.130189118732146,0,202611,final_validation_catboost_trial_006
12701,202611,0,0.13531534602866,0,202611,final_validation_catboost_trial_006
12710,202611,0,0.0946718051771463,0,202611,final_validation_catboost_trial_006
12712,202611,0,0.137657407138439,0,202611,final_validation_catboost_trial_006
12713,202611,0,0.138154972209276,0,202611,final_validation_catboost_trial_006
12715,202611,0,0.118949169596819,0,202611,final_validation_catboost_trial_006
12716,202611,0,0.137108394444846,0,202611,final_validation_catboost_trial_006
12717,202611,0,0.124443776957849,0,202611,final_validation_catboost_trial_006
12718,202611,0,0.150202886339168,0,202611,final_validation_catboost_trial_006
12720,202611,0,0.121921744462394,0,202611,final_validation_catboost_trial_006
12724,202611,0,0.125871601325974,0,202611,final_validation_catboost_trial_006
12725,202611,0,0.154782496048721,0,202611,final_validation_catboost_trial_006
12726,202611,0,0.120402797844033,0,202611,final_validation_catboost_trial_006
12741,202611,0,0.174198344129191,0,202611,final_validation_catboost_trial_006
12742,202611,0,0.194570315062575,0,202611,final_validation_catboost_trial_006
12743,202611,0,0.139785536250561,0,202611,final_validation_catboost_trial_006
12748,202611,0,0.129023062282577,0,202611,final_validation_catboost_trial_006
12749,202611,0,0.0472178681512834,0,202611,final_validation_catboost_trial_006
12751,202611,0,0.142858037415297,0,202611,final_validation_catboost_trial_006
12752,202611,0,0.151742639765326,0,202611,final_validation_catboost_trial_006
12756,202611,0,0.121691161315339,0,202611,final_validation_catboost_trial_006
12760,202611,0,0.118011843897192,0,202611,final_validation_catboost_trial_006
12761,202611,0,0.151148776966648,0,202611,final_validation_catboost_trial_006
12764,202611,0,0.157557946447298,0,202611,final_validation_catboost_trial_006
12767,202611,0,0.0674084209302076,0,202611,final_validation_catboost_trial_006
12772,202611,1,0.133744954881947,0,202611,final_validation_catboost_trial_006
12774,202611,0,0.136889983729271,0,202611,final_validation_catboost_trial_006
12782,202611,0,0.074647940044639,0,202611,final_validation_catboost_trial_006
12783,202611,0,0.220414615215632,0,202611,final_validation_catboost_trial_006
12784,202611,0,0.141327721495839,0,202611,final_validation_catboost_trial_006
12785,202611,0,0.138885993751299,0,202611,final_validation_catboost_trial_006
12787,202611,0,0.164800218873618,0,202611,final_validation_catboost_trial_006
12798,202611,0,0.116791816140345,0,202611,final_validation_catboost_trial_006
12801,202611,1,0.16536446360379,0,202611,final_validation_catboost_trial_006
12805,202611,0,0.132266776138898,0,202611,final_validation_catboost_trial_006
12806,202611,0,0.111972568560048,0,202611,final_validation_catboost_trial_006
12809,202611,0,0.0894879600311026,0,202611,final_validation_catboost_trial_006
12815,202611,0,0.136087382128517,0,202611,final_validation_catboost_trial_006
12820,202611,0,0.0560018102190641,0,202611,final_validation_catboost_trial_006
12824,202611,0,0.108370235012135,0,202611,final_validation_catboost_trial_006
12829,202611,0,0.133815934225712,0,202611,final_validation_catboost_trial_006
12832,202611,1,0.133546264331834,0,202611,final_validation_catboost_trial_006
12833,202611,0,0.134738148765014,0,202611,final_validation_catboost_trial_006
12841,202611,0,0.142074465961105,0,202611,final_validation_catboost_trial_006
12843,202611,0,0.0980274250156142,0,202611,final_validation_catboost_trial_006
12847,202611,0,0.135955442343821,0,202611,final_validation_catboost_trial_006
12848,202611,0,0.128284623257572,0,202611,final_validation_catboost_trial_006
12849,202611,0,0.133116196816027,0,202611,final_validation_catboost_trial_006
12852,202611,0,0.129191919125275,0,202611,final_validation_catboost_trial_006
12855,202611,0,0.137506416696015,0,202611,final_validation_catboost_trial_006
12864,202611,0,0.178000686149684,0,202611,final_validation_catboost_trial_006
12872,202611,0,0.0666831504137484,0,202611,final_validation_catboost_trial_006
12873,202611,0,0.157960841278467,0,202611,final_validation_catboost_trial_006
12874,202611,0,0.138593577452704,0,202611,final_validation_catboost_trial_006
12875,202611,1,0.0640586548333176,0,202611,final_validation_catboost_trial_006
12877,202611,0,0.234106674628781,0,202611,final_validation_catboost_trial_006
12879,202611,0,0.130883050273044,0,202611,final_validation_catboost_trial_006
12885,202611,0,0.147768721909326,0,202611,final_validation_catboost_trial_006
12886,202611,1,0.148683712748195,0,202611,final_validation_catboost_trial_006
12891,202611,1,0.124712189872796,0,202611,final_validation_catboost_trial_006
12893,202611,0,0.141087782883173,0,202611,final_validation_catboost_trial_006
12894,202611,0,0.164644003571811,0,202611,final_validation_catboost_trial_006
12895,202611,0,0.201911706895234,0,202611,final_validation_catboost_trial_006
12901,202611,0,0.0559205740018661,0,202611,final_validation_catboost_trial_006
12908,202611,1,0.123972939456069,0,202611,final_validation_catboost_trial_006
12912,202611,0,0.117774216623654,0,202611,final_validation_catboost_trial_006
12919,202611,0,0.139021315111263,0,202611,final_validation_catboost_trial_006
12924,202611,0,0.135340032011821,0,202611,final_validation_catboost_trial_006
12925,202611,1,0.0910662627550964,0,202611,final_validation_catboost_trial_006
12929,202611,0,0.126822667572467,0,202611,final_validation_catboost_trial_006
12931,202611,0,0.149199577012113,0,202611,final_validation_catboost_trial_006
12942,202611,1,0.13208401917088,0,202611,final_validation_catboost_trial_006
12945,202611,0,0.117812558396227,0,202611,final_validation_catboost_trial_006
12958,202611,0,0.0527843983626916,0,202611,final_validation_catboost_trial_006
12962,202611,0,0.150378837349397,0,202611,final_validation_catboost_trial_006
12964,202611,0,0.151478035336439,0,202611,final_validation_catboost_trial_006
12974,202611,0,0.164766352202235,0,202611,final_validation_catboost_trial_006
12976,202611,0,0.0436201948112896,0,202611,final_validation_catboost_trial_006
12980,202611,0,0.132797589350254,0,202611,final_validation_catboost_trial_006
12982,202611,1,0.104511047562564,0,202611,final_validation_catboost_trial_006
12984,202611,0,0.135141745383659,0,202611,final_validation_catboost_trial_006
12987,202611,0,0.0824756700356416,0,202611,final_validation_catboost_trial_006
12991,202611,0,0.151025667745592,0,202611,final_validation_catboost_trial_006
12995,202611,0,0.11792206175766,0,202611,final_validation_catboost_trial_006
13001,202611,0,0.208348568925569,0,202611,final_validation_catboost_trial_006
13005,202611,0,0.171538655399404,0,202611,final_validation_catboost_trial_006
13006,202611,0,0.137554712608162,0,202611,final_validation_catboost_trial_006
13015,202611,0,0.123020258613265,0,202611,final_validation_catboost_trial_006
13017,202611,0,0.138610078650755,0,202611,final_validation_catboost_trial_006
13027,202611,1,0.143491930696157,0,202611,final_validation_catboost_trial_006
13033,202611,0,0.136515806720388,0,202611,final_validation_catboost_trial_006
13034,202611,0,0.14083619031964,0,202611,final_validation_catboost_trial_006
13035,202611,0,0.110196171754377,0,202611,final_validation_catboost_trial_006
13038,202611,0,0.193479030939073,0,202611,final_validation_catboost_trial_006
13041,202611,1,0.137180352389298,0,202611,final_validation_catboost_trial_006
13044,202611,0,0.0595250018558387,0,202611,final_validation_catboost_trial_006
13045,202611,0,0.146154895653362,0,202611,final_validation_catboost_trial_006
13052,202611,0,0.0512429246971228,0,202611,final_validation_catboost_trial_006
13059,202611,0,0.134851780120439,0,202611,final_validation_catboost_trial_006
13060,202611,0,0.0536693145074065,0,202611,final_validation_catboost_trial_006
13061,202611,0,0.126985989906143,0,202611,final_validation_catboost_trial_006
13066,202611,0,0.217336112225388,0,202611,final_validation_catboost_trial_006
13080,202611,0,0.246225553303623,0,202611,final_validation_catboost_trial_006
13082,202611,0,0.185803355482233,0,202611,final_validation_catboost_trial_006
13100,202611,1,0.125275607569756,0,202611,final_validation_catboost_trial_006
13105,202611,0,0.147861204843704,0,202611,final_validation_catboost_trial_006
13106,202611,0,0.255873388196669,0,202611,final_validation_catboost_trial_006
13121,202611,0,0.172213225910195,0,202611,final_validation_catboost_trial_006
13123,202611,0,0.163648654458038,0,202611,final_validation_catboost_trial_006
13125,202611,0,0.0651660755378024,0,202611,final_validation_catboost_trial_006
13129,202611,0,0.11954356191199,0,202611,final_validation_catboost_trial_006
13130,202611,0,0.103032153522872,0,202611,final_validation_catboost_trial_006
13132,202611,0,0.169078316680613,0,202611,final_validation_catboost_trial_006
13133,202611,0,0.117386972790226,0,202611,final_validation_catboost_trial_006
13135,202611,0,0.140101001105407,0,202611,final_validation_catboost_trial_006
13141,202611,0,0.121274216062256,0,202611,final_validation_catboost_trial_006
13145,202611,0,0.236693155588991,0,202611,final_validation_catboost_trial_006
13149,202611,0,0.0636885702148869,0,202611,final_validation_catboost_trial_006
13153,202611,0,0.143986713329869,0,202611,final_validation_catboost_trial_006
13158,202611,0,0.136790368139566,0,202611,final_validation_catboost_trial_006
13159,202611,0,0.157178359763093,0,202611,final_validation_catboost_trial_006
13169,202611,0,0.343407124176594,0,202611,final_validation_catboost_trial_006
13170,202611,0,0.130114740847291,0,202611,final_validation_catboost_trial_006
13178,202611,0,0.133260887980675,0,202611,final_validation_catboost_trial_006
13179,202611,0,0.0722569660277949,0,202611,final_validation_catboost_trial_006
13180,202611,0,0.139672042608511,0,202611,final_validation_catboost_trial_006
13181,202611,0,0.136034198820685,0,202611,final_validation_catboost_trial_006
13183,202611,0,0.0643746276720613,0,202611,final_validation_catboost_trial_006
13191,202611,1,0.142225027845277,0,202611,final_validation_catboost_trial_006
13196,202611,0,0.125025113923964,0,202611,final_validation_catboost_trial_006
13200,202611,0,0.146621054612909,0,202611,final_validation_catboost_trial_006
13202,202611,0,0.100540991267934,0,202611,final_validation_catboost_trial_006
13204,202611,0,0.0606479534345588,0,202611,final_validation_catboost_trial_006
13208,202611,0,0.130547189994845,0,202611,final_validation_catboost_trial_006
13212,202611,0,0.125443665493845,0,202611,final_validation_catboost_trial_006
13213,202611,0,0.145039789100564,0,202611,final_validation_catboost_trial_006
13215,202611,1,0.136410324732807,0,202611,final_validation_catboost_trial_006
13217,202611,1,0.13310004558328,0,202611,final_validation_catboost_trial_006
13218,202611,0,0.14187498189189,0,202611,final_validation_catboost_trial_006
13225,202611,0,0.12085184151453,0,202611,final_validation_catboost_trial_006
13229,202611,0,0.126668956887802,0,202611,final_validation_catboost_trial_006
13232,202611,0,0.125721591573968,0,202611,final_validation_catboost_trial_006
13233,202611,0,0.140416103111244,0,202611,final_validation_catboost_trial_006
13234,202611,0,0.0558622398022382,0,202611,final_validation_catboost_trial_006
13249,202611,0,0.0628578106512566,0,202611,final_validation_catboost_trial_006
13253,202611,0,0.141133816669256,0,202611,final_validation_catboost_trial_006
13255,202611,0,0.140750479579241,0,202611,final_validation_catboost_trial_006
13257,202611,0,0.244283655271738,0,202611,final_validation_catboost_trial_006
13260,202611,1,0.130322952299151,0,202611,final_validation_catboost_trial_006
13266,202611,0,0.0565456017713921,0,202611,final_validation_catboost_trial_006
13269,202611,0,0.0605674196327159,0,202611,final_validation_catboost_trial_006
13270,202611,0,0.139968309720208,0,202611,final_validation_catboost_trial_006
13274,202611,0,0.138829710732801,0,202611,final_validation_catboost_trial_006
13281,202611,0,0.136833695294794,0,202611,final_validation_catboost_trial_006
13287,202611,0,0.0992217700417204,0,202611,final_validation_catboost_trial_006
13305,202611,0,0.139815589258741,0,202611,final_validation_catboost_trial_006
13308,202611,0,0.0537807107077023,0,202611,final_validation_catboost_trial_006
13309,202611,0,0.0664130762270965,0,202611,final_validation_catboost_trial_006
13310,202611,0,0.185546892307961,0,202611,final_validation_catboost_trial_006
13314,202611,0,0.133022415926881,0,202611,final_validation_catboost_trial_006
13315,202611,0,0.0472535302694186,0,202611,final_validation_catboost_trial_006
13324,202611,0,0.0984387505260898,0,202611,final_validation_catboost_trial_006
13326,202611,0,0.15483061926844,0,202611,final_validation_catboost_trial_006
13328,202611,1,0.129649997694386,0,202611,final_validation_catboost_trial_006
13329,202611,1,0.140851316620174,0,202611,final_validation_catboost_trial_006
13333,202611,0,0.156333260967671,0,202611,final_validation_catboost_trial_006
13335,202611,1,0.232803442370137,0,202611,final_validation_catboost_trial_006
13336,202611,0,0.106739158040525,0,202611,final_validation_catboost_trial_006
13345,202611,0,0.168001868384573,0,202611,final_validation_catboost_trial_006
13348,202611,0,0.151582593576013,0,202611,final_validation_catboost_trial_006
13350,202611,0,0.201644687075936,0,202611,final_validation_catboost_trial_006
13354,202611,0,0.15175422602348,0,202611,final_validation_catboost_trial_006
13360,202611,0,0.149386196302676,0,202611,final_validation_catboost_trial_006
13364,202611,0,0.151879870275396,0,202611,final_validation_catboost_trial_006
13366,202611,0,0.145618732251057,0,202611,final_validation_catboost_trial_006
13368,202611,0,0.125903824700905,0,202611,final_validation_catboost_trial_006
13375,202611,0,0.0716783491598301,0,202611,final_validation_catboost_trial_006
13376,202611,0,0.12647750132493,0,202611,final_validation_catboost_trial_006
13380,202611,0,0.100104038342035,0,202611,final_validation_catboost_trial_006
13382,202611,0,0.0425057595700341,0,202611,final_validation_catboost_trial_006
13384,202611,0,0.165596929580339,0,202611,final_validation_catboost_trial_006
13387,202611,0,0.144087157601767,0,202611,final_validation_catboost_trial_006
13390,202611,0,0.0775996058342527,0,202611,final_validation_catboost_trial_006
13393,202611,1,0.148600731751396,0,202611,final_validation_catboost_trial_006
13395,202611,1,0.162984885309989,0,202611,final_validation_catboost_trial_006
13398,202611,0,0.142900142364088,0,202611,final_validation_catboost_trial_006
13403,202611,0,0.114895169453036,0,202611,final_validation_catboost_trial_006
13404,202611,0,0.0771449309559201,0,202611,final_validation_catboost_trial_006
13405,202611,0,0.136823381441525,0,202611,final_validation_catboost_trial_006
13409,202611,0,0.173332083170941,0,202611,final_validation_catboost_trial_006
13411,202611,0,0.138305925424264,0,202611,final_validation_catboost_trial_006
13414,202611,0,0.136592076282222,0,202611,final_validation_catboost_trial_006
13416,202611,0,0.118275218200931,0,202611,final_validation_catboost_trial_006
13417,202611,0,0.0640164255183647,0,202611,final_validation_catboost_trial_006
13418,202611,0,0.126917234426583,0,202611,final_validation_catboost_trial_006
13422,202611,0,0.0625702254470618,0,202611,final_validation_catboost_trial_006
13430,202611,0,0.254052746097777,0,202611,final_validation_catboost_trial_006
13435,202611,0,0.0395576488802427,0,202611,final_validation_catboost_trial_006
13437,202611,1,0.142520192847719,0,202611,final_validation_catboost_trial_006
13439,202611,0,0.148518090190955,0,202611,final_validation_catboost_trial_006
13446,202611,0,0.120605338513632,0,202611,final_validation_catboost_trial_006
13448,202611,0,0.0647070018522412,0,202611,final_validation_catboost_trial_006
13449,202611,0,0.120222003465113,0,202611,final_validation_catboost_trial_006
13451,202611,0,0.12469019533753,0,202611,final_validation_catboost_trial_006
13455,202611,0,0.13906499341931,0,202611,final_validation_catboost_trial_006
13459,202611,1,0.155911316642615,0,202611,final_validation_catboost_trial_006
13468,202611,0,0.148830402578503,0,202611,final_validation_catboost_trial_006
13470,202611,0,0.0612554297056836,0,202611,final_validation_catboost_trial_006
13474,202611,0,0.0582449668505207,0,202611,final_validation_catboost_trial_006
13478,202611,0,0.137415869222351,0,202611,final_validation_catboost_trial_006
13485,202611,0,0.131754413803843,0,202611,final_validation_catboost_trial_006
13488,202611,0,0.144543972580071,0,202611,final_validation_catboost_trial_006
13489,202611,0,0.11210879124718,0,202611,final_validation_catboost_trial_006
13490,202611,1,0.139131061096761,0,202611,final_validation_catboost_trial_006
13491,202611,1,0.201894182172402,0,202611,final_validation_catboost_trial_006
13500,202611,0,0.133321383107914,0,202611,final_validation_catboost_trial_006
13505,202611,0,0.055629084712116,0,202611,final_validation_catboost_trial_006
13506,202611,0,0.123117326498193,0,202611,final_validation_catboost_trial_006
13517,202611,0,0.0682236845531759,0,202611,final_validation_catboost_trial_006
13518,202611,0,0.0818754626659155,0,202611,final_validation_catboost_trial_006
13523,202611,0,0.126798982856276,0,202611,final_validation_catboost_trial_006
13529,202611,0,0.14132579482181,0,202611,final_validation_catboost_trial_006
13532,202611,0,0.0723912483429524,0,202611,final_validation_catboost_trial_006
13534,202611,0,0.124480297399996,0,202611,final_validation_catboost_trial_006
13537,202611,1,0.14694854093862,0,202611,final_validation_catboost_trial_006
13539,202611,0,0.130097047790236,0,202611,final_validation_catboost_trial_006
13547,202611,0,0.131615152190794,0,202611,final_validation_catboost_trial_006
13548,202611,0,0.142340799600149,0,202611,final_validation_catboost_trial_006
13550,202611,0,0.298322394543084,0,202611,final_validation_catboost_trial_006
13554,202611,0,0.157618103354739,0,202611,final_validation_catboost_trial_006
13555,202611,0,0.189159287934274,0,202611,final_validation_catboost_trial_006
13556,202611,0,0.150331151189483,0,202611,final_validation_catboost_trial_006
13558,202611,0,0.070842584172884,0,202611,final_validation_catboost_trial_006
13562,202611,0,0.125980173760544,0,202611,final_validation_catboost_trial_006
13566,202611,0,0.153280162320423,0,202611,final_validation_catboost_trial_006
13574,202611,0,0.0749462290633291,0,202611,final_validation_catboost_trial_006
13576,202611,0,0.134069064325523,0,202611,final_validation_catboost_trial_006
13577,202611,0,0.174919531273485,0,202611,final_validation_catboost_trial_006
13580,202611,0,0.0536811152776837,0,202611,final_validation_catboost_trial_006
13586,202611,0,0.210357633696884,0,202611,final_validation_catboost_trial_006
13588,202611,1,0.161326959175707,0,202611,final_validation_catboost_trial_006
13597,202611,1,0.186717036707571,0,202611,final_validation_catboost_trial_006
13598,202611,0,0.249530536245751,0,202611,final_validation_catboost_trial_006
13600,202611,0,0.130790407431603,0,202611,final_validation_catboost_trial_006
13602,202611,0,0.117302765965651,0,202611,final_validation_catboost_trial_006
13604,202611,0,0.127910244544451,0,202611,final_validation_catboost_trial_006
13608,202611,1,0.13985670335047,0,202611,final_validation_catboost_trial_006
13616,202611,0,0.145216437700712,0,202611,final_validation_catboost_trial_006
13619,202611,1,0.22795586486074,0,202611,final_validation_catboost_trial_006
13623,202611,0,0.142916396074717,0,202611,final_validation_catboost_trial_006
13627,202611,0,0.179962842807237,0,202611,final_validation_catboost_trial_006
13628,202611,1,0.153715030067432,0,202611,final_validation_catboost_trial_006
13630,202611,0,0.0718373438702091,0,202611,final_validation_catboost_trial_006
13631,202611,1,0.147127091057382,0,202611,final_validation_catboost_trial_006
13633,202611,0,0.163342370216148,0,202611,final_validation_catboost_trial_006
13635,202611,0,0.142664418856725,0,202611,final_validation_catboost_trial_006
13636,202611,0,0.156871481542609,0,202611,final_validation_catboost_trial_006
13640,202611,0,0.140499347035312,0,202611,final_validation_catboost_trial_006
13642,202611,0,0.234834982257614,0,202611,final_validation_catboost_trial_006
13647,202611,0,0.140189993918424,0,202611,final_validation_catboost_trial_006
13648,202611,0,0.261780509498978,0,202611,final_validation_catboost_trial_006
13650,202611,1,0.224650215965574,0,202611,final_validation_catboost_trial_006
13652,202611,0,0.124694734939068,0,202611,final_validation_catboost_trial_006
13659,202611,0,0.0481510692905375,0,202611,final_validation_catboost_trial_006
13660,202611,0,0.105208000613762,0,202611,final_validation_catboost_trial_006
13661,202611,1,0.12680786637853,0,202611,final_validation_catboost_trial_006
13663,202611,1,0.190191967777219,0,202611,final_validation_catboost_trial_006
13666,202611,0,0.135511782966897,0,202611,final_validation_catboost_trial_006
13667,202611,0,0.067629514639405,0,202611,final_validation_catboost_trial_006
13672,202611,0,0.118055267658863,0,202611,final_validation_catboost_trial_006
13673,202611,0,0.149567133127568,0,202611,final_validation_catboost_trial_006
13675,202611,0,0.112777011067298,0,202611,final_validation_catboost_trial_006
13678,202611,0,0.143029061348833,0,202611,final_validation_catboost_trial_006
13682,202611,0,0.105481981405133,0,202611,final_validation_catboost_trial_006
13684,202611,0,0.127174386956323,0,202611,final_validation_catboost_trial_006
13689,202611,0,0.132720415367963,0,202611,final_validation_catboost_trial_006
13690,202611,0,0.120507503050998,0,202611,final_validation_catboost_trial_006
13696,202611,0,0.148572054193418,0,202611,final_validation_catboost_trial_006
13706,202611,0,0.142062911154761,0,202611,final_validation_catboost_trial_006
13710,202611,0,0.332793873577806,0,202611,final_validation_catboost_trial_006
13711,202611,0,0.131404410428057,0,202611,final_validation_catboost_trial_006
13712,202611,0,0.154965685323747,0,202611,final_validation_catboost_trial_006
13717,202611,0,0.0605190820247411,0,202611,final_validation_catboost_trial_006
13718,202611,0,0.11738485429612,0,202611,final_validation_catboost_trial_006
13719,202611,0,0.127490131701639,0,202611,final_validation_catboost_trial_006
13720,202611,0,0.107527827577935,0,202611,final_validation_catboost_trial_006
13722,202611,0,0.12800896829605,0,202611,final_validation_catboost_trial_006
13723,202611,0,0.143224325837161,0,202611,final_validation_catboost_trial_006
13726,202611,0,0.114983421700232,0,202611,final_validation_catboost_trial_006
13733,202611,0,0.045611346480167,0,202611,final_validation_catboost_trial_006
13737,202611,1,0.0627214478044404,0,202611,final_validation_catboost_trial_006
13739,202611,0,0.151421677466077,0,202611,final_validation_catboost_trial_006
13743,202611,0,0.143096533327378,0,202611,final_validation_catboost_trial_006
13750,202611,0,0.125312562509574,0,202611,final_validation_catboost_trial_006
13751,202611,0,0.101615218394023,0,202611,final_validation_catboost_trial_006
13752,202611,1,0.150395265565761,0,202611,final_validation_catboost_trial_006
13754,202611,0,0.189760578134509,0,202611,final_validation_catboost_trial_006
13756,202611,0,0.0701247751475966,0,202611,final_validation_catboost_trial_006
13760,202611,0,0.0631419617667193,0,202611,final_validation_catboost_trial_006
13762,202611,0,0.140393065799154,0,202611,final_validation_catboost_trial_006
13763,202611,0,0.13445438733878,0,202611,final_validation_catboost_trial_006
13766,202611,0,0.0652739907539087,0,202611,final_validation_catboost_trial_006
13767,202611,0,0.0556117314380443,0,202611,final_validation_catboost_trial_006
13769,202611,0,0.108369100071983,0,202611,final_validation_catboost_trial_006
13770,202611,0,0.11814240837537,0,202611,final_validation_catboost_trial_006
13774,202611,0,0.170125108023511,0,202611,final_validation_catboost_trial_006
13776,202611,0,0.129528463944207,0,202611,final_validation_catboost_trial_006
13780,202611,0,0.0677826648064878,0,202611,final_validation_catboost_trial_006
13781,202611,1,0.19139523300418,0,202611,final_validation_catboost_trial_006
13782,202611,1,0.238242593097777,0,202611,final_validation_catboost_trial_006
13784,202611,0,0.0644282204898688,0,202611,final_validation_catboost_trial_006
13789,202611,0,0.132168337040676,0,202611,final_validation_catboost_trial_006
13790,202611,0,0.150643702313582,0,202611,final_validation_catboost_trial_006
13792,202611,0,0.0939367571550287,0,202611,final_validation_catboost_trial_006
13795,202611,0,0.14076302572433,0,202611,final_validation_catboost_trial_006
13797,202611,0,0.116586512493117,0,202611,final_validation_catboost_trial_006
13800,202611,0,0.115828326626452,0,202611,final_validation_catboost_trial_006
13804,202611,0,0.117170412056656,0,202611,final_validation_catboost_trial_006
13806,202611,1,0.0984303359560453,0,202611,final_validation_catboost_trial_006
13809,202611,1,0.117722329834373,0,202611,final_validation_catboost_trial_006
13815,202611,0,0.124435488986962,0,202611,final_validation_catboost_trial_006
13816,202611,0,0.155558613429474,0,202611,final_validation_catboost_trial_006
13817,202611,0,0.154206087341974,0,202611,final_validation_catboost_trial_006
13820,202611,0,0.208823738203356,0,202611,final_validation_catboost_trial_006
13821,202611,1,0.129376363035736,0,202611,final_validation_catboost_trial_006
13824,202611,0,0.163385810665797,0,202611,final_validation_catboost_trial_006
13830,202611,0,0.163226329752378,0,202611,final_validation_catboost_trial_006
13838,202611,0,0.131439846991224,0,202611,final_validation_catboost_trial_006
13840,202611,0,0.0580012023579717,0,202611,final_validation_catboost_trial_006
13841,202611,0,0.0594767320764714,0,202611,final_validation_catboost_trial_006
13842,202611,0,0.151403531480125,0,202611,final_validation_catboost_trial_006
13843,202611,0,0.0599968267415312,0,202611,final_validation_catboost_trial_006
13849,202611,0,0.152335927116339,0,202611,final_validation_catboost_trial_006
13850,202611,1,0.139619102098263,0,202611,final_validation_catboost_trial_006
13852,202611,0,0.153627891436858,0,202611,final_validation_catboost_trial_006
13855,202611,0,0.0440716129849488,0,202611,final_validation_catboost_trial_006
13858,202611,0,0.134123588252798,0,202611,final_validation_catboost_trial_006
13863,202611,0,0.0536569350240824,0,202611,final_validation_catboost_trial_006
13871,202611,0,0.246319922209158,0,202611,final_validation_catboost_trial_006
13872,202611,0,0.137228192486087,0,202611,final_validation_catboost_trial_006
13873,202611,0,0.110196676891233,0,202611,final_validation_catboost_trial_006
13874,202611,0,0.134208656226857,0,202611,final_validation_catboost_trial_006
13877,202611,0,0.149083768505045,0,202611,final_validation_catboost_trial_006
13878,202611,1,0.129714772576063,0,202611,final_validation_catboost_trial_006
13879,202611,0,0.144990828558794,0,202611,final_validation_catboost_trial_006
13885,202611,0,0.151399380794916,0,202611,final_validation_catboost_trial_006
13886,202611,0,0.154543599746867,0,202611,final_validation_catboost_trial_006
13892,202611,0,0.116096093086849,0,202611,final_validation_catboost_trial_006
13895,202611,0,0.0668867816037378,0,202611,final_validation_catboost_trial_006
13906,202611,0,0.163306618956123,0,202611,final_validation_catboost_trial_006
13907,202611,0,0.13232811446004,0,202611,final_validation_catboost_trial_006
13908,202611,0,0.0616104241059664,0,202611,final_validation_catboost_trial_006
13909,202611,0,0.112582164071296,0,202611,final_validation_catboost_trial_006
13911,202611,0,0.106144677888592,0,202611,final_validation_catboost_trial_006
13914,202611,1,0.128975688250785,0,202611,final_validation_catboost_trial_006
13918,202611,0,0.175979941195971,0,202611,final_validation_catboost_trial_006
13919,202611,0,0.154504565048053,0,202611,final_validation_catboost_trial_006
13923,202611,1,0.141022588193753,0,202611,final_validation_catboost_trial_006
13927,202611,0,0.171464310987683,0,202611,final_validation_catboost_trial_006
13930,202611,0,0.0655862769826085,0,202611,final_validation_catboost_trial_006
13931,202611,0,0.146518614809164,0,202611,final_validation_catboost_trial_006
13933,202611,0,0.153254013186162,0,202611,final_validation_catboost_trial_006
13935,202611,1,0.136224911046961,0,202611,final_validation_catboost_trial_006
13938,202611,0,0.148421579448267,0,202611,final_validation_catboost_trial_006
13943,202611,0,0.0597692281936135,0,202611,final_validation_catboost_trial_006
13944,202611,0,0.0721909502305966,0,202611,final_validation_catboost_trial_006
13946,202611,0,0.143974471758865,0,202611,final_validation_catboost_trial_006
13949,202611,0,0.0840837359064799,0,202611,final_validation_catboost_trial_006
13950,202611,1,0.10540871838425,0,202611,final_validation_catboost_trial_006
13952,202611,0,0.188458168054452,0,202611,final_validation_catboost_trial_006
13957,202611,0,0.162262019397859,0,202611,final_validation_catboost_trial_006
13958,202611,0,0.077125085281432,0,202611,final_validation_catboost_trial_006
13965,202611,0,0.0945713731271142,0,202611,final_validation_catboost_trial_006
13970,202611,0,0.0529540894542999,0,202611,final_validation_catboost_trial_006
13972,202611,0,0.158180522667465,0,202611,final_validation_catboost_trial_006
13981,202611,0,0.155246053811794,0,202611,final_validation_catboost_trial_006
13983,202611,0,0.0795585113872634,0,202611,final_validation_catboost_trial_006
13984,202611,1,0.14798646824555,0,202611,final_validation_catboost_trial_006
13985,202611,0,0.113868978788927,0,202611,final_validation_catboost_trial_006
13986,202611,0,0.115742711425144,0,202611,final_validation_catboost_trial_006
13991,202611,1,0.0885418607783454,0,202611,final_validation_catboost_trial_006
13992,202611,1,0.15915836960074,0,202611,final_validation_catboost_trial_006
13993,202611,0,0.14324623239515,0,202611,final_validation_catboost_trial_006
13995,202611,0,0.123494202133576,0,202611,final_validation_catboost_trial_006
13998,202611,0,0.112452312078933,0,202611,final_validation_catboost_trial_006
14000,202611,0,0.05772861329278,0,202611,final_validation_catboost_trial_006
14002,202611,0,0.0424613441389618,0,202611,final_validation_catboost_trial_006
14003,202611,0,0.0784063335651435,0,202611,final_validation_catboost_trial_006
14006,202611,1,0.160739698387853,0,202611,final_validation_catboost_trial_006
14011,202611,1,0.138327571053184,0,202611,final_validation_catboost_trial_006
14019,202611,0,0.155802621866363,0,202611,final_validation_catboost_trial_006
14020,202611,1,0.134894801388569,0,202611,final_validation_catboost_trial_006
14021,202611,0,0.341138285005826,0,202611,final_validation_catboost_trial_006
14022,202611,1,0.112081732945418,0,202611,final_validation_catboost_trial_006
14026,202611,0,0.145572217116551,0,202611,final_validation_catboost_trial_006
14031,202611,0,0.0776934368796318,0,202611,final_validation_catboost_trial_006
14032,202611,0,0.157535931589542,0,202611,final_validation_catboost_trial_006
14034,202611,0,0.125641390891341,0,202611,final_validation_catboost_trial_006
14035,202611,0,0.12764437556607,0,202611,final_validation_catboost_trial_006
14043,202611,0,0.0719041914798879,0,202611,final_validation_catboost_trial_006
14046,202611,0,0.148524431887256,0,202611,final_validation_catboost_trial_006
14048,202611,0,0.149991381482278,0,202611,final_validation_catboost_trial_006
14056,202611,1,0.1398072629692,0,202611,final_validation_catboost_trial_006
14057,202611,0,0.14478845627339,0,202611,final_validation_catboost_trial_006
14062,202611,1,0.125161636743911,0,202611,final_validation_catboost_trial_006
14065,202611,0,0.117787228791638,0,202611,final_validation_catboost_trial_006
14067,202611,0,0.070696885443699,0,202611,final_validation_catboost_trial_006
14082,202611,0,0.0460812070002532,0,202611,final_validation_catboost_trial_006
14083,202611,1,0.156322877330713,0,202611,final_validation_catboost_trial_006
14086,202611,0,0.13384203540218,0,202611,final_validation_catboost_trial_006
14094,202611,1,0.230826415101808,0,202611,final_validation_catboost_trial_006
14102,202611,1,0.0619189347514919,0,202611,final_validation_catboost_trial_006
14103,202611,0,0.253062200632071,0,202611,final_validation_catboost_trial_006
14104,202611,0,0.183915782402271,0,202611,final_validation_catboost_trial_006
14106,202611,0,0.171705917795155,0,202611,final_validation_catboost_trial_006
14107,202611,0,0.147020945095735,0,202611,final_validation_catboost_trial_006
14109,202611,1,0.148711152527012,0,202611,final_validation_catboost_trial_006
14111,202611,0,0.0634671893279745,0,202611,final_validation_catboost_trial_006
14113,202611,1,0.124058495474206,0,202611,final_validation_catboost_trial_006
14115,202611,1,0.125925312597755,0,202611,final_validation_catboost_trial_006
14116,202611,0,0.0507285971067963,0,202611,final_validation_catboost_trial_006
14118,202611,0,0.0613409671577963,0,202611,final_validation_catboost_trial_006
14119,202611,0,0.135475269866265,0,202611,final_validation_catboost_trial_006
14122,202611,0,0.11383324613685,0,202611,final_validation_catboost_trial_006
14123,202611,0,0.12518144974294,0,202611,final_validation_catboost_trial_006
14124,202611,0,0.0633253394048714,0,202611,final_validation_catboost_trial_006
14125,202611,0,0.133505384420778,0,202611,final_validation_catboost_trial_006
14126,202611,0,0.156830336697673,0,202611,final_validation_catboost_trial_006
14127,202611,0,0.129360248114454,0,202611,final_validation_catboost_trial_006
14133,202611,0,0.139364357941089,0,202611,final_validation_catboost_trial_006
14137,202611,0,0.1462067975771,0,202611,final_validation_catboost_trial_006
14139,202611,0,0.106539391246918,0,202611,final_validation_catboost_trial_006
14143,202611,0,0.121306881821727,0,202611,final_validation_catboost_trial_006
14148,202611,0,0.121954216111175,0,202611,final_validation_catboost_trial_006
14149,202611,0,0.117542142833629,0,202611,final_validation_catboost_trial_006
14150,202611,0,0.0657731315922025,0,202611,final_validation_catboost_trial_006
14162,202611,0,0.0631236855842815,0,202611,final_validation_catboost_trial_006
14163,202611,0,0.131931016854247,0,202611,final_validation_catboost_trial_006
14164,202611,0,0.122294701739561,0,202611,final_validation_catboost_trial_006
14169,202611,1,0.137564568948892,0,202611,final_validation_catboost_trial_006
14173,202611,0,0.125592124097321,0,202611,final_validation_catboost_trial_006
14174,202611,0,0.17216200649615,0,202611,final_validation_catboost_trial_006
14178,202611,0,0.159329175040777,0,202611,final_validation_catboost_trial_006
14181,202611,0,0.0712858548802431,0,202611,final_validation_catboost_trial_006
14186,202611,0,0.114418041948657,0,202611,final_validation_catboost_trial_006
14187,202611,0,0.13890264443385,0,202611,final_validation_catboost_trial_006
14188,202611,0,0.114605385928387,0,202611,final_validation_catboost_trial_006
14190,202611,1,0.0502744905089416,0,202611,final_validation_catboost_trial_006
14192,202611,0,0.163558577340146,0,202611,final_validation_catboost_trial_006
14193,202611,0,0.142371759097624,0,202611,final_validation_catboost_trial_006
14195,202611,1,0.158808312541278,0,202611,final_validation_catboost_trial_006
14198,202611,0,0.222369469604855,0,202611,final_validation_catboost_trial_006
14200,202611,0,0.148711512231711,0,202611,final_validation_catboost_trial_006
14201,202611,0,0.134210791075845,0,202611,final_validation_catboost_trial_006
14208,202611,0,0.219012173728606,0,202611,final_validation_catboost_trial_006
14212,202611,1,0.150969699887082,0,202611,final_validation_catboost_trial_006
14214,202611,0,0.131186204906294,0,202611,final_validation_catboost_trial_006
14220,202611,0,0.112342548507827,0,202611,final_validation_catboost_trial_006
14224,202611,0,0.141311043283692,0,202611,final_validation_catboost_trial_006
14229,202611,0,0.121393081735306,0,202611,final_validation_catboost_trial_006
14232,202611,1,0.151642449564364,0,202611,final_validation_catboost_trial_006
14233,202611,0,0.0969754492483381,0,202611,final_validation_catboost_trial_006
14235,202611,1,0.134979600785598,0,202611,final_validation_catboost_trial_006
14241,202611,0,0.0595257055623883,0,202611,final_validation_catboost_trial_006
14242,202611,0,0.143216245509736,0,202611,final_validation_catboost_trial_006
14246,202611,0,0.110261925724493,0,202611,final_validation_catboost_trial_006
14247,202611,0,0.116220148117394,0,202611,final_validation_catboost_trial_006
14250,202611,0,0.0663654494256201,0,202611,final_validation_catboost_trial_006
14251,202611,0,0.22817842829547,0,202611,final_validation_catboost_trial_006
14254,202611,0,0.165622275497099,0,202611,final_validation_catboost_trial_006
14257,202611,0,0.0562445818876452,0,202611,final_validation_catboost_trial_006
14259,202611,0,0.128996797323338,0,202611,final_validation_catboost_trial_006
14261,202611,0,0.112286485994879,0,202611,final_validation_catboost_trial_006
14262,202611,1,0.145624848713261,0,202611,final_validation_catboost_trial_006
14267,202611,1,0.123459174004547,0,202611,final_validation_catboost_trial_006
14281,202611,0,0.109011905617892,0,202611,final_validation_catboost_trial_006
14282,202611,0,0.140025569035147,0,202611,final_validation_catboost_trial_006
14285,202611,0,0.0581159805081041,0,202611,final_validation_catboost_trial_006
14286,202611,0,0.14453314576126,0,202611,final_validation_catboost_trial_006
14292,202611,1,0.149189584695421,0,202611,final_validation_catboost_trial_006
14293,202611,0,0.143991579756258,0,202611,final_validation_catboost_trial_006
14294,202611,1,0.173382800725073,0,202611,final_validation_catboost_trial_006
14296,202611,1,0.245441958722876,0,202611,final_validation_catboost_trial_006
14297,202611,0,0.0600129972285217,0,202611,final_validation_catboost_trial_006
14298,202611,0,0.120808359532246,0,202611,final_validation_catboost_trial_006
14301,202611,0,0.0548822931376253,0,202611,final_validation_catboost_trial_006
14308,202611,0,0.122641890436016,0,202611,final_validation_catboost_trial_006
14311,202611,0,0.138396048064082,0,202611,final_validation_catboost_trial_006
14313,202611,0,0.257341358138309,0,202611,final_validation_catboost_trial_006
14314,202611,0,0.0579169236481989,0,202611,final_validation_catboost_trial_006
14315,202611,0,0.0525720775758784,0,202611,final_validation_catboost_trial_006
14318,202611,1,0.154171910144612,0,202611,final_validation_catboost_trial_006
14320,202611,0,0.132881267006442,0,202611,final_validation_catboost_trial_006
14325,202611,0,0.0384979371039825,0,202611,final_validation_catboost_trial_006
14333,202611,0,0.132050836460715,0,202611,final_validation_catboost_trial_006
14336,202611,0,0.132295640306876,0,202611,final_validation_catboost_trial_006
14338,202611,0,0.149543869330175,0,202611,final_validation_catboost_trial_006
14340,202611,1,0.12936771308186,0,202611,final_validation_catboost_trial_006
14344,202611,1,0.182660281849918,0,202611,final_validation_catboost_trial_006
14354,202611,0,0.126261359680449,0,202611,final_validation_catboost_trial_006
14359,202611,0,0.136333654258413,0,202611,final_validation_catboost_trial_006
14361,202611,0,0.132671626728749,0,202611,final_validation_catboost_trial_006
14362,202611,0,0.140452832675951,0,202611,final_validation_catboost_trial_006
14363,202611,0,0.165576681276502,0,202611,final_validation_catboost_trial_006
14367,202611,1,0.149404816203864,0,202611,final_validation_catboost_trial_006
14369,202611,0,0.0723709186071953,0,202611,final_validation_catboost_trial_006
14370,202611,0,0.223245757794375,0,202611,final_validation_catboost_trial_006
14376,202611,0,0.115297704743726,0,202611,final_validation_catboost_trial_006
14382,202611,0,0.251014745826646,0,202611,final_validation_catboost_trial_006
14387,202611,0,0.125147276576057,0,202611,final_validation_catboost_trial_006
14389,202611,0,0.163414778130283,0,202611,final_validation_catboost_trial_006
14390,202611,0,0.130017540467648,0,202611,final_validation_catboost_trial_006
14392,202611,0,0.133978084697843,0,202611,final_validation_catboost_trial_006
14393,202611,0,0.0914026165685284,0,202611,final_validation_catboost_trial_006
14396,202611,0,0.13059033269795,0,202611,final_validation_catboost_trial_006
14407,202611,0,0.129551575948541,0,202611,final_validation_catboost_trial_006
14410,202611,1,0.133383618086531,0,202611,final_validation_catboost_trial_006
14412,202611,0,0.103658271374212,0,202611,final_validation_catboost_trial_006
14413,202611,0,0.151829511557888,0,202611,final_validation_catboost_trial_006
14414,202611,0,0.0500138715842487,0,202611,final_validation_catboost_trial_006
14416,202611,0,0.133455863087971,0,202611,final_validation_catboost_trial_006
14417,202611,0,0.134883554469615,0,202611,final_validation_catboost_trial_006
14420,202611,1,0.082257869723302,0,202611,final_validation_catboost_trial_006
14423,202611,0,0.142973537639682,0,202611,final_validation_catboost_trial_006
14427,202611,0,0.158049062844659,0,202611,final_validation_catboost_trial_006
14430,202611,0,0.164578658006908,0,202611,final_validation_catboost_trial_006
14433,202611,0,0.121637923229725,0,202611,final_validation_catboost_trial_006
14434,202611,0,0.123325820681261,0,202611,final_validation_catboost_trial_006
14435,202611,0,0.193485987564503,0,202611,final_validation_catboost_trial_006
14436,202611,0,0.118665472178616,0,202611,final_validation_catboost_trial_006
14438,202611,0,0.0559895639647509,0,202611,final_validation_catboost_trial_006
14439,202611,0,0.12340122074959,0,202611,final_validation_catboost_trial_006
14442,202611,0,0.113860208132575,0,202611,final_validation_catboost_trial_006
14443,202611,1,0.145977968265448,0,202611,final_validation_catboost_trial_006
14444,202611,0,0.0961580462180946,0,202611,final_validation_catboost_trial_006
14446,202611,0,0.112466233371607,0,202611,final_validation_catboost_trial_006
14448,202611,1,0.155142995091935,0,202611,final_validation_catboost_trial_006
14449,202611,0,0.230151205181188,0,202611,final_validation_catboost_trial_006
14451,202611,0,0.115805415701036,0,202611,final_validation_catboost_trial_006
14459,202611,0,0.146479517692409,0,202611,final_validation_catboost_trial_006
14464,202611,0,0.134847613308429,0,202611,final_validation_catboost_trial_006
14466,202611,1,0.141204095295651,0,202611,final_validation_catboost_trial_006
14467,202611,0,0.140531934843873,0,202611,final_validation_catboost_trial_006
14469,202611,0,0.150466435696891,0,202611,final_validation_catboost_trial_006
14470,202611,0,0.0645652677873263,0,202611,final_validation_catboost_trial_006
14471,202611,0,0.141673218565044,0,202611,final_validation_catboost_trial_006
14476,202611,0,0.0526847811808448,0,202611,final_validation_catboost_trial_006
14477,202611,0,0.139596687209009,0,202611,final_validation_catboost_trial_006
14479,202611,0,0.0589510169110386,0,202611,final_validation_catboost_trial_006
14480,202611,0,0.158960890838024,0,202611,final_validation_catboost_trial_006
14481,202611,0,0.040050303583721,0,202611,final_validation_catboost_trial_006
14484,202611,1,0.136079730029002,0,202611,final_validation_catboost_trial_006
14485,202611,0,0.106423548039821,0,202611,final_validation_catboost_trial_006
14486,202611,0,0.12852328024693,0,202611,final_validation_catboost_trial_006
14488,202611,1,0.148598057904344,0,202611,final_validation_catboost_trial_006
14493,202611,0,0.138669848531982,0,202611,final_validation_catboost_trial_006
14499,202611,1,0.121557901462507,0,202611,final_validation_catboost_trial_006
14504,202611,0,0.157543864714554,0,202611,final_validation_catboost_trial_006
14508,202611,0,0.134223528669424,0,202611,final_validation_catboost_trial_006
14509,202611,0,0.13254892882981,0,202611,final_validation_catboost_trial_006
14510,202611,1,0.158731884516899,0,202611,final_validation_catboost_trial_006
14516,202611,0,0.152288983652457,0,202611,final_validation_catboost_trial_006
14520,202611,0,0.126570626276323,0,202611,final_validation_catboost_trial_006
14522,202611,0,0.159078130751916,0,202611,final_validation_catboost_trial_006
14523,202611,0,0.111763060503359,0,202611,final_validation_catboost_trial_006
14529,202611,0,0.150091864600042,0,202611,final_validation_catboost_trial_006
14532,202611,0,0.0609828786231065,0,202611,final_validation_catboost_trial_006
14537,202611,0,0.0557151471143734,0,202611,final_validation_catboost_trial_006
14538,202611,1,0.127440827678888,0,202611,final_validation_catboost_trial_006
14540,202611,0,0.120891103083124,0,202611,final_validation_catboost_trial_006
14541,202611,0,0.113431975827668,0,202611,final_validation_catboost_trial_006
14542,202611,1,0.174986275596613,0,202611,final_validation_catboost_trial_006
14544,202611,0,0.13528714014197,0,202611,final_validation_catboost_trial_006
14548,202611,0,0.0955688340484404,0,202611,final_validation_catboost_trial_006
14550,202611,0,0.158034712587115,0,202611,final_validation_catboost_trial_006
14551,202611,1,0.143294044128972,0,202611,final_validation_catboost_trial_006
14554,202611,0,0.0648344613804001,0,202611,final_validation_catboost_trial_006
14555,202611,0,0.0629573919187104,0,202611,final_validation_catboost_trial_006
14563,202611,1,0.134531735366456,0,202611,final_validation_catboost_trial_006
14564,202611,0,0.134245725630363,0,202611,final_validation_catboost_trial_006
14571,202611,0,0.0802953047545889,0,202611,final_validation_catboost_trial_006
14572,202611,0,0.151193696028701,0,202611,final_validation_catboost_trial_006
14574,202611,1,0.144170553937539,0,202611,final_validation_catboost_trial_006
14576,202611,0,0.120528766998618,0,202611,final_validation_catboost_trial_006
14580,202611,0,0.06569537377757,0,202611,final_validation_catboost_trial_006
14581,202611,0,0.123444424571298,0,202611,final_validation_catboost_trial_006
14582,202611,0,0.172337074133485,0,202611,final_validation_catboost_trial_006
14583,202611,0,0.120611052501982,0,202611,final_validation_catboost_trial_006
14586,202611,0,0.121785062267447,0,202611,final_validation_catboost_trial_006
14591,202611,0,0.129013321979841,0,202611,final_validation_catboost_trial_006
14593,202611,0,0.150069340799366,0,202611,final_validation_catboost_trial_006
14594,202611,0,0.125217539418636,0,202611,final_validation_catboost_trial_006
14599,202611,1,0.145750320063925,0,202611,final_validation_catboost_trial_006
14601,202611,0,0.129512276592152,0,202611,final_validation_catboost_trial_006
14602,202611,0,0.10591071108042,0,202611,final_validation_catboost_trial_006
14603,202611,1,0.150882665481745,0,202611,final_validation_catboost_trial_006
14604,202611,0,0.160613245122051,0,202611,final_validation_catboost_trial_006
14610,202611,0,0.172608404709847,0,202611,final_validation_catboost_trial_006
14617,202611,1,0.227382556372588,0,202611,final_validation_catboost_trial_006
14618,202611,1,0.127748535445456,0,202611,final_validation_catboost_trial_006
14620,202611,0,0.126073593606373,0,202611,final_validation_catboost_trial_006
14622,202611,0,0.155179725321031,0,202611,final_validation_catboost_trial_006
14628,202611,0,0.0559844509409632,0,202611,final_validation_catboost_trial_006
14629,202611,0,0.243548185170631,0,202611,final_validation_catboost_trial_006
14630,202611,0,0.121569617715786,0,202611,final_validation_catboost_trial_006
14632,202611,0,0.328130668734659,0,202611,final_validation_catboost_trial_006
14634,202611,0,0.141661140289805,0,202611,final_validation_catboost_trial_006
14640,202611,1,0.151717036153733,0,202611,final_validation_catboost_trial_006
14646,202611,0,0.0614813841002256,0,202611,final_validation_catboost_trial_006
14648,202611,0,0.137069360055549,0,202611,final_validation_catboost_trial_006
14650,202611,1,0.157058909734193,0,202611,final_validation_catboost_trial_006
14651,202611,0,0.133083175139337,0,202611,final_validation_catboost_trial_006
14658,202611,0,0.263765979533288,0,202611,final_validation_catboost_trial_006
14661,202611,0,0.139851052280439,0,202611,final_validation_catboost_trial_006
14666,202611,0,0.0606999932290525,0,202611,final_validation_catboost_trial_006
14672,202611,0,0.153700556996182,0,202611,final_validation_catboost_trial_006
14673,202611,0,0.119360533188757,0,202611,final_validation_catboost_trial_006
14675,202611,1,0.232505009856995,0,202611,final_validation_catboost_trial_006
14678,202611,1,0.139398352580627,0,202611,final_validation_catboost_trial_006
14680,202611,0,0.118710188970165,0,202611,final_validation_catboost_trial_006
14685,202611,0,0.185835230725631,0,202611,final_validation_catboost_trial_006
14688,202611,0,0.140290110673636,0,202611,final_validation_catboost_trial_006
14692,202611,1,0.123820645062298,0,202611,final_validation_catboost_trial_006
14694,202611,0,0.129970325700058,0,202611,final_validation_catboost_trial_006
14695,202611,0,0.170205311895564,0,202611,final_validation_catboost_trial_006
14702,202611,0,0.140562712681342,0,202611,final_validation_catboost_trial_006
14705,202611,0,0.0580190207834905,0,202611,final_validation_catboost_trial_006
14706,202611,0,0.144324629140444,0,202611,final_validation_catboost_trial_006
14707,202611,0,0.14114809872746,0,202611,final_validation_catboost_trial_006
14711,202611,0,0.147959101355323,0,202611,final_validation_catboost_trial_006
14713,202611,0,0.0638044269834275,0,202611,final_validation_catboost_trial_006
14714,202611,0,0.133387209917868,0,202611,final_validation_catboost_trial_006
14717,202611,0,0.142226118310715,0,202611,final_validation_catboost_trial_006
14721,202611,1,0.125913528388628,0,202611,final_validation_catboost_trial_006
14722,202611,0,0.217947604217444,0,202611,final_validation_catboost_trial_006
14726,202611,0,0.13796865508185,0,202611,final_validation_catboost_trial_006
14735,202611,0,0.11417715324687,0,202611,final_validation_catboost_trial_006
14736,202611,0,0.159475898235361,0,202611,final_validation_catboost_trial_006
14742,202611,0,0.179457530534255,0,202611,final_validation_catboost_trial_006
14744,202611,0,0.398590283976737,0,202611,final_validation_catboost_trial_006
14746,202611,0,0.137101090649044,0,202611,final_validation_catboost_trial_006
14748,202611,0,0.138163433399692,0,202611,final_validation_catboost_trial_006
14751,202611,0,0.157571962093567,0,202611,final_validation_catboost_trial_006
14753,202611,0,0.163116188529154,0,202611,final_validation_catboost_trial_006
14754,202611,0,0.136617086669699,0,202611,final_validation_catboost_trial_006
14755,202611,1,0.136487457119284,0,202611,final_validation_catboost_trial_006
14759,202611,0,0.183687958110668,0,202611,final_validation_catboost_trial_006
14764,202611,0,0.141701725519037,0,202611,final_validation_catboost_trial_006
14766,202611,0,0.153001330655826,0,202611,final_validation_catboost_trial_006
14767,202611,0,0.180130249043804,0,202611,final_validation_catboost_trial_006
14768,202611,0,0.156429748876207,0,202611,final_validation_catboost_trial_006
14770,202611,0,0.118660166160563,0,202611,final_validation_catboost_trial_006
14773,202611,0,0.179042776494746,0,202611,final_validation_catboost_trial_006
14777,202611,0,0.129718441624732,0,202611,final_validation_catboost_trial_006
14778,202611,0,0.114682739975938,0,202611,final_validation_catboost_trial_006
14779,202611,0,0.109781685041699,0,202611,final_validation_catboost_trial_006
14782,202611,0,0.132390441079508,0,202611,final_validation_catboost_trial_006
14783,202611,0,0.152589707857726,0,202611,final_validation_catboost_trial_006
14784,202611,0,0.124876068841041,0,202611,final_validation_catboost_trial_006
14791,202611,1,0.160085223380748,0,202611,final_validation_catboost_trial_006
14793,202611,0,0.0438628568134282,0,202611,final_validation_catboost_trial_006
14794,202611,1,0.225255583311979,0,202611,final_validation_catboost_trial_006
14795,202611,0,0.129047209559647,0,202611,final_validation_catboost_trial_006
14796,202611,1,0.373276288383809,0,202611,final_validation_catboost_trial_006
14797,202611,0,0.136229425939833,0,202611,final_validation_catboost_trial_006
14800,202611,0,0.0593256253482407,0,202611,final_validation_catboost_trial_006
14802,202611,0,0.131174100138083,0,202611,final_validation_catboost_trial_006
14803,202611,0,0.0590954527969964,0,202611,final_validation_catboost_trial_006
14805,202611,0,0.168758389809049,0,202611,final_validation_catboost_trial_006
14808,202611,0,0.212775203142708,0,202611,final_validation_catboost_trial_006
14809,202611,0,0.0729819990280154,0,202611,final_validation_catboost_trial_006
14812,202611,0,0.333540820187695,0,202611,final_validation_catboost_trial_006
14813,202611,0,0.166976867645528,0,202611,final_validation_catboost_trial_006
14814,202611,0,0.143257592329716,0,202611,final_validation_catboost_trial_006
14818,202611,0,0.169135096348822,0,202611,final_validation_catboost_trial_006
14819,202611,0,0.0809673513314927,0,202611,final_validation_catboost_trial_006
14820,202611,0,0.0503341339880881,0,202611,final_validation_catboost_trial_006
14821,202611,0,0.253834225248368,0,202611,final_validation_catboost_trial_006
14822,202611,0,0.146311987552735,0,202611,final_validation_catboost_trial_006
14824,202611,1,0.228080414260792,0,202611,final_validation_catboost_trial_006
14826,202611,0,0.150251835667243,0,202611,final_validation_catboost_trial_006
14827,202611,0,0.129598268382786,0,202611,final_validation_catboost_trial_006
14831,202611,0,0.153830307474249,0,202611,final_validation_catboost_trial_006
14832,202611,0,0.134343768781142,0,202611,final_validation_catboost_trial_006
14834,202611,1,0.168922828402564,0,202611,final_validation_catboost_trial_006
14839,202611,0,0.154160067473783,0,202611,final_validation_catboost_trial_006
14841,202611,1,0.144452876307818,0,202611,final_validation_catboost_trial_006
14842,202611,0,0.144793774220413,0,202611,final_validation_catboost_trial_006
14848,202611,0,0.116004702957812,0,202611,final_validation_catboost_trial_006
14849,202611,0,0.0563514541161593,0,202611,final_validation_catboost_trial_006
14852,202611,1,0.144924351788498,0,202611,final_validation_catboost_trial_006
14855,202611,0,0.130469033518839,0,202611,final_validation_catboost_trial_006
14856,202611,0,0.158995336140404,0,202611,final_validation_catboost_trial_006
14865,202611,0,0.0727716626944983,0,202611,final_validation_catboost_trial_006
14866,202611,0,0.075830143519592,0,202611,final_validation_catboost_trial_006
14869,202611,0,0.118354758104496,0,202611,final_validation_catboost_trial_006
14873,202611,0,0.162067015106681,0,202611,final_validation_catboost_trial_006
14877,202611,0,0.123098291966647,0,202611,final_validation_catboost_trial_006
14878,202611,1,0.138449955661409,0,202611,final_validation_catboost_trial_006
14881,202611,0,0.0648710409442121,0,202611,final_validation_catboost_trial_006
14882,202611,0,0.244475025509768,0,202611,final_validation_catboost_trial_006
14883,202611,0,0.140905772370443,0,202611,final_validation_catboost_trial_006
14885,202611,0,0.159548161947498,0,202611,final_validation_catboost_trial_006
14889,202611,0,0.182095073169747,0,202611,final_validation_catboost_trial_006
14890,202611,0,0.169794826895838,0,202611,final_validation_catboost_trial_006
14892,202611,0,0.129249106473198,0,202611,final_validation_catboost_trial_006
14893,202611,0,0.0585961369176883,0,202611,final_validation_catboost_trial_006
14894,202611,0,0.0632997960626694,0,202611,final_validation_catboost_trial_006
14895,202611,1,0.146670426547821,0,202611,final_validation_catboost_trial_006
14897,202611,0,0.130764692497692,0,202611,final_validation_catboost_trial_006
14901,202611,0,0.0913436202101855,0,202611,final_validation_catboost_trial_006
14904,202611,0,0.0503521811247178,0,202611,final_validation_catboost_trial_006
14908,202611,0,0.139947208892894,0,202611,final_validation_catboost_trial_006
14909,202611,1,0.156633289307799,0,202611,final_validation_catboost_trial_006
14910,202611,1,0.113517913879295,0,202611,final_validation_catboost_trial_006
14914,202611,0,0.140764799092047,0,202611,final_validation_catboost_trial_006
14916,202611,0,0.101462026545124,0,202611,final_validation_catboost_trial_006
14917,202611,0,0.0617747271147278,0,202611,final_validation_catboost_trial_006
14918,202611,0,0.112911833707904,0,202611,final_validation_catboost_trial_006
14919,202611,1,0.244410751003757,0,202611,final_validation_catboost_trial_006
14923,202611,0,0.13768544109619,0,202611,final_validation_catboost_trial_006
14927,202611,0,0.127816184872869,0,202611,final_validation_catboost_trial_006
14928,202611,1,0.105532696766582,0,202611,final_validation_catboost_trial_006
14929,202611,0,0.130109802526167,0,202611,final_validation_catboost_trial_006
14931,202611,0,0.144703891114296,0,202611,final_validation_catboost_trial_006
14934,202611,1,0.135098431682747,0,202611,final_validation_catboost_trial_006
14935,202611,0,0.243099560796908,0,202611,final_validation_catboost_trial_006
14948,202611,0,0.239060702844541,0,202611,final_validation_catboost_trial_006
14950,202611,0,0.125274238225915,0,202611,final_validation_catboost_trial_006
14951,202611,0,0.140610010514326,0,202611,final_validation_catboost_trial_006
14952,202611,0,0.0592912089454095,0,202611,final_validation_catboost_trial_006
14954,202611,0,0.214706867469175,0,202611,final_validation_catboost_trial_006
14960,202611,0,0.0616747531744855,0,202611,final_validation_catboost_trial_006
14962,202611,0,0.0557693135475862,0,202611,final_validation_catboost_trial_006
14970,202611,0,0.122320722367043,0,202611,final_validation_catboost_trial_006
14973,202611,0,0.125959267849745,0,202611,final_validation_catboost_trial_006
14976,202611,0,0.171391822067402,0,202611,final_validation_catboost_trial_006
14978,202611,0,0.130458003385231,0,202611,final_validation_catboost_trial_006
14979,202611,1,0.123924174773694,0,202611,final_validation_catboost_trial_006
14982,202611,0,0.130734749398222,0,202611,final_validation_catboost_trial_006
14985,202611,0,0.0620900523223708,0,202611,final_validation_catboost_trial_006
14986,202611,0,0.118075924243955,0,202611,final_validation_catboost_trial_006
14987,202611,0,0.100954608177617,0,202611,final_validation_catboost_trial_006
14988,202611,0,0.18169511956041,0,202611,final_validation_catboost_trial_006
14991,202611,0,0.126651140860373,0,202611,final_validation_catboost_trial_006
14994,202611,1,0.262459359567238,0,202611,final_validation_catboost_trial_006
14996,202611,1,0.154875635081192,0,202611,final_validation_catboost_trial_006
14997,202611,0,0.144298797021413,0,202611,final_validation_catboost_trial_006
14998,202611,0,0.148005839749763,0,202611,final_validation_catboost_trial_006
14999,202611,0,0.148279426723793,0,202611,final_validation_catboost_trial_006
15000,202611,0,0.131951545494789,0,202611,final_validation_catboost_trial_006
15003,202611,1,0.123996571002741,0,202611,final_validation_catboost_trial_006
15005,202611,0,0.155327937493741,0,202611,final_validation_catboost_trial_006
15006,202611,0,0.125060720744834,0,202611,final_validation_catboost_trial_006
15009,202611,0,0.156149443121466,0,202611,final_validation_catboost_trial_006
15012,202611,1,0.177381817340507,0,202611,final_validation_catboost_trial_006
15015,202611,0,0.127604772307052,0,202611,final_validation_catboost_trial_006
15018,202611,0,0.137960703596383,0,202611,final_validation_catboost_trial_006
15029,202611,0,0.164908077430618,0,202611,final_validation_catboost_trial_006
15036,202611,1,0.139526915496601,0,202611,final_validation_catboost_trial_006
15037,202611,0,0.234719173831532,0,202611,final_validation_catboost_trial_006
15040,202611,1,0.153512249938171,0,202611,final_validation_catboost_trial_006
15041,202611,0,0.136020850201066,0,202611,final_validation_catboost_trial_006
15042,202611,0,0.128966608193468,0,202611,final_validation_catboost_trial_006
15046,202611,1,0.18627448019867,0,202611,final_validation_catboost_trial_006
15047,202611,0,0.1276034515303,0,202611,final_validation_catboost_trial_006
15050,202611,0,0.137707938048684,0,202611,final_validation_catboost_trial_006
15053,202611,0,0.165702025078995,0,202611,final_validation_catboost_trial_006
15056,202611,0,0.16834181421256,0,202611,final_validation_catboost_trial_006
15057,202611,0,0.159488915205417,0,202611,final_validation_catboost_trial_006
15058,202611,0,0.123813465600259,0,202611,final_validation_catboost_trial_006
15060,202611,0,0.0989650619800418,0,202611,final_validation_catboost_trial_006
15061,202611,1,0.140284339852019,0,202611,final_validation_catboost_trial_006
15062,202611,0,0.148025612196127,0,202611,final_validation_catboost_trial_006
15066,202611,0,0.0704068568539677,0,202611,final_validation_catboost_trial_006
15067,202611,0,0.159993623752884,0,202611,final_validation_catboost_trial_006
15068,202611,0,0.0673401088342081,0,202611,final_validation_catboost_trial_006
15069,202611,0,0.0718835324344179,0,202611,final_validation_catboost_trial_006
15072,202611,0,0.140591472934188,0,202611,final_validation_catboost_trial_006
15077,202611,0,0.129030123077226,0,202611,final_validation_catboost_trial_006
15089,202611,0,0.157274238990623,0,202611,final_validation_catboost_trial_006
15093,202611,0,0.131508182795371,0,202611,final_validation_catboost_trial_006
15096,202611,1,0.147744291548484,0,202611,final_validation_catboost_trial_006
15097,202611,1,0.107630371169102,0,202611,final_validation_catboost_trial_006
15099,202611,0,0.129184327330636,0,202611,final_validation_catboost_trial_006
15101,202611,0,0.160956574060424,0,202611,final_validation_catboost_trial_006
15103,202611,0,0.153333809448716,0,202611,final_validation_catboost_trial_006
15104,202611,0,0.135684449163466,0,202611,final_validation_catboost_trial_006
15105,202611,0,0.123061454738334,0,202611,final_validation_catboost_trial_006
15108,202611,0,0.128182589593664,0,202611,final_validation_catboost_trial_006
15109,202611,0,0.122343054992724,0,202611,final_validation_catboost_trial_006
15112,202611,0,0.13633397765679,0,202611,final_validation_catboost_trial_006
15114,202611,0,0.160230543333494,0,202611,final_validation_catboost_trial_006
15117,202611,0,0.0591776942532576,0,202611,final_validation_catboost_trial_006
15122,202611,0,0.119508377478889,0,202611,final_validation_catboost_trial_006
15126,202611,1,0.140385813449212,0,202611,final_validation_catboost_trial_006
15128,202611,1,0.149949224271294,0,202611,final_validation_catboost_trial_006
15129,202611,1,0.153866961009694,0,202611,final_validation_catboost_trial_006
15130,202611,0,0.0575399836610488,0,202611,final_validation_catboost_trial_006
15132,202611,0,0.0642063726322899,0,202611,final_validation_catboost_trial_006
15133,202611,0,0.12761742145075,0,202611,final_validation_catboost_trial_006
15134,202611,0,0.0543718672754506,0,202611,final_validation_catboost_trial_006
15136,202611,0,0.139313152693994,0,202611,final_validation_catboost_trial_006
15137,202611,0,0.211484771987368,0,202611,final_validation_catboost_trial_006
15139,202611,1,0.111121521719918,0,202611,final_validation_catboost_trial_006
15142,202611,0,0.0740774106291058,0,202611,final_validation_catboost_trial_006
15145,202611,0,0.123185293950913,0,202611,final_validation_catboost_trial_006
15146,202611,0,0.0497720594240938,0,202611,final_validation_catboost_trial_006
15147,202611,0,0.12119915567892,0,202611,final_validation_catboost_trial_006
15150,202611,0,0.214736269348454,0,202611,final_validation_catboost_trial_006
15159,202611,1,0.138058007453203,0,202611,final_validation_catboost_trial_006
15163,202611,0,0.163142586907455,0,202611,final_validation_catboost_trial_006
15165,202611,0,0.0643761262246045,0,202611,final_validation_catboost_trial_006
15167,202611,0,0.117588776751533,0,202611,final_validation_catboost_trial_006
15168,202611,0,0.0516996253057731,0,202611,final_validation_catboost_trial_006
15173,202611,0,0.114724065807888,0,202611,final_validation_catboost_trial_006
15181,202611,0,0.128595876892504,0,202611,final_validation_catboost_trial_006
15183,202611,0,0.15625934757046,0,202611,final_validation_catboost_trial_006
15185,202611,0,0.175736301508636,0,202611,final_validation_catboost_trial_006
15186,202611,0,0.152058653604841,0,202611,final_validation_catboost_trial_006
15189,202611,0,0.0904823462558114,0,202611,final_validation_catboost_trial_006
15190,202611,0,0.0598558035845601,0,202611,final_validation_catboost_trial_006
15191,202611,0,0.120105473723928,0,202611,final_validation_catboost_trial_006
15193,202611,0,0.164479702959671,0,202611,final_validation_catboost_trial_006
15196,202611,0,0.10672460108969,0,202611,final_validation_catboost_trial_006
15199,202611,0,0.144319281305752,0,202611,final_validation_catboost_trial_006
15200,202611,0,0.149753910109845,0,202611,final_validation_catboost_trial_006
15201,202611,0,0.156266514509991,0,202611,final_validation_catboost_trial_006
15204,202611,0,0.16136427028167,0,202611,final_validation_catboost_trial_006
15207,202611,0,0.0656372863152136,0,202611,final_validation_catboost_trial_006
15209,202611,0,0.162797495349896,0,202611,final_validation_catboost_trial_006
15212,202611,0,0.120741499912983,0,202611,final_validation_catboost_trial_006
15213,202611,0,0.131074866098719,0,202611,final_validation_catboost_trial_006
15214,202611,0,0.144523977080812,0,202611,final_validation_catboost_trial_006
15215,202611,0,0.156853151757008,0,202611,final_validation_catboost_trial_006
15216,202611,0,0.154087454558838,0,202611,final_validation_catboost_trial_006
15222,202611,0,0.137810800854191,0,202611,final_validation_catboost_trial_006
15223,202611,0,0.0965491409080498,0,202611,final_validation_catboost_trial_006
15224,202611,1,0.227465163525031,0,202611,final_validation_catboost_trial_006
15227,202611,1,0.123886126849693,0,202611,final_validation_catboost_trial_006
15231,202611,0,0.121574032570668,0,202611,final_validation_catboost_trial_006
15234,202611,1,0.143498173551115,0,202611,final_validation_catboost_trial_006
15236,202611,0,0.136808600241405,0,202611,final_validation_catboost_trial_006
15240,202611,0,0.182198395296847,0,202611,final_validation_catboost_trial_006
15241,202611,0,0.151629007823738,0,202611,final_validation_catboost_trial_006
15242,202611,0,0.184614250581076,0,202611,final_validation_catboost_trial_006
15243,202611,0,0.164762449038996,0,202611,final_validation_catboost_trial_006
15247,202611,0,0.16316176186422,0,202611,final_validation_catboost_trial_006
15250,202611,0,0.117689768107329,0,202611,final_validation_catboost_trial_006
15253,202611,0,0.140919191692674,0,202611,final_validation_catboost_trial_006
15254,202611,0,0.139359404160714,0,202611,final_validation_catboost_trial_006
15255,202611,0,0.138995667064513,0,202611,final_validation_catboost_trial_006
15260,202611,0,0.118575697517351,0,202611,final_validation_catboost_trial_006
15265,202611,0,0.0613124283301566,0,202611,final_validation_catboost_trial_006
15275,202611,0,0.118888444788384,0,202611,final_validation_catboost_trial_006
15280,202611,0,0.148409014300235,0,202611,final_validation_catboost_trial_006
15281,202611,0,0.163092921438289,0,202611,final_validation_catboost_trial_006
15282,202611,0,0.174054292291206,0,202611,final_validation_catboost_trial_006
15283,202611,0,0.180776836269866,0,202611,final_validation_catboost_trial_006
15284,202611,0,0.18903391258727,0,202611,final_validation_catboost_trial_006
15289,202611,1,0.144689727130427,0,202611,final_validation_catboost_trial_006
15292,202611,0,0.158706327754548,0,202611,final_validation_catboost_trial_006
15293,202611,0,0.10844740423448,0,202611,final_validation_catboost_trial_006
15300,202611,0,0.160923074629509,0,202611,final_validation_catboost_trial_006
15301,202611,0,0.125128215861667,0,202611,final_validation_catboost_trial_006
15302,202611,0,0.328577211794392,0,202611,final_validation_catboost_trial_006
15303,202611,0,0.138214525319287,0,202611,final_validation_catboost_trial_006
15306,202611,0,0.114192295784876,0,202611,final_validation_catboost_trial_006
15307,202611,1,0.165105484636118,0,202611,final_validation_catboost_trial_006
15310,202611,1,0.186446820130031,0,202611,final_validation_catboost_trial_006
15311,202611,0,0.148144715191155,0,202611,final_validation_catboost_trial_006
15313,202611,0,0.156372758388576,0,202611,final_validation_catboost_trial_006
15320,202611,0,0.125260494532913,0,202611,final_validation_catboost_trial_006
15322,202611,0,0.0532776351117816,0,202611,final_validation_catboost_trial_006
15324,202611,0,0.131791060442721,0,202611,final_validation_catboost_trial_006
15327,202611,0,0.178237165569096,0,202611,final_validation_catboost_trial_006
15329,202611,0,0.126587371666883,0,202611,final_validation_catboost_trial_006
15340,202611,0,0.245019417448261,0,202611,final_validation_catboost_trial_006
15349,202611,0,0.132572645116463,0,202611,final_validation_catboost_trial_006
15355,202611,0,0.105088776097388,0,202611,final_validation_catboost_trial_006
15356,202611,0,0.151652071760107,0,202611,final_validation_catboost_trial_006
15359,202611,0,0.341876087552708,0,202611,final_validation_catboost_trial_006
15360,202611,0,0.121419847430277,0,202611,final_validation_catboost_trial_006
15361,202611,0,0.0767129521315106,0,202611,final_validation_catboost_trial_006
15364,202611,0,0.153303877218831,0,202611,final_validation_catboost_trial_006
15367,202611,0,0.074648035198084,0,202611,final_validation_catboost_trial_006
15368,202611,0,0.218851607175137,0,202611,final_validation_catboost_trial_006
15372,202611,0,0.214499316055672,0,202611,final_validation_catboost_trial_006
15373,202611,1,0.150470398957197,0,202611,final_validation_catboost_trial_006
15374,202611,0,0.0624217073248954,0,202611,final_validation_catboost_trial_006
15377,202611,0,0.16498570663543,0,202611,final_validation_catboost_trial_006
15381,202611,1,0.140473347361026,0,202611,final_validation_catboost_trial_006
15383,202611,0,0.147553475947576,0,202611,final_validation_catboost_trial_006
15386,202611,0,0.0395789093343722,0,202611,final_validation_catboost_trial_006
15387,202611,1,0.158550993235013,0,202611,final_validation_catboost_trial_006
15391,202611,0,0.142943627547629,0,202611,final_validation_catboost_trial_006
15394,202611,0,0.0540449000551662,0,202611,final_validation_catboost_trial_006
15395,202611,0,0.155420296360581,0,202611,final_validation_catboost_trial_006
15396,202611,0,0.0637973482343329,0,202611,final_validation_catboost_trial_006
15397,202611,0,0.125536090484821,0,202611,final_validation_catboost_trial_006
15399,202611,1,0.126308390635966,0,202611,final_validation_catboost_trial_006
15400,202611,0,0.0901583788514037,0,202611,final_validation_catboost_trial_006
15404,202611,0,0.129769209863501,0,202611,final_validation_catboost_trial_006
15407,202611,1,0.119060543613026,0,202611,final_validation_catboost_trial_006
15408,202611,0,0.110854036721175,0,202611,final_validation_catboost_trial_006
15409,202611,0,0.062494664463269,0,202611,final_validation_catboost_trial_006
15411,202611,0,0.229065839797015,0,202611,final_validation_catboost_trial_006
15414,202611,0,0.154569089323263,0,202611,final_validation_catboost_trial_006
15416,202611,0,0.117086085454645,0,202611,final_validation_catboost_trial_006
15421,202611,0,0.0806969304290375,0,202611,final_validation_catboost_trial_006
15423,202611,0,0.118604791073932,0,202611,final_validation_catboost_trial_006
15425,202611,0,0.0548935119329198,0,202611,final_validation_catboost_trial_006
15426,202611,0,0.159238967968001,0,202611,final_validation_catboost_trial_006
15428,202611,0,0.146125383769973,0,202611,final_validation_catboost_trial_006
15429,202611,0,0.126773228588402,0,202611,final_validation_catboost_trial_006
15430,202611,1,0.162820180228616,0,202611,final_validation_catboost_trial_006
15437,202611,0,0.161832281545094,0,202611,final_validation_catboost_trial_006
15438,202611,0,0.0610663721152288,0,202611,final_validation_catboost_trial_006
15449,202611,0,0.118179594222515,0,202611,final_validation_catboost_trial_006
15451,202611,1,0.143140897540128,0,202611,final_validation_catboost_trial_006
15455,202611,1,0.140391801075472,0,202611,final_validation_catboost_trial_006
15456,202611,0,0.161806245846107,0,202611,final_validation_catboost_trial_006
15459,202611,0,0.184719523506839,0,202611,final_validation_catboost_trial_006
15460,202611,0,0.137019937095118,0,202611,final_validation_catboost_trial_006
15462,202611,1,0.150336473434077,0,202611,final_validation_catboost_trial_006
15465,202611,0,0.147672265707768,0,202611,final_validation_catboost_trial_006
15466,202611,0,0.14295198877495,0,202611,final_validation_catboost_trial_006
15467,202611,1,0.144184732557905,0,202611,final_validation_catboost_trial_006
15468,202611,0,0.149032864074223,0,202611,final_validation_catboost_trial_006
15469,202611,0,0.0570452211033343,0,202611,final_validation_catboost_trial_006
15470,202611,0,0.115483514089834,0,202611,final_validation_catboost_trial_006
15473,202611,0,0.210885460307578,0,202611,final_validation_catboost_trial_006
15474,202611,0,0.155727391033646,0,202611,final_validation_catboost_trial_006
15484,202611,0,0.111557998553001,0,202611,final_validation_catboost_trial_006
15486,202611,0,0.143478539509364,0,202611,final_validation_catboost_trial_006
15488,202611,0,0.126280620924276,0,202611,final_validation_catboost_trial_006
15489,202611,0,0.0443879214998698,0,202611,final_validation_catboost_trial_006
15493,202611,0,0.124878295797355,0,202611,final_validation_catboost_trial_006
15494,202611,0,0.11618946515079,0,202611,final_validation_catboost_trial_006
15511,202611,0,0.0579163629905753,0,202611,final_validation_catboost_trial_006
15512,202611,0,0.17012134532095,0,202611,final_validation_catboost_trial_006
15517,202611,0,0.16284671870816,0,202611,final_validation_catboost_trial_006
15518,202611,0,0.153561938290123,0,202611,final_validation_catboost_trial_006
15522,202611,0,0.0494616895064831,0,202611,final_validation_catboost_trial_006
15524,202611,0,0.146329105396935,0,202611,final_validation_catboost_trial_006
15526,202611,0,0.121321481482955,0,202611,final_validation_catboost_trial_006
15527,202611,0,0.125647109168219,0,202611,final_validation_catboost_trial_006
15528,202611,0,0.10095854384485,0,202611,final_validation_catboost_trial_006
15534,202611,0,0.12689700058548,0,202611,final_validation_catboost_trial_006
15537,202611,0,0.154005310727828,0,202611,final_validation_catboost_trial_006
15538,202611,0,0.156569049809694,0,202611,final_validation_catboost_trial_006
15541,202611,0,0.0483418416852204,0,202611,final_validation_catboost_trial_006
15544,202611,0,0.148121102440093,0,202611,final_validation_catboost_trial_006
15545,202611,0,0.130023307135478,0,202611,final_validation_catboost_trial_006
15546,202611,0,0.0633714112629095,0,202611,final_validation_catboost_trial_006
15547,202611,0,0.0682902662243318,0,202611,final_validation_catboost_trial_006
15548,202611,0,0.166251469119884,0,202611,final_validation_catboost_trial_006
15549,202611,0,0.17581532757546,0,202611,final_validation_catboost_trial_006
15550,202611,0,0.121035291674174,0,202611,final_validation_catboost_trial_006
15551,202611,0,0.0754987638601572,0,202611,final_validation_catboost_trial_006
15552,202611,0,0.0570698024148442,0,202611,final_validation_catboost_trial_006
15553,202611,0,0.130209094513614,0,202611,final_validation_catboost_trial_006
15562,202611,0,0.102192685402312,0,202611,final_validation_catboost_trial_006
15563,202611,0,0.247298309380186,0,202611,final_validation_catboost_trial_006
15564,202611,0,0.161396144815008,0,202611,final_validation_catboost_trial_006
15567,202611,0,0.141280126237752,0,202611,final_validation_catboost_trial_006
15568,202611,0,0.123993700837917,0,202611,final_validation_catboost_trial_006
15569,202611,0,0.0618648316558754,0,202611,final_validation_catboost_trial_006
15573,202611,0,0.0679573315566331,0,202611,final_validation_catboost_trial_006
15574,202611,0,0.106813578653058,0,202611,final_validation_catboost_trial_006
15579,202611,0,0.138400428760337,0,202611,final_validation_catboost_trial_006
15581,202611,0,0.059238453150451,0,202611,final_validation_catboost_trial_006
15582,202611,0,0.133051315097124,0,202611,final_validation_catboost_trial_006
15586,202611,0,0.151428037515886,0,202611,final_validation_catboost_trial_006
15589,202611,0,0.144671133142177,0,202611,final_validation_catboost_trial_006
15590,202611,1,0.118779415991561,0,202611,final_validation_catboost_trial_006
15591,202611,0,0.128902166885538,0,202611,final_validation_catboost_trial_006
15594,202611,0,0.110853011852629,0,202611,final_validation_catboost_trial_006
15596,202611,0,0.134267211004898,0,202611,final_validation_catboost_trial_006
15598,202611,0,0.132549591297492,0,202611,final_validation_catboost_trial_006
15600,202611,0,0.126781243515584,0,202611,final_validation_catboost_trial_006
15603,202611,0,0.16906830233285,0,202611,final_validation_catboost_trial_006
15609,202611,1,0.15343992511744,0,202611,final_validation_catboost_trial_006
15610,202611,1,0.238372245457165,0,202611,final_validation_catboost_trial_006
15613,202611,1,0.116804829655699,0,202611,final_validation_catboost_trial_006
15617,202611,0,0.0577036239199284,0,202611,final_validation_catboost_trial_006
15619,202611,0,0.167050680314292,0,202611,final_validation_catboost_trial_006
15625,202611,0,0.118321241719203,0,202611,final_validation_catboost_trial_006
15633,202611,0,0.0666237078022796,0,202611,final_validation_catboost_trial_006
15636,202611,0,0.160247143496476,0,202611,final_validation_catboost_trial_006
15637,202611,0,0.158012801654946,0,202611,final_validation_catboost_trial_006
15640,202611,0,0.1244076691125,0,202611,final_validation_catboost_trial_006
15641,202611,0,0.13175230118483,0,202611,final_validation_catboost_trial_006
15642,202611,0,0.107272879911641,0,202611,final_validation_catboost_trial_006
15643,202611,0,0.0975714162829464,0,202611,final_validation_catboost_trial_006
15645,202611,1,0.143354943326006,0,202611,final_validation_catboost_trial_006
15650,202611,0,0.111872379812852,0,202611,final_validation_catboost_trial_006
15653,202611,0,0.0739346324873339,0,202611,final_validation_catboost_trial_006
15655,202611,0,0.192326061978681,0,202611,final_validation_catboost_trial_006
15661,202611,0,0.153358650549805,0,202611,final_validation_catboost_trial_006
15663,202611,0,0.140956014506559,0,202611,final_validation_catboost_trial_006
15665,202611,0,0.0599541708700353,0,202611,final_validation_catboost_trial_006
15667,202611,0,0.142526866942877,0,202611,final_validation_catboost_trial_006
15671,202611,0,0.0572660863173467,0,202611,final_validation_catboost_trial_006
15673,202611,0,0.226621794389947,0,202611,final_validation_catboost_trial_006
15676,202611,0,0.0599259174197844,0,202611,final_validation_catboost_trial_006
15679,202611,0,0.153315883976256,0,202611,final_validation_catboost_trial_006
15680,202611,1,0.135304861421623,0,202611,final_validation_catboost_trial_006
15684,202611,0,0.235691786879188,0,202611,final_validation_catboost_trial_006
15685,202611,0,0.0625945622778923,0,202611,final_validation_catboost_trial_006
15690,202611,0,0.119822093963296,0,202611,final_validation_catboost_trial_006
15695,202611,0,0.110514349419042,0,202611,final_validation_catboost_trial_006
15699,202611,0,0.2148282964135,0,202611,final_validation_catboost_trial_006
15701,202611,0,0.0730840455333605,0,202611,final_validation_catboost_trial_006
15705,202611,0,0.220141265873266,0,202611,final_validation_catboost_trial_006
15709,202611,0,0.0596974733282618,0,202611,final_validation_catboost_trial_006
15717,202611,0,0.154849218497235,0,202611,final_validation_catboost_trial_006
15718,202611,0,0.275910728942666,0,202611,final_validation_catboost_trial_006
15721,202611,1,0.323393542236698,0,202611,final_validation_catboost_trial_006
15724,202611,0,0.155228712101752,0,202611,final_validation_catboost_trial_006
15725,202611,0,0.114670007107115,0,202611,final_validation_catboost_trial_006
15728,202611,0,0.132301577187884,0,202611,final_validation_catboost_trial_006
15729,202611,0,0.151675220893177,0,202611,final_validation_catboost_trial_006
15731,202611,0,0.13212003830501,0,202611,final_validation_catboost_trial_006
15732,202611,0,0.131251634561308,0,202611,final_validation_catboost_trial_006
15733,202611,0,0.131855696065741,0,202611,final_validation_catboost_trial_006
15739,202611,0,0.238098230183206,0,202611,final_validation_catboost_trial_006
15742,202611,0,0.051235452343588,0,202611,final_validation_catboost_trial_006
15743,202611,0,0.0598840018976061,0,202611,final_validation_catboost_trial_006
15744,202611,0,0.109788307208094,0,202611,final_validation_catboost_trial_006
15745,202611,0,0.0529319194443657,0,202611,final_validation_catboost_trial_006
15748,202611,0,0.0652436489645867,0,202611,final_validation_catboost_trial_006
15751,202611,0,0.178873835743593,0,202611,final_validation_catboost_trial_006
15752,202611,0,0.137829563847299,0,202611,final_validation_catboost_trial_006
15760,202611,0,0.0690968406366409,0,202611,final_validation_catboost_trial_006
15761,202611,0,0.0636641381063298,0,202611,final_validation_catboost_trial_006
15764,202611,0,0.137220328878425,0,202611,final_validation_catboost_trial_006
15766,202611,0,0.195517458077285,0,202611,final_validation_catboost_trial_006
15770,202611,0,0.0578550682475523,0,202611,final_validation_catboost_trial_006
15771,202611,1,0.14300876837508,0,202611,final_validation_catboost_trial_006
15773,202611,0,0.068945839888086,0,202611,final_validation_catboost_trial_006
15774,202611,1,0.153497045049045,0,202611,final_validation_catboost_trial_006
15777,202611,0,0.139921217193565,0,202611,final_validation_catboost_trial_006
15778,202611,0,0.196354074064863,0,202611,final_validation_catboost_trial_006
15780,202611,0,0.0752594236968768,0,202611,final_validation_catboost_trial_006
15782,202611,0,0.310888300233872,0,202611,final_validation_catboost_trial_006
15783,202611,0,0.149523771092579,0,202611,final_validation_catboost_trial_006
15785,202611,0,0.136082864955843,0,202611,final_validation_catboost_trial_006
15787,202611,0,0.143327391769909,0,202611,final_validation_catboost_trial_006
15788,202611,0,0.181021565772575,0,202611,final_validation_catboost_trial_006
15789,202611,1,0.10540952633362,0,202611,final_validation_catboost_trial_006
15793,202611,0,0.211872080103152,0,202611,final_validation_catboost_trial_006
15795,202611,0,0.142607469268175,0,202611,final_validation_catboost_trial_006
15798,202611,0,0.195621047269034,0,202611,final_validation_catboost_trial_006
15801,202611,0,0.167296724375873,0,202611,final_validation_catboost_trial_006
15802,202611,1,0.122969727387815,0,202611,final_validation_catboost_trial_006
15804,202611,1,0.13214804130592,0,202611,final_validation_catboost_trial_006
15809,202611,0,0.134859959029218,0,202611,final_validation_catboost_trial_006
15810,202611,0,0.135761658272335,0,202611,final_validation_catboost_trial_006
15814,202611,0,0.131228820083661,0,202611,final_validation_catboost_trial_006
15831,202611,1,0.0840405534183241,0,202611,final_validation_catboost_trial_006
15833,202611,0,0.269408364501843,0,202611,final_validation_catboost_trial_006
15835,202611,0,0.167032745486911,0,202611,final_validation_catboost_trial_006
15837,202611,0,0.0480820094977358,0,202611,final_validation_catboost_trial_006
15841,202611,0,0.129192164950215,0,202611,final_validation_catboost_trial_006
15842,202611,0,0.0559105637591528,0,202611,final_validation_catboost_trial_006
15845,202611,0,0.134118762612808,0,202611,final_validation_catboost_trial_006
15849,202611,0,0.0637040651700156,0,202611,final_validation_catboost_trial_006
15850,202611,0,0.0719663915691519,0,202611,final_validation_catboost_trial_006
15851,202611,0,0.050526790171229,0,202611,final_validation_catboost_trial_006
15853,202611,0,0.11582236919137,0,202611,final_validation_catboost_trial_006
15854,202611,0,0.144469165847292,0,202611,final_validation_catboost_trial_006
15857,202611,0,0.064206938511367,0,202611,final_validation_catboost_trial_006
15861,202611,0,0.263763445772558,0,202611,final_validation_catboost_trial_006
15862,202611,1,0.161576414795829,0,202611,final_validation_catboost_trial_006
15863,202611,1,0.136146401939571,0,202611,final_validation_catboost_trial_006
15868,202611,0,0.223126726879456,0,202611,final_validation_catboost_trial_006
15871,202611,0,0.123014372554663,0,202611,final_validation_catboost_trial_006
15873,202611,0,0.103342995751146,0,202611,final_validation_catboost_trial_006
15876,202611,0,0.137355386872663,0,202611,final_validation_catboost_trial_006
15880,202611,1,0.123765571194755,0,202611,final_validation_catboost_trial_006
15883,202611,0,0.130942618275563,0,202611,final_validation_catboost_trial_006
15884,202611,0,0.0963551323370196,0,202611,final_validation_catboost_trial_006
15887,202611,0,0.0948133215281822,0,202611,final_validation_catboost_trial_006
15888,202611,0,0.116078302551741,0,202611,final_validation_catboost_trial_006
15889,202611,1,0.128479816272478,0,202611,final_validation_catboost_trial_006
15890,202611,0,0.14291312958995,0,202611,final_validation_catboost_trial_006
15891,202611,0,0.166309487734194,0,202611,final_validation_catboost_trial_006
15892,202611,0,0.127370587963418,0,202611,final_validation_catboost_trial_006
15893,202611,0,0.121506888915645,0,202611,final_validation_catboost_trial_006
15897,202611,0,0.103780713047411,0,202611,final_validation_catboost_trial_006
15898,202611,0,0.237950154552074,0,202611,final_validation_catboost_trial_006
15902,202611,0,0.175700587687351,0,202611,final_validation_catboost_trial_006
15903,202611,0,0.0684453892224051,0,202611,final_validation_catboost_trial_006
15904,202611,1,0.137791758761042,0,202611,final_validation_catboost_trial_006
15905,202611,0,0.167821441899058,0,202611,final_validation_catboost_trial_006
15910,202611,0,0.141741222147874,0,202611,final_validation_catboost_trial_006
15911,202611,0,0.133979256330539,0,202611,final_validation_catboost_trial_006
15912,202611,0,0.122438075591234,0,202611,final_validation_catboost_trial_006
15916,202611,0,0.0678038724280937,0,202611,final_validation_catboost_trial_006
15917,202611,0,0.0524943012708508,0,202611,final_validation_catboost_trial_006
15924,202611,0,0.17407157456003,0,202611,final_validation_catboost_trial_006
15930,202611,0,0.18229852393363,0,202611,final_validation_catboost_trial_006
15932,202611,0,0.166729086171187,0,202611,final_validation_catboost_trial_006
15937,202611,0,0.123075491246616,0,202611,final_validation_catboost_trial_006
15938,202611,1,0.133760627198102,0,202611,final_validation_catboost_trial_006
15940,202611,0,0.143313137781506,0,202611,final_validation_catboost_trial_006
15942,202611,0,0.141275324062018,0,202611,final_validation_catboost_trial_006
15943,202611,0,0.252102470866198,0,202611,final_validation_catboost_trial_006
15944,202611,1,0.0692967795714473,0,202611,final_validation_catboost_trial_006
15945,202611,1,0.135803766419134,0,202611,final_validation_catboost_trial_006
15946,202611,0,0.131879417656525,0,202611,final_validation_catboost_trial_006
15948,202611,0,0.0588903284816354,0,202611,final_validation_catboost_trial_006
15949,202611,0,0.0640819433624313,0,202611,final_validation_catboost_trial_006
15952,202611,0,0.131126212139133,0,202611,final_validation_catboost_trial_006
15953,202611,1,0.153449623943613,0,202611,final_validation_catboost_trial_006
15954,202611,0,0.0551201681977823,0,202611,final_validation_catboost_trial_006
15956,202611,0,0.133822519243122,0,202611,final_validation_catboost_trial_006
15957,202611,0,0.0915719812699516,0,202611,final_validation_catboost_trial_006
15960,202611,0,0.0736741004581363,0,202611,final_validation_catboost_trial_006
15962,202611,0,0.124427496359672,0,202611,final_validation_catboost_trial_006
15965,202611,0,0.121383635819345,0,202611,final_validation_catboost_trial_006
15968,202611,0,0.148477846471495,0,202611,final_validation_catboost_trial_006
15969,202611,0,0.140528601505177,0,202611,final_validation_catboost_trial_006
15975,202611,0,0.111727319570304,0,202611,final_validation_catboost_trial_006
15977,202611,0,0.245745275266386,0,202611,final_validation_catboost_trial_006
15982,202611,0,0.139350828576529,0,202611,final_validation_catboost_trial_006
15987,202611,1,0.159940867932692,0,202611,final_validation_catboost_trial_006
15988,202611,0,0.124534663613871,0,202611,final_validation_catboost_trial_006
15990,202611,0,0.0671554316692102,0,202611,final_validation_catboost_trial_006
15991,202611,0,0.0599077845742583,0,202611,final_validation_catboost_trial_006
15992,202611,0,0.0600246003859106,0,202611,final_validation_catboost_trial_006
15993,202611,0,0.209993466673669,0,202611,final_validation_catboost_trial_006
15997,202611,0,0.146912185503807,0,202611,final_validation_catboost_trial_006
15998,202611,1,0.184683001284016,0,202611,final_validation_catboost_trial_006
16003,202611,0,0.128763241733077,0,202611,final_validation_catboost_trial_006
16009,202611,0,0.146565816974572,0,202611,final_validation_catboost_trial_006
16012,202611,1,0.135651886637201,0,202611,final_validation_catboost_trial_006
16014,202611,0,0.172466772700537,0,202611,final_validation_catboost_trial_006
16015,202611,0,0.146676856030662,0,202611,final_validation_catboost_trial_006
16016,202611,0,0.0618318489775786,0,202611,final_validation_catboost_trial_006
16018,202611,1,0.23714311066511,0,202611,final_validation_catboost_trial_006
16019,202611,0,0.134352187403982,0,202611,final_validation_catboost_trial_006
16021,202611,1,0.12864935337553,0,202611,final_validation_catboost_trial_006
16026,202611,0,0.111754878272146,0,202611,final_validation_catboost_trial_006
16029,202611,0,0.159921528026208,0,202611,final_validation_catboost_trial_006
16030,202611,0,0.138715938616308,0,202611,final_validation_catboost_trial_006
16031,202611,0,0.0588141032693051,0,202611,final_validation_catboost_trial_006
16032,202611,0,0.133065824649592,0,202611,final_validation_catboost_trial_006
16035,202611,1,0.140870248674021,0,202611,final_validation_catboost_trial_006
16037,202611,0,0.0630116238136269,0,202611,final_validation_catboost_trial_006
16043,202611,1,0.108658712002041,0,202611,final_validation_catboost_trial_006
16045,202611,0,0.181276571243675,0,202611,final_validation_catboost_trial_006
16049,202611,0,0.161339380758193,0,202611,final_validation_catboost_trial_006
16051,202611,0,0.136455568223188,0,202611,final_validation_catboost_trial_006
16055,202611,0,0.195055748495144,0,202611,final_validation_catboost_trial_006
16061,202611,0,0.161879041600915,0,202611,final_validation_catboost_trial_006
16063,202611,1,0.139280527433056,0,202611,final_validation_catboost_trial_006
16064,202611,0,0.148822638050479,0,202611,final_validation_catboost_trial_006
16065,202611,0,0.0561441758414627,0,202611,final_validation_catboost_trial_006
16076,202611,0,0.224302479438478,0,202611,final_validation_catboost_trial_006
16078,202611,0,0.223725128624263,0,202611,final_validation_catboost_trial_006
16085,202611,0,0.12690488526911,0,202611,final_validation_catboost_trial_006
16087,202611,0,0.0661046396242281,0,202611,final_validation_catboost_trial_006
16088,202611,0,0.172177553130738,0,202611,final_validation_catboost_trial_006
16091,202611,0,0.125838894789863,0,202611,final_validation_catboost_trial_006
16092,202611,0,0.138988403781565,0,202611,final_validation_catboost_trial_006
16093,202611,0,0.149908592049354,0,202611,final_validation_catboost_trial_006
16095,202611,0,0.159798381409958,0,202611,final_validation_catboost_trial_006
16101,202611,0,0.117582502210586,0,202611,final_validation_catboost_trial_006
16102,202611,0,0.151031861920873,0,202611,final_validation_catboost_trial_006
16110,202611,0,0.167911749507705,0,202611,final_validation_catboost_trial_006
16111,202611,0,0.133183619202491,0,202611,final_validation_catboost_trial_006
16113,202611,0,0.177788876532149,0,202611,final_validation_catboost_trial_006
16118,202611,0,0.164986327088298,0,202611,final_validation_catboost_trial_006
16121,202611,0,0.0515131069905308,0,202611,final_validation_catboost_trial_006
16123,202611,0,0.211710308704811,0,202611,final_validation_catboost_trial_006
16127,202611,0,0.136047208137232,0,202611,final_validation_catboost_trial_006
16129,202611,0,0.0401945786883844,0,202611,final_validation_catboost_trial_006
16130,202611,0,0.124428569771613,0,202611,final_validation_catboost_trial_006
16133,202611,0,0.120214278211031,0,202611,final_validation_catboost_trial_006
16135,202611,0,0.145617751744287,0,202611,final_validation_catboost_trial_006
16136,202611,0,0.117966370885404,0,202611,final_validation_catboost_trial_006
16137,202611,0,0.179527998816902,0,202611,final_validation_catboost_trial_006
16138,202611,0,0.0659387223224182,0,202611,final_validation_catboost_trial_006
16140,202611,0,0.169322150376874,0,202611,final_validation_catboost_trial_006
16141,202611,0,0.15287841181755,0,202611,final_validation_catboost_trial_006
16142,202611,0,0.12010337817482,0,202611,final_validation_catboost_trial_006
16145,202611,0,0.164957331740256,0,202611,final_validation_catboost_trial_006
16147,202611,0,0.166589392070206,0,202611,final_validation_catboost_trial_006
16148,202611,0,0.189444464632906,0,202611,final_validation_catboost_trial_006
16149,202611,0,0.161794737689413,0,202611,final_validation_catboost_trial_006
16158,202611,1,0.145550113803062,0,202611,final_validation_catboost_trial_006
16163,202611,0,0.21210726815499,0,202611,final_validation_catboost_trial_006
16166,202611,0,0.0542238839388705,0,202611,final_validation_catboost_trial_006
16169,202611,0,0.118448622438502,0,202611,final_validation_catboost_trial_006
16172,202611,0,0.149202959062617,0,202611,final_validation_catboost_trial_006
16173,202611,0,0.174069885023972,0,202611,final_validation_catboost_trial_006
16176,202611,0,0.138476572037451,0,202611,final_validation_catboost_trial_006
16177,202611,0,0.133186126145732,0,202611,final_validation_catboost_trial_006
16179,202611,0,0.154456806454023,0,202611,final_validation_catboost_trial_006
16181,202611,0,0.0420862206280515,0,202611,final_validation_catboost_trial_006
16182,202611,0,0.282596914289802,0,202611,final_validation_catboost_trial_006
16192,202611,1,0.209043474104479,0,202611,final_validation_catboost_trial_006
16193,202611,1,0.146763853310938,0,202611,final_validation_catboost_trial_006
16197,202611,0,0.167219340048728,0,202611,final_validation_catboost_trial_006
16198,202611,0,0.128800272054033,0,202611,final_validation_catboost_trial_006
16199,202611,0,0.1220664654854,0,202611,final_validation_catboost_trial_006
16201,202611,1,0.15272311720924,0,202611,final_validation_catboost_trial_006
16203,202611,0,0.0933004865682865,0,202611,final_validation_catboost_trial_006
16204,202611,0,0.0883902322473764,0,202611,final_validation_catboost_trial_006
16209,202611,1,0.160931163377489,0,202611,final_validation_catboost_trial_006
16218,202611,0,0.0911578732675285,0,202611,final_validation_catboost_trial_006
16219,202611,0,0.189596489665257,0,202611,final_validation_catboost_trial_006
16220,202611,1,0.107233617658672,0,202611,final_validation_catboost_trial_006
16222,202611,1,0.237087437574832,0,202611,final_validation_catboost_trial_006
16226,202611,0,0.152164181223653,0,202611,final_validation_catboost_trial_006
16227,202611,0,0.113939691602636,0,202611,final_validation_catboost_trial_006
16228,202611,0,0.157294872633147,0,202611,final_validation_catboost_trial_006
16229,202611,0,0.161735857517374,0,202611,final_validation_catboost_trial_006
16230,202611,0,0.142243440138452,0,202611,final_validation_catboost_trial_006
16235,202611,0,0.124564369855068,0,202611,final_validation_catboost_trial_006
16237,202611,0,0.0580859827607864,0,202611,final_validation_catboost_trial_006
16240,202611,0,0.115407732739883,0,202611,final_validation_catboost_trial_006
16242,202611,0,0.127081373913957,0,202611,final_validation_catboost_trial_006
16246,202611,0,0.173069600399264,0,202611,final_validation_catboost_trial_006
16247,202611,0,0.144031057963913,0,202611,final_validation_catboost_trial_006
16248,202611,0,0.138422389694379,0,202611,final_validation_catboost_trial_006
16254,202611,0,0.358481480309233,0,202611,final_validation_catboost_trial_006
16256,202611,0,0.144414908592612,0,202611,final_validation_catboost_trial_006
16258,202611,0,0.114726509948397,0,202611,final_validation_catboost_trial_006
16260,202611,0,0.0518404856397283,0,202611,final_validation_catboost_trial_006
16266,202611,0,0.156260899675928,0,202611,final_validation_catboost_trial_006
16270,202611,0,0.159835338554005,0,202611,final_validation_catboost_trial_006
16271,202611,0,0.148881220896683,0,202611,final_validation_catboost_trial_006
16272,202611,0,0.13644573854343,0,202611,final_validation_catboost_trial_006
16274,202611,0,0.126976523876403,0,202611,final_validation_catboost_trial_006
16275,202611,0,0.139828105799729,0,202611,final_validation_catboost_trial_006
16276,202611,0,0.053580283867352,0,202611,final_validation_catboost_trial_006
16277,202611,0,0.147763001140172,0,202611,final_validation_catboost_trial_006
16278,202611,0,0.0509254323629124,0,202611,final_validation_catboost_trial_006
16279,202611,0,0.142350534636254,0,202611,final_validation_catboost_trial_006
16280,202611,0,0.178264417384549,0,202611,final_validation_catboost_trial_006
16283,202611,1,0.329314615329039,0,202611,final_validation_catboost_trial_006
16284,202611,0,0.118543614351147,0,202611,final_validation_catboost_trial_006
16286,202611,0,0.111169015772614,0,202611,final_validation_catboost_trial_006
16288,202611,0,0.158443690175806,0,202611,final_validation_catboost_trial_006
16293,202611,0,0.130462550256415,0,202611,final_validation_catboost_trial_006
16299,202611,0,0.230002473470334,0,202611,final_validation_catboost_trial_006
16300,202611,0,0.148689018987534,0,202611,final_validation_catboost_trial_006
16307,202611,0,0.127930937322279,0,202611,final_validation_catboost_trial_006
16314,202611,0,0.144531673355319,0,202611,final_validation_catboost_trial_006
16315,202611,0,0.131751247667521,0,202611,final_validation_catboost_trial_006
16319,202611,0,0.152601237648161,0,202611,final_validation_catboost_trial_006
16320,202611,0,0.161754967914674,0,202611,final_validation_catboost_trial_006
16321,202611,0,0.140070085138271,0,202611,final_validation_catboost_trial_006
16325,202611,0,0.0585818728640062,0,202611,final_validation_catboost_trial_006
16329,202611,0,0.0604584377115693,0,202611,final_validation_catboost_trial_006
16333,202611,0,0.0436214356960168,0,202611,final_validation_catboost_trial_006
16334,202611,1,0.124230636116316,0,202611,final_validation_catboost_trial_006
16335,202611,0,0.160279867916351,0,202611,final_validation_catboost_trial_006
16336,202611,0,0.144543509029359,0,202611,final_validation_catboost_trial_006
16338,202611,1,0.131957289730002,0,202611,final_validation_catboost_trial_006
16342,202611,0,0.144876880443112,0,202611,final_validation_catboost_trial_006
16343,202611,0,0.203304153956793,0,202611,final_validation_catboost_trial_006
16345,202611,1,0.106877310742133,0,202611,final_validation_catboost_trial_006
16346,202611,0,0.156260546489077,0,202611,final_validation_catboost_trial_006
16347,202611,0,0.132194510369892,0,202611,final_validation_catboost_trial_006
16348,202611,0,0.165583112865821,0,202611,final_validation_catboost_trial_006
16350,202611,0,0.0693611065202238,0,202611,final_validation_catboost_trial_006
16352,202611,0,0.117738708909835,0,202611,final_validation_catboost_trial_006
16353,202611,1,0.0611948102390267,0,202611,final_validation_catboost_trial_006
16354,202611,0,0.152593799054829,0,202611,final_validation_catboost_trial_006
16356,202611,0,0.146092990816885,0,202611,final_validation_catboost_trial_006
16357,202611,0,0.179472288064994,0,202611,final_validation_catboost_trial_006
16358,202611,0,0.119830539532483,0,202611,final_validation_catboost_trial_006
16362,202611,0,0.116266845889843,0,202611,final_validation_catboost_trial_006
16364,202611,0,0.0627977753068691,0,202611,final_validation_catboost_trial_006
16367,202611,0,0.14713115607219,0,202611,final_validation_catboost_trial_006
16371,202611,0,0.117866501907627,0,202611,final_validation_catboost_trial_006
16374,202611,0,0.129618337441063,0,202611,final_validation_catboost_trial_006
16376,202611,0,0.14007652991908,0,202611,final_validation_catboost_trial_006
16377,202611,0,0.168982657738186,0,202611,final_validation_catboost_trial_006
16378,202611,0,0.161150500267938,0,202611,final_validation_catboost_trial_006
16381,202611,0,0.0791099357734878,0,202611,final_validation_catboost_trial_006
16383,202611,1,0.132404214946366,0,202611,final_validation_catboost_trial_006
16384,202611,0,0.139127678002461,0,202611,final_validation_catboost_trial_006
16386,202611,0,0.130948272857933,0,202611,final_validation_catboost_trial_006
16388,202611,0,0.115408284630686,0,202611,final_validation_catboost_trial_006
16390,202611,1,0.139200434971268,0,202611,final_validation_catboost_trial_006
16391,202611,0,0.170306038539929,0,202611,final_validation_catboost_trial_006
16394,202611,0,0.139747262818598,0,202611,final_validation_catboost_trial_006
16397,202611,0,0.0618476104995674,0,202611,final_validation_catboost_trial_006
16398,202611,0,0.162908332344117,0,202611,final_validation_catboost_trial_006
16400,202611,0,0.134175462530089,0,202611,final_validation_catboost_trial_006
16404,202611,0,0.151098732234603,0,202611,final_validation_catboost_trial_006
16409,202611,0,0.117629803873727,0,202611,final_validation_catboost_trial_006
16411,202611,0,0.108856610882202,0,202611,final_validation_catboost_trial_006
16414,202611,1,0.125348618277748,0,202611,final_validation_catboost_trial_006
16418,202611,0,0.271077073391003,0,202611,final_validation_catboost_trial_006
16420,202611,0,0.130130694357125,0,202611,final_validation_catboost_trial_006
16421,202611,0,0.149306065556332,0,202611,final_validation_catboost_trial_006
16425,202611,0,0.111998205120615,0,202611,final_validation_catboost_trial_006
16426,202611,0,0.133652322986305,0,202611,final_validation_catboost_trial_006
16429,202611,0,0.153894123575564,0,202611,final_validation_catboost_trial_006
16430,202611,0,0.134424042978131,0,202611,final_validation_catboost_trial_006
16431,202611,0,0.0621080722512937,0,202611,final_validation_catboost_trial_006
16437,202611,0,0.0672606526757321,0,202611,final_validation_catboost_trial_006
16438,202611,0,0.0523618855018226,0,202611,final_validation_catboost_trial_006
16439,202611,0,0.112097512342976,0,202611,final_validation_catboost_trial_006
16440,202611,0,0.0602343000111383,0,202611,final_validation_catboost_trial_006
16441,202611,0,0.158876920679232,0,202611,final_validation_catboost_trial_006
16446,202611,1,0.128252816127885,0,202611,final_validation_catboost_trial_006
16451,202611,0,0.122950296315907,0,202611,final_validation_catboost_trial_006
16461,202611,0,0.12278389252377,0,202611,final_validation_catboost_trial_006
16464,202611,0,0.24732226730033,0,202611,final_validation_catboost_trial_006
16466,202611,0,0.204359255487119,0,202611,final_validation_catboost_trial_006
16467,202611,0,0.114804441196991,0,202611,final_validation_catboost_trial_006
16468,202611,0,0.153553457480668,0,202611,final_validation_catboost_trial_006
16469,202611,0,0.142749306884137,0,202611,final_validation_catboost_trial_006
16470,202611,0,0.155101500760081,0,202611,final_validation_catboost_trial_006
16477,202611,1,0.257795268800199,0,202611,final_validation_catboost_trial_006
16483,202611,0,0.175975920414776,0,202611,final_validation_catboost_trial_006
16487,202611,1,0.194975947396662,0,202611,final_validation_catboost_trial_006
16488,202611,0,0.0633749052708102,0,202611,final_validation_catboost_trial_006
16490,202611,0,0.0649635538253777,0,202611,final_validation_catboost_trial_006
16496,202611,0,0.177222706306751,0,202611,final_validation_catboost_trial_006
16502,202611,0,0.0678036112343078,0,202611,final_validation_catboost_trial_006
16510,202611,1,0.140515328467857,0,202611,final_validation_catboost_trial_006
16511,202611,0,0.0580668465854536,0,202611,final_validation_catboost_trial_006
16512,202611,0,0.143112380752957,0,202611,final_validation_catboost_trial_006
16513,202611,0,0.129174436172977,0,202611,final_validation_catboost_trial_006
16514,202611,0,0.0360853479078203,0,202611,final_validation_catboost_trial_006
16515,202611,0,0.0548625966189772,0,202611,final_validation_catboost_trial_006
16517,202611,0,0.14071714811996,0,202611,final_validation_catboost_trial_006
16519,202611,1,0.0578042287423311,0,202611,final_validation_catboost_trial_006
16520,202611,0,0.0663015633942073,0,202611,final_validation_catboost_trial_006
16525,202611,0,0.149607134266216,0,202611,final_validation_catboost_trial_006
16526,202611,1,0.248161315255306,0,202611,final_validation_catboost_trial_006
16529,202611,0,0.124279314794166,0,202611,final_validation_catboost_trial_006
16532,202611,0,0.14401915579869,0,202611,final_validation_catboost_trial_006
16533,202611,1,0.118118046103774,0,202611,final_validation_catboost_trial_006
16536,202611,0,0.273784926262089,0,202611,final_validation_catboost_trial_006
16540,202611,0,0.0737468124873444,0,202611,final_validation_catboost_trial_006
16542,202611,0,0.129044239191455,0,202611,final_validation_catboost_trial_006
16544,202611,1,0.243336410720615,0,202611,final_validation_catboost_trial_006
16548,202611,0,0.124987186165537,0,202611,final_validation_catboost_trial_006
16549,202611,0,0.114500433368032,0,202611,final_validation_catboost_trial_006
16551,202611,0,0.288391072531413,0,202611,final_validation_catboost_trial_006
16552,202611,0,0.119615596479042,0,202611,final_validation_catboost_trial_006
16557,202611,0,0.124849043917041,0,202611,final_validation_catboost_trial_006
16558,202611,0,0.111161656787937,0,202611,final_validation_catboost_trial_006
16559,202611,0,0.14935662645405,0,202611,final_validation_catboost_trial_006
16560,202611,1,0.141666417537426,0,202611,final_validation_catboost_trial_006
16561,202611,0,0.139977350466839,0,202611,final_validation_catboost_trial_006
16562,202611,0,0.140874589810213,0,202611,final_validation_catboost_trial_006
16564,202611,0,0.121470060632192,0,202611,final_validation_catboost_trial_006
16565,202611,1,0.23788862538821,0,202611,final_validation_catboost_trial_006
16566,202611,0,0.133156174838316,0,202611,final_validation_catboost_trial_006
16572,202611,0,0.15456565076337,0,202611,final_validation_catboost_trial_006
16573,202611,0,0.153974208577424,0,202611,final_validation_catboost_trial_006
16574,202611,0,0.162054951890658,0,202611,final_validation_catboost_trial_006
16575,202611,0,0.0683294215256892,0,202611,final_validation_catboost_trial_006
16579,202611,0,0.18433822511608,0,202611,final_validation_catboost_trial_006
16580,202611,1,0.234956324714786,0,202611,final_validation_catboost_trial_006
16582,202611,0,0.107543586564414,0,202611,final_validation_catboost_trial_006
16584,202611,0,0.146399254142931,0,202611,final_validation_catboost_trial_006
16586,202611,0,0.136498843333448,0,202611,final_validation_catboost_trial_006
16588,202611,0,0.140046316650827,0,202611,final_validation_catboost_trial_006
16595,202611,0,0.149134362979734,0,202611,final_validation_catboost_trial_006
16597,202611,0,0.117941386851045,0,202611,final_validation_catboost_trial_006
16600,202611,0,0.150984150298145,0,202611,final_validation_catboost_trial_006
16601,202611,0,0.128743009493335,0,202611,final_validation_catboost_trial_006
16606,202611,0,0.317903622689501,0,202611,final_validation_catboost_trial_006
16608,202611,0,0.0504154022903133,0,202611,final_validation_catboost_trial_006
16611,202611,0,0.13925132772044,0,202611,final_validation_catboost_trial_006
16613,202611,0,0.157719101822453,0,202611,final_validation_catboost_trial_006
16615,202611,1,0.132326541200122,0,202611,final_validation_catboost_trial_006
16619,202611,0,0.14790170397427,0,202611,final_validation_catboost_trial_006
16622,202611,0,0.144663411551067,0,202611,final_validation_catboost_trial_006
16624,202611,0,0.14020391596657,0,202611,final_validation_catboost_trial_006
16626,202611,0,0.15694873908474,0,202611,final_validation_catboost_trial_006
16628,202611,0,0.132301836324309,0,202611,final_validation_catboost_trial_006
16629,202611,1,0.117338654337565,0,202611,final_validation_catboost_trial_006
16630,202611,0,0.128923671209167,0,202611,final_validation_catboost_trial_006
16631,202611,0,0.0747904941338643,0,202611,final_validation_catboost_trial_006
16634,202611,0,0.135988549391522,0,202611,final_validation_catboost_trial_006
16638,202611,0,0.161419384278781,0,202611,final_validation_catboost_trial_006
16643,202611,0,0.104068753585167,0,202611,final_validation_catboost_trial_006
16645,202611,0,0.190499075627144,0,202611,final_validation_catboost_trial_006
16649,202611,0,0.144205500973744,0,202611,final_validation_catboost_trial_006
16651,202611,0,0.147402609873443,0,202611,final_validation_catboost_trial_006
16652,202611,0,0.144154685952905,0,202611,final_validation_catboost_trial_006
16653,202611,0,0.0934475995299578,0,202611,final_validation_catboost_trial_006
16659,202611,1,0.138642523535444,0,202611,final_validation_catboost_trial_006
16660,202611,1,0.122790929571844,0,202611,final_validation_catboost_trial_006
16669,202611,0,0.143729090700174,0,202611,final_validation_catboost_trial_006
16672,202611,0,0.138516231468717,0,202611,final_validation_catboost_trial_006
16674,202611,1,0.159246678204029,0,202611,final_validation_catboost_trial_006
16677,202611,0,0.15742206361191,0,202611,final_validation_catboost_trial_006
16679,202611,0,0.138973228911538,0,202611,final_validation_catboost_trial_006
16680,202611,0,0.138009403440576,0,202611,final_validation_catboost_trial_006
16681,202611,0,0.0623409205455207,0,202611,final_validation_catboost_trial_006
16684,202611,0,0.0419963424788285,0,202611,final_validation_catboost_trial_006
16685,202611,0,0.123369461946737,0,202611,final_validation_catboost_trial_006
16686,202611,0,0.189065608899725,0,202611,final_validation_catboost_trial_006
16687,202611,1,0.116648783650427,0,202611,final_validation_catboost_trial_006
16688,202611,1,0.175377331444095,0,202611,final_validation_catboost_trial_006
16689,202611,0,0.110701910104617,0,202611,final_validation_catboost_trial_006
16690,202611,0,0.0416219730888613,0,202611,final_validation_catboost_trial_006
16692,202611,0,0.116673141120618,0,202611,final_validation_catboost_trial_006
16693,202611,0,0.0567583034382477,0,202611,final_validation_catboost_trial_006
16696,202611,0,0.0623282233289886,0,202611,final_validation_catboost_trial_006
16697,202611,1,0.132162720664155,0,202611,final_validation_catboost_trial_006
16703,202611,0,0.221414647820235,0,202611,final_validation_catboost_trial_006
16704,202611,0,0.0466092531690517,0,202611,final_validation_catboost_trial_006
16705,202611,1,0.154955972940384,0,202611,final_validation_catboost_trial_006
16707,202611,0,0.118665960200815,0,202611,final_validation_catboost_trial_006
16711,202611,0,0.108280174619887,0,202611,final_validation_catboost_trial_006
16713,202611,0,0.130466452138922,0,202611,final_validation_catboost_trial_006
16714,202611,0,0.375552673686535,0,202611,final_validation_catboost_trial_006
16716,202611,0,0.12056132626408,0,202611,final_validation_catboost_trial_006
16717,202611,0,0.159275667132472,0,202611,final_validation_catboost_trial_006
16718,202611,0,0.135594966662408,0,202611,final_validation_catboost_trial_006
16719,202611,1,0.147986962391261,0,202611,final_validation_catboost_trial_006
16720,202611,0,0.0515434471395535,0,202611,final_validation_catboost_trial_006
16723,202611,0,0.110440912663854,0,202611,final_validation_catboost_trial_006
16724,202611,0,0.228254872518647,0,202611,final_validation_catboost_trial_006
16728,202611,0,0.287164721049547,0,202611,final_validation_catboost_trial_006
16730,202611,0,0.128852920609552,0,202611,final_validation_catboost_trial_006
16735,202611,1,0.180645741599982,0,202611,final_validation_catboost_trial_006
16741,202611,1,0.130330305721518,0,202611,final_validation_catboost_trial_006
16742,202611,1,0.0928672859864842,0,202611,final_validation_catboost_trial_006
16743,202611,0,0.109233060470898,0,202611,final_validation_catboost_trial_006
16744,202611,0,0.0450419141443137,0,202611,final_validation_catboost_trial_006
16748,202611,0,0.131691879886423,0,202611,final_validation_catboost_trial_006
16750,202611,0,0.149187788092456,0,202611,final_validation_catboost_trial_006
16752,202611,0,0.15184065147635,0,202611,final_validation_catboost_trial_006
16753,202611,0,0.12133672705412,0,202611,final_validation_catboost_trial_006
16755,202611,0,0.16667393187018,0,202611,final_validation_catboost_trial_006
16756,202611,0,0.0580919165599783,0,202611,final_validation_catboost_trial_006
16760,202611,0,0.14691253549987,0,202611,final_validation_catboost_trial_006
16764,202611,0,0.0598485955773651,0,202611,final_validation_catboost_trial_006
16770,202611,1,0.214719426847999,0,202611,final_validation_catboost_trial_006
16771,202611,0,0.145303881132594,0,202611,final_validation_catboost_trial_006
16772,202611,0,0.188175901134999,0,202611,final_validation_catboost_trial_006
16776,202611,0,0.130212803421267,0,202611,final_validation_catboost_trial_006
16777,202611,0,0.0767397095066813,0,202611,final_validation_catboost_trial_006
16780,202611,0,0.149817399293274,0,202611,final_validation_catboost_trial_006
16781,202611,0,0.133602750405759,0,202611,final_validation_catboost_trial_006
16788,202611,0,0.134355539667221,0,202611,final_validation_catboost_trial_006
16792,202611,0,0.135031060003944,0,202611,final_validation_catboost_trial_006
16794,202611,0,0.175786340601388,0,202611,final_validation_catboost_trial_006
16795,202611,0,0.0568078096409748,0,202611,final_validation_catboost_trial_006
16796,202611,0,0.0577487634018185,0,202611,final_validation_catboost_trial_006
16798,202611,0,0.112325173665023,0,202611,final_validation_catboost_trial_006
16801,202611,0,0.159330326218153,0,202611,final_validation_catboost_trial_006
16802,202611,0,0.113349186486244,0,202611,final_validation_catboost_trial_006
16803,202611,0,0.162239986120691,0,202611,final_validation_catboost_trial_006
16809,202611,1,0.246887886788217,0,202611,final_validation_catboost_trial_006
16815,202611,0,0.121206371983596,0,202611,final_validation_catboost_trial_006
16816,202611,0,0.0957332078112102,0,202611,final_validation_catboost_trial_006
16818,202611,0,0.144601864299683,0,202611,final_validation_catboost_trial_006
16819,202611,0,0.171734369005846,0,202611,final_validation_catboost_trial_006
16820,202611,1,0.1647927639438,0,202611,final_validation_catboost_trial_006
16824,202611,0,0.129629718316576,0,202611,final_validation_catboost_trial_006
16829,202611,0,0.130351249315759,0,202611,final_validation_catboost_trial_006
16833,202611,0,0.132154646084775,0,202611,final_validation_catboost_trial_006
16834,202611,0,0.123818734011067,0,202611,final_validation_catboost_trial_006
16846,202611,0,0.147764571661676,0,202611,final_validation_catboost_trial_006
16847,202611,0,0.147886316056793,0,202611,final_validation_catboost_trial_006
16848,202611,0,0.134924304494623,0,202611,final_validation_catboost_trial_006
16852,202611,0,0.119434593529516,0,202611,final_validation_catboost_trial_006
16853,202611,0,0.15031300367133,0,202611,final_validation_catboost_trial_006
16857,202611,0,0.125248586033869,0,202611,final_validation_catboost_trial_006
16858,202611,0,0.177976604050905,0,202611,final_validation_catboost_trial_006
16860,202611,1,0.153887967369605,0,202611,final_validation_catboost_trial_006
16861,202611,0,0.143037992172015,0,202611,final_validation_catboost_trial_006
16862,202611,0,0.165885710644906,0,202611,final_validation_catboost_trial_006
16867,202611,0,0.130347740107243,0,202611,final_validation_catboost_trial_006
16869,202611,0,0.130319468267674,0,202611,final_validation_catboost_trial_006
16870,202611,0,0.145652712523788,0,202611,final_validation_catboost_trial_006
16872,202611,0,0.130450405549136,0,202611,final_validation_catboost_trial_006
16876,202611,1,0.155405006211115,0,202611,final_validation_catboost_trial_006
16877,202611,0,0.104731398424443,0,202611,final_validation_catboost_trial_006
16883,202611,0,0.118150611756169,0,202611,final_validation_catboost_trial_006
16890,202611,0,0.0724367793820875,0,202611,final_validation_catboost_trial_006
16893,202611,0,0.120936279887287,0,202611,final_validation_catboost_trial_006
16894,202611,0,0.0680020837690671,0,202611,final_validation_catboost_trial_006
16897,202611,0,0.106383823986463,0,202611,final_validation_catboost_trial_006
16901,202611,0,0.124603338097972,0,202611,final_validation_catboost_trial_006
16902,202611,0,0.103185025434557,0,202611,final_validation_catboost_trial_006
16906,202611,0,0.0507156193449082,0,202611,final_validation_catboost_trial_006
16910,202611,0,0.0495871089416018,0,202611,final_validation_catboost_trial_006
16911,202611,0,0.25008657234118,0,202611,final_validation_catboost_trial_006
16921,202611,0,0.113748969536541,0,202611,final_validation_catboost_trial_006
16923,202611,1,0.102722325135399,0,202611,final_validation_catboost_trial_006
16926,202611,0,0.174187666108355,0,202611,final_validation_catboost_trial_006
16928,202611,0,0.139637901675184,0,202611,final_validation_catboost_trial_006
16932,202611,0,0.173709683179512,0,202611,final_validation_catboost_trial_006
16933,202611,0,0.131492671904937,0,202611,final_validation_catboost_trial_006
16935,202611,0,0.142958090169482,0,202611,final_validation_catboost_trial_006
16943,202611,0,0.148428065902844,0,202611,final_validation_catboost_trial_006
16944,202611,1,0.157461335443647,0,202611,final_validation_catboost_trial_006
16947,202611,0,0.0503205598212051,0,202611,final_validation_catboost_trial_006
16948,202611,0,0.139784887250583,0,202611,final_validation_catboost_trial_006
16949,202611,0,0.0579725035226244,0,202611,final_validation_catboost_trial_006
16952,202611,1,0.264994119272425,0,202611,final_validation_catboost_trial_006
16953,202611,0,0.142145999955995,0,202611,final_validation_catboost_trial_006
16954,202611,0,0.136265983990377,0,202611,final_validation_catboost_trial_006
16956,202611,0,0.139527655791498,0,202611,final_validation_catboost_trial_006
16958,202611,0,0.0509151747895282,0,202611,final_validation_catboost_trial_006
16959,202611,1,0.137647540141723,0,202611,final_validation_catboost_trial_006
16962,202611,0,0.135932273856982,0,202611,final_validation_catboost_trial_006
16969,202611,0,0.0583066629453144,0,202611,final_validation_catboost_trial_006
16970,202611,0,0.0455569495910441,0,202611,final_validation_catboost_trial_006
16972,202611,1,0.145086749182071,0,202611,final_validation_catboost_trial_006
16977,202611,1,0.130363925652139,0,202611,final_validation_catboost_trial_006
16979,202611,0,0.136509573517067,0,202611,final_validation_catboost_trial_006
16981,202611,0,0.141372114192374,0,202611,final_validation_catboost_trial_006
16983,202611,0,0.145997360846801,0,202611,final_validation_catboost_trial_006
16984,202611,0,0.117354518926532,0,202611,final_validation_catboost_trial_006
16985,202611,0,0.129625604715989,0,202611,final_validation_catboost_trial_006
16987,202611,0,0.161808183904197,0,202611,final_validation_catboost_trial_006
16989,202611,0,0.258959310066577,0,202611,final_validation_catboost_trial_006
16990,202611,0,0.1493581651666,0,202611,final_validation_catboost_trial_006
16992,202611,0,0.122286337495687,0,202611,final_validation_catboost_trial_006
16994,202611,1,0.206472279352992,0,202611,final_validation_catboost_trial_006
16995,202611,0,0.125910611426406,0,202611,final_validation_catboost_trial_006
16997,202611,0,0.293516708116914,0,202611,final_validation_catboost_trial_006
16999,202611,1,0.21271472539719,0,202611,final_validation_catboost_trial_006
17000,202611,0,0.169549707208287,0,202611,final_validation_catboost_trial_006
17002,202611,0,0.159124738203311,0,202611,final_validation_catboost_trial_006
17003,202611,0,0.168097031874756,0,202611,final_validation_catboost_trial_006
17004,202611,1,0.349052225917483,0,202611,final_validation_catboost_trial_006
17006,202611,0,0.214430551793391,0,202611,final_validation_catboost_trial_006
17007,202611,0,0.164288117131869,0,202611,final_validation_catboost_trial_006
17008,202611,0,0.0498050129514418,0,202611,final_validation_catboost_trial_006
17014,202611,0,0.124165671507539,0,202611,final_validation_catboost_trial_006
17015,202611,0,0.14154794918939,0,202611,final_validation_catboost_trial_006
17017,202611,1,0.129913667179984,0,202611,final_validation_catboost_trial_006
17018,202611,0,0.17034010324634,0,202611,final_validation_catboost_trial_006
17020,202611,0,0.0754091629961718,0,202611,final_validation_catboost_trial_006
17023,202611,1,0.150252702170576,0,202611,final_validation_catboost_trial_006
17024,202611,0,0.246026682950294,0,202611,final_validation_catboost_trial_006
17026,202611,0,0.215679695930477,0,202611,final_validation_catboost_trial_006
17028,202611,0,0.134144864225305,0,202611,final_validation_catboost_trial_006
17035,202611,0,0.135377017555683,0,202611,final_validation_catboost_trial_006
17038,202611,0,0.135897183793095,0,202611,final_validation_catboost_trial_006
17039,202611,1,0.138142666364453,0,202611,final_validation_catboost_trial_006
17041,202611,0,0.243010939932459,0,202611,final_validation_catboost_trial_006
17046,202611,0,0.171769638911541,0,202611,final_validation_catboost_trial_006
17052,202611,0,0.0575805298848305,0,202611,final_validation_catboost_trial_006
17053,202611,0,0.0813093730138445,0,202611,final_validation_catboost_trial_006
17056,202611,0,0.119164285300468,0,202611,final_validation_catboost_trial_006
17057,202611,1,0.121902891416819,0,202611,final_validation_catboost_trial_006
17063,202611,0,0.152480957102549,0,202611,final_validation_catboost_trial_006
17067,202611,1,0.159745476814108,0,202611,final_validation_catboost_trial_006
17068,202611,0,0.137821129524086,0,202611,final_validation_catboost_trial_006
17073,202611,0,0.0619292392972353,0,202611,final_validation_catboost_trial_006
17077,202611,0,0.140102299241357,0,202611,final_validation_catboost_trial_006
17078,202611,0,0.131279602052213,0,202611,final_validation_catboost_trial_006
17079,202611,1,0.135588955214909,0,202611,final_validation_catboost_trial_006
17081,202611,0,0.14559252174801,0,202611,final_validation_catboost_trial_006
17083,202611,0,0.153622948107765,0,202611,final_validation_catboost_trial_006
17085,202611,0,0.129625094337502,0,202611,final_validation_catboost_trial_006
17086,202611,0,0.149698770526166,0,202611,final_validation_catboost_trial_006
17087,202611,0,0.137524495795575,0,202611,final_validation_catboost_trial_006
17088,202611,0,0.140810711018675,0,202611,final_validation_catboost_trial_006
17090,202611,0,0.13205241331544,0,202611,final_validation_catboost_trial_006
17093,202611,0,0.0539624560716921,0,202611,final_validation_catboost_trial_006
17094,202611,0,0.0689360757833701,0,202611,final_validation_catboost_trial_006
17095,202611,0,0.118598723703677,0,202611,final_validation_catboost_trial_006
17096,202611,0,0.0752425752526022,0,202611,final_validation_catboost_trial_006
17099,202611,0,0.161431489722662,0,202611,final_validation_catboost_trial_006
17101,202611,0,0.152626843604493,0,202611,final_validation_catboost_trial_006
17102,202611,0,0.142980049471049,0,202611,final_validation_catboost_trial_006
17104,202611,0,0.138237594134419,0,202611,final_validation_catboost_trial_006
17105,202611,0,0.140554099968387,0,202611,final_validation_catboost_trial_006
17115,202611,0,0.120105118058669,0,202611,final_validation_catboost_trial_006
17116,202611,0,0.150033946414004,0,202611,final_validation_catboost_trial_006
17122,202611,0,0.0604454587344167,0,202611,final_validation_catboost_trial_006
17123,202611,0,0.0612312651695018,0,202611,final_validation_catboost_trial_006
17127,202611,0,0.148754290005341,0,202611,final_validation_catboost_trial_006
17128,202611,0,0.152193991527081,0,202611,final_validation_catboost_trial_006
17129,202611,1,0.147755871177564,0,202611,final_validation_catboost_trial_006
17131,202611,0,0.163389304325997,0,202611,final_validation_catboost_trial_006
17136,202611,0,0.134185198203561,0,202611,final_validation_catboost_trial_006
17140,202611,0,0.0623412310225229,0,202611,final_validation_catboost_trial_006
17141,202611,0,0.136913642097993,0,202611,final_validation_catboost_trial_006
17146,202611,0,0.0943382694419171,0,202611,final_validation_catboost_trial_006
17147,202611,0,0.0581985723373795,0,202611,final_validation_catboost_trial_006
17149,202611,0,0.17081530285346,0,202611,final_validation_catboost_trial_006
17155,202611,0,0.162365942703189,0,202611,final_validation_catboost_trial_006
17158,202611,0,0.184657361076106,0,202611,final_validation_catboost_trial_006
17159,202611,0,0.119984297267034,0,202611,final_validation_catboost_trial_006
17163,202611,0,0.131324869920613,0,202611,final_validation_catboost_trial_006
17164,202611,0,0.12552432872416,0,202611,final_validation_catboost_trial_006
17165,202611,0,0.143675815046895,0,202611,final_validation_catboost_trial_006
17167,202611,1,0.26998448978698,0,202611,final_validation_catboost_trial_006
17169,202611,0,0.20102022686523,0,202611,final_validation_catboost_trial_006
17170,202611,0,0.115162725406165,0,202611,final_validation_catboost_trial_006
17171,202611,0,0.173150404023365,0,202611,final_validation_catboost_trial_006
17172,202611,0,0.102600695383667,0,202611,final_validation_catboost_trial_006
17175,202611,0,0.342638134348404,0,202611,final_validation_catboost_trial_006
17177,202611,0,0.126628563764254,0,202611,final_validation_catboost_trial_006
17181,202611,0,0.117463958378854,0,202611,final_validation_catboost_trial_006
17183,202611,0,0.054197151450594,0,202611,final_validation_catboost_trial_006
17188,202611,0,0.119933992553353,0,202611,final_validation_catboost_trial_006
17189,202611,0,0.123510983894049,0,202611,final_validation_catboost_trial_006
17191,202611,0,0.115676805171611,0,202611,final_validation_catboost_trial_006
17192,202611,0,0.13347590029566,0,202611,final_validation_catboost_trial_006
17194,202611,0,0.119850123905789,0,202611,final_validation_catboost_trial_006
17210,202611,0,0.105565578463981,0,202611,final_validation_catboost_trial_006
17212,202611,0,0.181254845443887,0,202611,final_validation_catboost_trial_006
17219,202611,0,0.24957501878653,0,202611,final_validation_catboost_trial_006
17220,202611,0,0.131907604838441,0,202611,final_validation_catboost_trial_006
17225,202611,0,0.152863142827233,0,202611,final_validation_catboost_trial_006
17227,202611,0,0.143217002006573,0,202611,final_validation_catboost_trial_006
17228,202611,0,0.0544895169525638,0,202611,final_validation_catboost_trial_006
17229,202611,0,0.0590031494228616,0,202611,final_validation_catboost_trial_006
17231,202611,0,0.158573163574128,0,202611,final_validation_catboost_trial_006
17232,202611,0,0.144448679499802,0,202611,final_validation_catboost_trial_006
17233,202611,0,0.0486089814026823,0,202611,final_validation_catboost_trial_006
17236,202611,1,0.118159336862221,0,202611,final_validation_catboost_trial_006
17237,202611,0,0.115380559971494,0,202611,final_validation_catboost_trial_006
17240,202611,0,0.156400276009503,0,202611,final_validation_catboost_trial_006
17241,202611,0,0.138262375132576,0,202611,final_validation_catboost_trial_006
17243,202611,0,0.121084897077375,0,202611,final_validation_catboost_trial_006
17246,202611,0,0.205862959897496,0,202611,final_validation_catboost_trial_006
17247,202611,0,0.0982276643948624,0,202611,final_validation_catboost_trial_006
17251,202611,0,0.30563544327924,0,202611,final_validation_catboost_trial_006
17253,202611,0,0.11822812641196,0,202611,final_validation_catboost_trial_006
17254,202611,0,0.0587655796687887,0,202611,final_validation_catboost_trial_006
17256,202611,0,0.052555187303361,0,202611,final_validation_catboost_trial_006
17257,202611,0,0.128478766240837,0,202611,final_validation_catboost_trial_006
17262,202611,0,0.114420449824902,0,202611,final_validation_catboost_trial_006
17267,202611,0,0.0852220048844561,0,202611,final_validation_catboost_trial_006
17268,202611,0,0.127357648763594,0,202611,final_validation_catboost_trial_006
17269,202611,0,0.121805298258316,0,202611,final_validation_catboost_trial_006
17270,202611,0,0.142262245470079,0,202611,final_validation_catboost_trial_006
17271,202611,1,0.128022375222107,0,202611,final_validation_catboost_trial_006
17275,202611,0,0.172812730763914,0,202611,final_validation_catboost_trial_006
17276,202611,0,0.185448123608818,0,202611,final_validation_catboost_trial_006
17277,202611,0,0.237542237150182,0,202611,final_validation_catboost_trial_006
17279,202611,0,0.131997235912672,0,202611,final_validation_catboost_trial_006
17283,202611,0,0.0610655599160505,0,202611,final_validation_catboost_trial_006
17285,202611,1,0.118304287991567,0,202611,final_validation_catboost_trial_006
17287,202611,0,0.134229364010159,0,202611,final_validation_catboost_trial_006
17288,202611,0,0.0605907926846309,0,202611,final_validation_catboost_trial_006
17294,202611,0,0.121545587096827,0,202611,final_validation_catboost_trial_006
17295,202611,0,0.0491705076966926,0,202611,final_validation_catboost_trial_006
17297,202611,1,0.149841676786771,0,202611,final_validation_catboost_trial_006
17298,202611,0,0.141328690263948,0,202611,final_validation_catboost_trial_006
17299,202611,1,0.22349116139919,0,202611,final_validation_catboost_trial_006
17300,202611,0,0.0474748923204076,0,202611,final_validation_catboost_trial_006
17302,202611,0,0.157531982813396,0,202611,final_validation_catboost_trial_006
17303,202611,0,0.133763717214293,0,202611,final_validation_catboost_trial_006
17305,202611,0,0.146451766632115,0,202611,final_validation_catboost_trial_006
17306,202611,1,0.155461831235929,0,202611,final_validation_catboost_trial_006
17307,202611,0,0.167231071040752,0,202611,final_validation_catboost_trial_006
17310,202611,0,0.119974432056091,0,202611,final_validation_catboost_trial_006
17312,202611,0,0.070510592063664,0,202611,final_validation_catboost_trial_006
17316,202611,0,0.127859537964521,0,202611,final_validation_catboost_trial_006
17317,202611,0,0.118266027675855,0,202611,final_validation_catboost_trial_006
17318,202611,0,0.0587610252691022,0,202611,final_validation_catboost_trial_006
17320,202611,0,0.0476662557923587,0,202611,final_validation_catboost_trial_006
17323,202611,0,0.132836724453998,0,202611,final_validation_catboost_trial_006
17324,202611,0,0.109409377376938,0,202611,final_validation_catboost_trial_006
17328,202611,0,0.218253203345508,0,202611,final_validation_catboost_trial_006
17330,202611,1,0.126980202272885,0,202611,final_validation_catboost_trial_006
17332,202611,0,0.144509197752788,0,202611,final_validation_catboost_trial_006
17333,202611,0,0.128239874523726,0,202611,final_validation_catboost_trial_006
17335,202611,0,0.0627861300816483,0,202611,final_validation_catboost_trial_006
17338,202611,0,0.125581206554751,0,202611,final_validation_catboost_trial_006
17340,202611,0,0.165673214822297,0,202611,final_validation_catboost_trial_006
17341,202611,1,0.113823261533627,0,202611,final_validation_catboost_trial_006
17344,202611,0,0.189258496469073,0,202611,final_validation_catboost_trial_006
17345,202611,0,0.174903457773258,0,202611,final_validation_catboost_trial_006
17348,202611,1,0.171390505608583,0,202611,final_validation_catboost_trial_006
17349,202611,0,0.153609436532733,0,202611,final_validation_catboost_trial_006
17351,202611,0,0.131182191786375,0,202611,final_validation_catboost_trial_006
17352,202611,0,0.138579668723382,0,202611,final_validation_catboost_trial_006
17354,202611,0,0.0748643842151735,0,202611,final_validation_catboost_trial_006
17356,202611,0,0.199368600914608,0,202611,final_validation_catboost_trial_006
17357,202611,0,0.166836360575334,0,202611,final_validation_catboost_trial_006
17360,202611,1,0.242359241886803,0,202611,final_validation_catboost_trial_006
17361,202611,0,0.0651163876055354,0,202611,final_validation_catboost_trial_006
17362,202611,0,0.167788258346748,0,202611,final_validation_catboost_trial_006
17363,202611,0,0.180219223556645,0,202611,final_validation_catboost_trial_006
17365,202611,1,0.33773694991654,0,202611,final_validation_catboost_trial_006
17366,202611,0,0.158814515739888,0,202611,final_validation_catboost_trial_006
17367,202611,0,0.120666934396169,0,202611,final_validation_catboost_trial_006
17369,202611,0,0.0707002931338773,0,202611,final_validation_catboost_trial_006
17371,202611,0,0.154952173275398,0,202611,final_validation_catboost_trial_006
17373,202611,0,0.160503226817628,0,202611,final_validation_catboost_trial_006
17378,202611,0,0.157239413675812,0,202611,final_validation_catboost_trial_006
17380,202611,0,0.147963731366328,0,202611,final_validation_catboost_trial_006
17381,202611,1,0.125408026343809,0,202611,final_validation_catboost_trial_006
17382,202611,0,0.157801597545803,0,202611,final_validation_catboost_trial_006
17383,202611,0,0.1259094060095,0,202611,final_validation_catboost_trial_006
17387,202611,0,0.13974196660509,0,202611,final_validation_catboost_trial_006
17389,202611,0,0.139500045075428,0,202611,final_validation_catboost_trial_006
17391,202611,0,0.0903705680105804,0,202611,final_validation_catboost_trial_006
17398,202611,0,0.14697309187529,0,202611,final_validation_catboost_trial_006
17399,202611,1,0.16708280850368,0,202611,final_validation_catboost_trial_006
17402,202611,0,0.129999953556254,0,202611,final_validation_catboost_trial_006
17405,202611,0,0.21527583837983,0,202611,final_validation_catboost_trial_006
17407,202611,0,0.0583005188373039,0,202611,final_validation_catboost_trial_006
17409,202611,0,0.119367230104265,0,202611,final_validation_catboost_trial_006
17411,202611,0,0.162948818109886,0,202611,final_validation_catboost_trial_006
17412,202611,0,0.0501026468545511,0,202611,final_validation_catboost_trial_006
17413,202611,0,0.127890109768511,0,202611,final_validation_catboost_trial_006
17415,202611,0,0.136732392429543,0,202611,final_validation_catboost_trial_006
17420,202611,0,0.129895852439498,0,202611,final_validation_catboost_trial_006
17421,202611,0,0.131196384051805,0,202611,final_validation_catboost_trial_006
17422,202611,0,0.134721146740499,0,202611,final_validation_catboost_trial_006
17428,202611,0,0.134652799214339,0,202611,final_validation_catboost_trial_006
17430,202611,0,0.118736851837219,0,202611,final_validation_catboost_trial_006
17433,202611,0,0.113007518081229,0,202611,final_validation_catboost_trial_006
17435,202611,0,0.145724775744817,0,202611,final_validation_catboost_trial_006
17438,202611,0,0.115845307802983,0,202611,final_validation_catboost_trial_006
17440,202611,0,0.0645981848280053,0,202611,final_validation_catboost_trial_006
17441,202611,1,0.331316806136809,0,202611,final_validation_catboost_trial_006
17442,202611,0,0.133348563806007,0,202611,final_validation_catboost_trial_006
17444,202611,0,0.142349063287585,0,202611,final_validation_catboost_trial_006
17448,202611,0,0.147705080150741,0,202611,final_validation_catboost_trial_006
17449,202611,0,0.216067896583466,0,202611,final_validation_catboost_trial_006
17462,202611,0,0.142428350587474,0,202611,final_validation_catboost_trial_006
17464,202611,0,0.130000680439904,0,202611,final_validation_catboost_trial_006
17466,202611,0,0.0706591271473968,0,202611,final_validation_catboost_trial_006
17468,202611,0,0.166724381636299,0,202611,final_validation_catboost_trial_006
17469,202611,0,0.148916684134168,0,202611,final_validation_catboost_trial_006
17472,202611,0,0.104900950144903,0,202611,final_validation_catboost_trial_006
17473,202611,0,0.142105005048766,0,202611,final_validation_catboost_trial_006
17475,202611,0,0.14085669530495,0,202611,final_validation_catboost_trial_006
17479,202611,0,0.0547139570623143,0,202611,final_validation_catboost_trial_006
17481,202611,0,0.120856739261985,0,202611,final_validation_catboost_trial_006
17482,202611,0,0.146700462901051,0,202611,final_validation_catboost_trial_006
17485,202611,0,0.0548221873716059,0,202611,final_validation_catboost_trial_006
17486,202611,0,0.24536221477369,0,202611,final_validation_catboost_trial_006
17487,202611,1,0.138244092010103,0,202611,final_validation_catboost_trial_006
17488,202611,0,0.154829501465844,0,202611,final_validation_catboost_trial_006
17489,202611,0,0.0532888388342554,0,202611,final_validation_catboost_trial_006
17490,202611,0,0.114577518091111,0,202611,final_validation_catboost_trial_006
17491,202611,0,0.0726273884784651,0,202611,final_validation_catboost_trial_006
17492,202611,0,0.131992795313838,0,202611,final_validation_catboost_trial_006
17494,202611,0,0.0864652706263022,0,202611,final_validation_catboost_trial_006
17497,202611,0,0.229251209608401,0,202611,final_validation_catboost_trial_006
17500,202611,0,0.136843918438414,0,202611,final_validation_catboost_trial_006
17506,202611,0,0.161424696934828,0,202611,final_validation_catboost_trial_006
17507,202611,0,0.131910448338504,0,202611,final_validation_catboost_trial_006
17508,202611,0,0.263366306914952,0,202611,final_validation_catboost_trial_006
17509,202611,1,0.159657642014335,0,202611,final_validation_catboost_trial_006
17510,202611,0,0.109251684026402,0,202611,final_validation_catboost_trial_006
17512,202611,0,0.217216292856551,0,202611,final_validation_catboost_trial_006
17513,202611,0,0.150167643631946,0,202611,final_validation_catboost_trial_006
17515,202611,0,0.158089872214632,0,202611,final_validation_catboost_trial_006
17519,202611,1,0.15371850686496,0,202611,final_validation_catboost_trial_006
17520,202611,0,0.161651628415544,0,202611,final_validation_catboost_trial_006
17521,202611,0,0.136827146119509,0,202611,final_validation_catboost_trial_006
17522,202611,0,0.166482434423106,0,202611,final_validation_catboost_trial_006
17523,202611,0,0.133428666526836,0,202611,final_validation_catboost_trial_006
17524,202611,0,0.120925468405554,0,202611,final_validation_catboost_trial_006
17530,202611,0,0.244807937442696,0,202611,final_validation_catboost_trial_006
17532,202611,1,0.0598329846413794,0,202611,final_validation_catboost_trial_006
17535,202611,0,0.140428724466794,0,202611,final_validation_catboost_trial_006
17536,202611,0,0.123331077085567,0,202611,final_validation_catboost_trial_006
17545,202611,0,0.140282014464714,0,202611,final_validation_catboost_trial_006
17548,202611,0,0.156059376597605,0,202611,final_validation_catboost_trial_006
17549,202611,0,0.134055847924139,0,202611,final_validation_catboost_trial_006
17553,202611,0,0.163561279587662,0,202611,final_validation_catboost_trial_006
17555,202611,0,0.177508513454169,0,202611,final_validation_catboost_trial_006
17557,202611,0,0.141192087582678,0,202611,final_validation_catboost_trial_006
17558,202611,0,0.134846115966964,0,202611,final_validation_catboost_trial_006
17559,202611,0,0.141210138759431,0,202611,final_validation_catboost_trial_006
17562,202611,0,0.17355235434778,0,202611,final_validation_catboost_trial_006
17564,202611,0,0.0461870293176596,0,202611,final_validation_catboost_trial_006
17565,202611,0,0.206303814918867,0,202611,final_validation_catboost_trial_006
17566,202611,0,0.165731785201883,0,202611,final_validation_catboost_trial_006
17567,202611,0,0.149268697540197,0,202611,final_validation_catboost_trial_006
17568,202611,0,0.0585076073177717,0,202611,final_validation_catboost_trial_006
17569,202611,0,0.125280231926832,0,202611,final_validation_catboost_trial_006
17572,202611,0,0.0989712100351617,0,202611,final_validation_catboost_trial_006
17573,202611,0,0.168406586539088,0,202611,final_validation_catboost_trial_006
17574,202611,1,0.155876543056487,0,202611,final_validation_catboost_trial_006
17575,202611,0,0.11790724099034,0,202611,final_validation_catboost_trial_006
17577,202611,0,0.1456914693315,0,202611,final_validation_catboost_trial_006
17578,202611,0,0.130245765981741,0,202611,final_validation_catboost_trial_006
17580,202611,0,0.123206177579037,0,202611,final_validation_catboost_trial_006
17581,202611,0,0.153843879914403,0,202611,final_validation_catboost_trial_006
17584,202611,1,0.106995531499591,0,202611,final_validation_catboost_trial_006
17585,202611,0,0.129525168278364,0,202611,final_validation_catboost_trial_006
17586,202611,0,0.175274865549972,0,202611,final_validation_catboost_trial_006
17591,202611,0,0.143495411997564,0,202611,final_validation_catboost_trial_006
17594,202611,0,0.169653585284158,0,202611,final_validation_catboost_trial_006
17596,202611,0,0.116538517887986,0,202611,final_validation_catboost_trial_006
17599,202611,0,0.216563786213203,0,202611,final_validation_catboost_trial_006
17602,202611,0,0.150993585521153,0,202611,final_validation_catboost_trial_006
17603,202611,0,0.176170683239882,0,202611,final_validation_catboost_trial_006
17606,202611,0,0.0578615819015759,0,202611,final_validation_catboost_trial_006
17614,202611,0,0.183440289419302,0,202611,final_validation_catboost_trial_006
17621,202611,0,0.16576074751965,0,202611,final_validation_catboost_trial_006
17624,202611,0,0.180813036922551,0,202611,final_validation_catboost_trial_006
17626,202611,0,0.230106508162929,0,202611,final_validation_catboost_trial_006
17628,202611,0,0.0507300793696656,0,202611,final_validation_catboost_trial_006
17629,202611,0,0.139661211093605,0,202611,final_validation_catboost_trial_006
17630,202611,0,0.186337874132443,0,202611,final_validation_catboost_trial_006
17631,202611,0,0.149489573258226,0,202611,final_validation_catboost_trial_006
17632,202611,1,0.206662490027018,0,202611,final_validation_catboost_trial_006
17633,202611,0,0.0940251762252578,0,202611,final_validation_catboost_trial_006
17636,202611,0,0.177087656865648,0,202611,final_validation_catboost_trial_006
17641,202611,0,0.127504287488707,0,202611,final_validation_catboost_trial_006
17642,202611,0,0.242277168983028,0,202611,final_validation_catboost_trial_006
17645,202611,0,0.170263980885033,0,202611,final_validation_catboost_trial_006
17646,202611,0,0.198688480278369,0,202611,final_validation_catboost_trial_006
17650,202611,0,0.129372804222294,0,202611,final_validation_catboost_trial_006
17655,202611,0,0.12168220728766,0,202611,final_validation_catboost_trial_006
17659,202611,0,0.119555005593149,0,202611,final_validation_catboost_trial_006
17660,202611,0,0.128644537564127,0,202611,final_validation_catboost_trial_006
17662,202611,0,0.12992206375459,0,202611,final_validation_catboost_trial_006
17664,202611,0,0.0806174088173797,0,202611,final_validation_catboost_trial_006
17671,202611,0,0.0459070142146031,0,202611,final_validation_catboost_trial_006
17673,202611,0,0.154274561580455,0,202611,final_validation_catboost_trial_006
17676,202611,0,0.166154412517763,0,202611,final_validation_catboost_trial_006
17677,202611,1,0.142166946234609,0,202611,final_validation_catboost_trial_006
17679,202611,0,0.185742526991452,0,202611,final_validation_catboost_trial_006
17685,202611,0,0.175250506543834,0,202611,final_validation_catboost_trial_006
17694,202611,1,0.128986271110278,0,202611,final_validation_catboost_trial_006
17705,202611,0,0.176081248394302,0,202611,final_validation_catboost_trial_006
17706,202611,1,0.149935276110309,0,202611,final_validation_catboost_trial_006
17708,202611,0,0.140424571954911,0,202611,final_validation_catboost_trial_006
17711,202611,0,0.153436899465525,0,202611,final_validation_catboost_trial_006
17714,202611,0,0.179466965739441,0,202611,final_validation_catboost_trial_006
17715,202611,0,0.0638743486952286,0,202611,final_validation_catboost_trial_006
17718,202611,1,0.121821236218003,0,202611,final_validation_catboost_trial_006
17721,202611,0,0.144479192313985,0,202611,final_validation_catboost_trial_006
17724,202611,0,0.256866362756937,0,202611,final_validation_catboost_trial_006
17726,202611,0,0.150085312051192,0,202611,final_validation_catboost_trial_006
17728,202611,0,0.125489484547724,0,202611,final_validation_catboost_trial_006
17730,202611,0,0.116503515473043,0,202611,final_validation_catboost_trial_006
17732,202611,0,0.119198400205327,0,202611,final_validation_catboost_trial_006
17735,202611,0,0.291298683878549,0,202611,final_validation_catboost_trial_006
17737,202611,0,0.10985578290325,0,202611,final_validation_catboost_trial_006
17738,202611,0,0.155166078513321,0,202611,final_validation_catboost_trial_006
17739,202611,0,0.160170531851823,0,202611,final_validation_catboost_trial_006
17747,202611,0,0.140707960463337,0,202611,final_validation_catboost_trial_006
17749,202611,0,0.129025629402272,0,202611,final_validation_catboost_trial_006
17752,202611,0,0.130631509611999,0,202611,final_validation_catboost_trial_006
17753,202611,0,0.181188395910633,0,202611,final_validation_catboost_trial_006
17756,202611,0,0.112975626454923,0,202611,final_validation_catboost_trial_006
17757,202611,1,0.111107879783359,0,202611,final_validation_catboost_trial_006
17758,202611,0,0.0829481374720108,0,202611,final_validation_catboost_trial_006
17760,202611,0,0.151912223379067,0,202611,final_validation_catboost_trial_006
17762,202611,0,0.136949518351821,0,202611,final_validation_catboost_trial_006
17763,202611,0,0.21225514177148,0,202611,final_validation_catboost_trial_006
17769,202611,0,0.062366556874072,0,202611,final_validation_catboost_trial_006
17773,202611,1,0.216282630210659,0,202611,final_validation_catboost_trial_006
17775,202611,0,0.13191633443899,0,202611,final_validation_catboost_trial_006
17776,202611,0,0.0592873371919397,0,202611,final_validation_catboost_trial_006
17781,202611,0,0.167800871791608,0,202611,final_validation_catboost_trial_006
17782,202611,0,0.116142040216217,0,202611,final_validation_catboost_trial_006
17783,202611,0,0.0545020411651859,0,202611,final_validation_catboost_trial_006
17784,202611,0,0.179719343107345,0,202611,final_validation_catboost_trial_006
17785,202611,0,0.122141441722187,0,202611,final_validation_catboost_trial_006
17797,202611,1,0.12826702897525,0,202611,final_validation_catboost_trial_006
17798,202611,0,0.111544553199399,0,202611,final_validation_catboost_trial_006
17799,202611,0,0.152166507596357,0,202611,final_validation_catboost_trial_006
17800,202611,0,0.286937568344337,0,202611,final_validation_catboost_trial_006
17803,202611,0,0.122281682592741,0,202611,final_validation_catboost_trial_006
17804,202611,0,0.0539081626719394,0,202611,final_validation_catboost_trial_006
17805,202611,0,0.100150525161267,0,202611,final_validation_catboost_trial_006
17808,202611,0,0.138179075384885,0,202611,final_validation_catboost_trial_006
17815,202611,1,0.126808535401763,0,202611,final_validation_catboost_trial_006
17817,202611,0,0.134572041462666,0,202611,final_validation_catboost_trial_006
17823,202611,0,0.286645901729458,0,202611,final_validation_catboost_trial_006
17824,202611,0,0.135021899274738,0,202611,final_validation_catboost_trial_006
17825,202611,0,0.138895539648696,0,202611,final_validation_catboost_trial_006
17827,202611,0,0.058010931018791,0,202611,final_validation_catboost_trial_006
17828,202611,0,0.143588697312516,0,202611,final_validation_catboost_trial_006
17830,202611,1,0.12196906069502,0,202611,final_validation_catboost_trial_006
17831,202611,0,0.122763935395944,0,202611,final_validation_catboost_trial_006
17834,202611,0,0.138032503017371,0,202611,final_validation_catboost_trial_006
17835,202611,0,0.285612825215093,0,202611,final_validation_catboost_trial_006
17837,202611,0,0.120757551389241,0,202611,final_validation_catboost_trial_006
17838,202611,0,0.17937563829665,0,202611,final_validation_catboost_trial_006
17839,202611,0,0.125363782609418,0,202611,final_validation_catboost_trial_006
17843,202611,0,0.177054459118009,0,202611,final_validation_catboost_trial_006
17846,202611,0,0.322141449146192,0,202611,final_validation_catboost_trial_006
17847,202611,0,0.163052224639805,0,202611,final_validation_catboost_trial_006
17848,202611,0,0.140314515994062,0,202611,final_validation_catboost_trial_006
17853,202611,0,0.0780037981436071,0,202611,final_validation_catboost_trial_006
17856,202611,0,0.143817870344556,0,202611,final_validation_catboost_trial_006
17859,202611,0,0.122900930331885,0,202611,final_validation_catboost_trial_006
17863,202611,0,0.0746608318948543,0,202611,final_validation_catboost_trial_006
17867,202611,1,0.121977695942888,0,202611,final_validation_catboost_trial_006
17868,202611,0,0.0679658721824516,0,202611,final_validation_catboost_trial_006
17869,202611,0,0.11956501017662,0,202611,final_validation_catboost_trial_006
17870,202611,0,0.183310632423441,0,202611,final_validation_catboost_trial_006
17875,202611,0,0.0648257913548538,0,202611,final_validation_catboost_trial_006
17876,202611,0,0.136670422964731,0,202611,final_validation_catboost_trial_006
17877,202611,0,0.144766792273124,0,202611,final_validation_catboost_trial_006
17879,202611,0,0.177985197721595,0,202611,final_validation_catboost_trial_006
17884,202611,0,0.142938964674916,0,202611,final_validation_catboost_trial_006
17885,202611,0,0.0754816416596583,0,202611,final_validation_catboost_trial_006
17886,202611,0,0.0524356812449581,0,202611,final_validation_catboost_trial_006
17890,202611,0,0.155741484397429,0,202611,final_validation_catboost_trial_006
17896,202611,1,0.115848063860575,0,202611,final_validation_catboost_trial_006
17897,202611,0,0.087452242143105,0,202611,final_validation_catboost_trial_006
17900,202611,0,0.0802122487261384,0,202611,final_validation_catboost_trial_006
17901,202611,1,0.124730637150365,0,202611,final_validation_catboost_trial_006
17902,202611,0,0.141543672832809,0,202611,final_validation_catboost_trial_006
17903,202611,0,0.13856811341744,0,202611,final_validation_catboost_trial_006
17908,202611,0,0.147535543906974,0,202611,final_validation_catboost_trial_006
17914,202611,0,0.141137705174193,0,202611,final_validation_catboost_trial_006
17915,202611,0,0.140535063347328,0,202611,final_validation_catboost_trial_006
17916,202611,0,0.0643760911337235,0,202611,final_validation_catboost_trial_006
17920,202611,0,0.144479078695476,0,202611,final_validation_catboost_trial_006
17921,202611,0,0.19397390228493,0,202611,final_validation_catboost_trial_006
17924,202611,0,0.144377264806826,0,202611,final_validation_catboost_trial_006
17925,202611,0,0.103635558967049,0,202611,final_validation_catboost_trial_006
17926,202611,0,0.0831794734951413,0,202611,final_validation_catboost_trial_006
17927,202611,1,0.123267437570548,0,202611,final_validation_catboost_trial_006
17928,202611,0,0.201496260647971,0,202611,final_validation_catboost_trial_006
17930,202611,0,0.123885994401809,0,202611,final_validation_catboost_trial_006
17932,202611,0,0.109141272635973,0,202611,final_validation_catboost_trial_006
17933,202611,0,0.165960755141491,0,202611,final_validation_catboost_trial_006
17935,202611,1,0.145932185060765,0,202611,final_validation_catboost_trial_006
17939,202611,0,0.156671668826198,0,202611,final_validation_catboost_trial_006
17941,202611,0,0.239147490384965,0,202611,final_validation_catboost_trial_006
17942,202611,1,0.256382053533503,0,202611,final_validation_catboost_trial_006
17943,202611,0,0.207588894964169,0,202611,final_validation_catboost_trial_006
17944,202611,1,0.137596647412698,0,202611,final_validation_catboost_trial_006
17947,202611,0,0.0607903278719924,0,202611,final_validation_catboost_trial_006
17948,202611,0,0.122216512057096,0,202611,final_validation_catboost_trial_006
17950,202611,0,0.159312747624012,0,202611,final_validation_catboost_trial_006
17956,202611,0,0.143737448837382,0,202611,final_validation_catboost_trial_006
17957,202611,1,0.252764176617231,0,202611,final_validation_catboost_trial_006
17959,202611,0,0.128544014154653,0,202611,final_validation_catboost_trial_006
17963,202611,1,0.135174083328056,0,202611,final_validation_catboost_trial_006
17964,202611,1,0.141011114386147,0,202611,final_validation_catboost_trial_006
17966,202611,1,0.114843064671883,0,202611,final_validation_catboost_trial_006
17968,202611,1,0.234628573449875,0,202611,final_validation_catboost_trial_006
17969,202611,1,0.15167193467157,0,202611,final_validation_catboost_trial_006
17970,202611,0,0.172483172545711,0,202611,final_validation_catboost_trial_006
17973,202611,0,0.138812198740821,0,202611,final_validation_catboost_trial_006
17974,202611,0,0.137446187474455,0,202611,final_validation_catboost_trial_006
17975,202611,0,0.119053351675214,0,202611,final_validation_catboost_trial_006
17976,202611,0,0.15269896654063,0,202611,final_validation_catboost_trial_006
17980,202611,0,0.0926126407354393,0,202611,final_validation_catboost_trial_006
17986,202611,0,0.167521993022923,0,202611,final_validation_catboost_trial_006
17987,202611,0,0.0657518885127519,0,202611,final_validation_catboost_trial_006
17990,202611,0,0.200776767967669,0,202611,final_validation_catboost_trial_006
17994,202611,0,0.125116962056267,0,202611,final_validation_catboost_trial_006
17999,202611,0,0.121509948418415,0,202611,final_validation_catboost_trial_006
18002,202611,0,0.0621999265216445,0,202611,final_validation_catboost_trial_006
18003,202611,0,0.0571268018126603,0,202611,final_validation_catboost_trial_006
18004,202611,1,0.346604072230542,0,202611,final_validation_catboost_trial_006
18005,202611,0,0.208412276846071,0,202611,final_validation_catboost_trial_006
18007,202611,0,0.21173199402929,0,202611,final_validation_catboost_trial_006
18008,202611,1,0.230456038489933,0,202611,final_validation_catboost_trial_006
18011,202611,1,0.126930418353152,0,202611,final_validation_catboost_trial_006
18013,202611,0,0.096049621636646,0,202611,final_validation_catboost_trial_006
18015,202611,0,0.058572451206839,0,202611,final_validation_catboost_trial_006
18016,202611,0,0.129338785980702,0,202611,final_validation_catboost_trial_006
18018,202611,0,0.12345715323248,0,202611,final_validation_catboost_trial_006
18019,202611,0,0.138164909116184,0,202611,final_validation_catboost_trial_006
18024,202611,1,0.107802378793999,0,202611,final_validation_catboost_trial_006
18026,202611,0,0.133986292416061,0,202611,final_validation_catboost_trial_006
18030,202611,0,0.137731095689552,0,202611,final_validation_catboost_trial_006
18032,202611,0,0.160579412051326,0,202611,final_validation_catboost_trial_006
18035,202611,0,0.136231707032118,0,202611,final_validation_catboost_trial_006
18039,202611,0,0.14940920301357,0,202611,final_validation_catboost_trial_006
18042,202611,0,0.124029822289281,0,202611,final_validation_catboost_trial_006
18044,202611,0,0.149713646030904,0,202611,final_validation_catboost_trial_006
18045,202611,0,0.121085782823586,0,202611,final_validation_catboost_trial_006
18046,202611,0,0.142146985828177,0,202611,final_validation_catboost_trial_006
18051,202611,1,0.102399423079549,0,202611,final_validation_catboost_trial_006
18052,202611,0,0.12375741161711,0,202611,final_validation_catboost_trial_006
18054,202611,0,0.0651544687706438,0,202611,final_validation_catboost_trial_006
18055,202611,0,0.137549501989158,0,202611,final_validation_catboost_trial_006
18059,202611,0,0.102934468133376,0,202611,final_validation_catboost_trial_006
18064,202611,1,0.150397758192266,0,202611,final_validation_catboost_trial_006
18066,202611,0,0.13014853846506,0,202611,final_validation_catboost_trial_006
18072,202611,0,0.170179145064999,0,202611,final_validation_catboost_trial_006
18073,202611,0,0.0423989437065102,0,202611,final_validation_catboost_trial_006
18077,202611,0,0.166717297602534,0,202611,final_validation_catboost_trial_006
18080,202611,1,0.124857334156241,0,202611,final_validation_catboost_trial_006
18081,202611,0,0.054982557872392,0,202611,final_validation_catboost_trial_006
18083,202611,0,0.122392331441523,0,202611,final_validation_catboost_trial_006
18084,202611,0,0.135161162429772,0,202611,final_validation_catboost_trial_006
18085,202611,0,0.118915230732533,0,202611,final_validation_catboost_trial_006
18086,202611,0,0.132514258811585,0,202611,final_validation_catboost_trial_006
18087,202611,0,0.142936378585661,0,202611,final_validation_catboost_trial_006
18090,202611,1,0.127263822072718,0,202611,final_validation_catboost_trial_006
18092,202611,0,0.15921472093276,0,202611,final_validation_catboost_trial_006
18093,202611,0,0.106557574247942,0,202611,final_validation_catboost_trial_006
18095,202611,0,0.0662659742343973,0,202611,final_validation_catboost_trial_006
18097,202611,0,0.120955149537786,0,202611,final_validation_catboost_trial_006
18100,202611,0,0.162148319183041,0,202611,final_validation_catboost_trial_006
18101,202611,0,0.103213406457347,0,202611,final_validation_catboost_trial_006
18102,202611,1,0.13055145569073,0,202611,final_validation_catboost_trial_006
18103,202611,0,0.164715592415016,0,202611,final_validation_catboost_trial_006
18104,202611,0,0.150404167455514,0,202611,final_validation_catboost_trial_006
18105,202611,0,0.136990154441274,0,202611,final_validation_catboost_trial_006
18109,202611,0,0.106724449590363,0,202611,final_validation_catboost_trial_006
18110,202611,0,0.175447733081333,0,202611,final_validation_catboost_trial_006
18113,202611,0,0.18687884284554,0,202611,final_validation_catboost_trial_006
18115,202611,1,0.130951163971132,0,202611,final_validation_catboost_trial_006
18117,202611,0,0.0697437049169468,0,202611,final_validation_catboost_trial_006
18119,202611,0,0.130886824975167,0,202611,final_validation_catboost_trial_006
18126,202611,0,0.201864046892691,0,202611,final_validation_catboost_trial_006
18127,202611,0,0.0563939241872051,0,202611,final_validation_catboost_trial_006
18128,202611,0,0.0462310252590156,0,202611,final_validation_catboost_trial_006
18129,202611,0,0.147861074891104,0,202611,final_validation_catboost_trial_006
18130,202611,0,0.130168308762234,0,202611,final_validation_catboost_trial_006
18136,202611,1,0.232417122558535,0,202611,final_validation_catboost_trial_006
18137,202611,0,0.390511336270841,0,202611,final_validation_catboost_trial_006
18138,202611,1,0.151894141327195,0,202611,final_validation_catboost_trial_006
18141,202611,1,0.176694431767351,0,202611,final_validation_catboost_trial_006
18142,202611,0,0.152130246446252,0,202611,final_validation_catboost_trial_006
18144,202611,0,0.0502797288813626,0,202611,final_validation_catboost_trial_006
18145,202611,0,0.114726889975641,0,202611,final_validation_catboost_trial_006
18146,202611,0,0.1338002527471,0,202611,final_validation_catboost_trial_006
18149,202611,0,0.177383676215585,0,202611,final_validation_catboost_trial_006
18152,202611,0,0.0537499331060059,0,202611,final_validation_catboost_trial_006
18153,202611,0,0.195623346606309,0,202611,final_validation_catboost_trial_006
18154,202611,0,0.14474996969425,0,202611,final_validation_catboost_trial_006
18155,202611,0,0.135749444939271,0,202611,final_validation_catboost_trial_006
18156,202611,0,0.169148285220186,0,202611,final_validation_catboost_trial_006
18161,202611,0,0.157865876627324,0,202611,final_validation_catboost_trial_006
18163,202611,0,0.0804872955214569,0,202611,final_validation_catboost_trial_006
18165,202611,0,0.0636115214560261,0,202611,final_validation_catboost_trial_006
18166,202611,0,0.140457676766809,0,202611,final_validation_catboost_trial_006
18168,202611,0,0.156644858642813,0,202611,final_validation_catboost_trial_006
18172,202611,0,0.0562850251736118,0,202611,final_validation_catboost_trial_006
18174,202611,0,0.160201217699616,0,202611,final_validation_catboost_trial_006
18176,202611,0,0.0704140658660047,0,202611,final_validation_catboost_trial_006
18177,202611,0,0.0853272126759385,0,202611,final_validation_catboost_trial_006
18179,202611,0,0.156017639519211,0,202611,final_validation_catboost_trial_006
18180,202611,1,0.152799335111503,0,202611,final_validation_catboost_trial_006
18181,202611,0,0.170257940596594,0,202611,final_validation_catboost_trial_006
18182,202611,0,0.0568695599721128,0,202611,final_validation_catboost_trial_006
18183,202611,0,0.152252969942402,0,202611,final_validation_catboost_trial_006
18187,202611,0,0.131428180776648,0,202611,final_validation_catboost_trial_006
18188,202611,0,0.212474522453172,0,202611,final_validation_catboost_trial_006
18189,202611,0,0.143979086201344,0,202611,final_validation_catboost_trial_006
18194,202611,0,0.145231911981352,0,202611,final_validation_catboost_trial_006
18196,202611,0,0.141278924163182,0,202611,final_validation_catboost_trial_006
18197,202611,0,0.166642685389378,0,202611,final_validation_catboost_trial_006
18198,202611,0,0.0830972953591665,0,202611,final_validation_catboost_trial_006
18199,202611,0,0.156476656646181,0,202611,final_validation_catboost_trial_006
18201,202611,0,0.154158111933737,0,202611,final_validation_catboost_trial_006
18203,202611,1,0.0643256435760862,0,202611,final_validation_catboost_trial_006
18205,202611,0,0.135436481222866,0,202611,final_validation_catboost_trial_006
18206,202611,0,0.140866006866887,0,202611,final_validation_catboost_trial_006
18207,202611,0,0.17111248282353,0,202611,final_validation_catboost_trial_006
18210,202611,0,0.119165987174847,0,202611,final_validation_catboost_trial_006
18212,202611,0,0.13427146785295,0,202611,final_validation_catboost_trial_006
18213,202611,1,0.140556738725836,0,202611,final_validation_catboost_trial_006
18214,202611,0,0.123670315997029,0,202611,final_validation_catboost_trial_006
18215,202611,0,0.120007131280103,0,202611,final_validation_catboost_trial_006
18216,202611,0,0.140172018709223,0,202611,final_validation_catboost_trial_006
18220,202611,0,0.0727651425254822,0,202611,final_validation_catboost_trial_006
18221,202611,0,0.219172399948429,0,202611,final_validation_catboost_trial_006
18222,202611,0,0.0601985276513909,0,202611,final_validation_catboost_trial_006
18223,202611,0,0.204923953652306,0,202611,final_validation_catboost_trial_006
18227,202611,0,0.157390093608225,0,202611,final_validation_catboost_trial_006
18228,202611,0,0.178854873608232,0,202611,final_validation_catboost_trial_006
18229,202611,0,0.063871142023133,0,202611,final_validation_catboost_trial_006
18232,202611,0,0.174979526645219,0,202611,final_validation_catboost_trial_006
18234,202611,0,0.146540272863595,0,202611,final_validation_catboost_trial_006
18235,202611,1,0.142906236544745,0,202611,final_validation_catboost_trial_006
18239,202611,0,0.156904805047609,0,202611,final_validation_catboost_trial_006
18242,202611,1,0.133801387711308,0,202611,final_validation_catboost_trial_006
18243,202611,0,0.151338182609085,0,202611,final_validation_catboost_trial_006
18244,202611,0,0.0602369197348593,0,202611,final_validation_catboost_trial_006
18245,202611,0,0.16762484878681,0,202611,final_validation_catboost_trial_006
18246,202611,0,0.0952110182199638,0,202611,final_validation_catboost_trial_006
18248,202611,0,0.141904375408658,0,202611,final_validation_catboost_trial_006
18249,202611,1,0.128209070439781,0,202611,final_validation_catboost_trial_006
18250,202611,0,0.251751721538421,0,202611,final_validation_catboost_trial_006
18252,202611,1,0.136310715054763,0,202611,final_validation_catboost_trial_006
18253,202611,0,0.276518945211583,0,202611,final_validation_catboost_trial_006
18254,202611,0,0.136674011172457,0,202611,final_validation_catboost_trial_006
18256,202611,0,0.138183714222106,0,202611,final_validation_catboost_trial_006
18257,202611,0,0.145286027178206,0,202611,final_validation_catboost_trial_006
18262,202611,1,0.16781337218062,0,202611,final_validation_catboost_trial_006
18263,202611,0,0.0623041103388995,0,202611,final_validation_catboost_trial_006
18264,202611,0,0.0467241927335201,0,202611,final_validation_catboost_trial_006
18266,202611,0,0.151421318766409,0,202611,final_validation_catboost_trial_006
18267,202611,0,0.0419178972017843,0,202611,final_validation_catboost_trial_006
18268,202611,0,0.123819360210691,0,202611,final_validation_catboost_trial_006
18269,202611,0,0.166338181072247,0,202611,final_validation_catboost_trial_006
18270,202611,0,0.158002909451301,0,202611,final_validation_catboost_trial_006
18271,202611,0,0.266820018060149,0,202611,final_validation_catboost_trial_006
18272,202611,0,0.120481292428617,0,202611,final_validation_catboost_trial_006
18273,202611,1,0.12222408624925,0,202611,final_validation_catboost_trial_006
18276,202611,0,0.147178393374405,0,202611,final_validation_catboost_trial_006
18277,202611,0,0.0654173369847331,0,202611,final_validation_catboost_trial_006
18280,202611,0,0.124499592071057,0,202611,final_validation_catboost_trial_006
18282,202611,0,0.0576507067621636,0,202611,final_validation_catboost_trial_006
18285,202611,0,0.16177444070255,0,202611,final_validation_catboost_trial_006
18288,202611,0,0.337912463306724,0,202611,final_validation_catboost_trial_006
18290,202611,1,0.124451896884647,0,202611,final_validation_catboost_trial_006
18291,202611,1,0.132826669054306,0,202611,final_validation_catboost_trial_006
18295,202611,0,0.0611869916151851,0,202611,final_validation_catboost_trial_006
18296,202611,1,0.162100207136842,0,202611,final_validation_catboost_trial_006
18298,202611,0,0.103157494769218,0,202611,final_validation_catboost_trial_006
18300,202611,0,0.120617282267629,0,202611,final_validation_catboost_trial_006
18301,202611,0,0.130021653554569,0,202611,final_validation_catboost_trial_006
18302,202611,0,0.118662143160706,0,202611,final_validation_catboost_trial_006
18304,202611,0,0.0664855350846948,0,202611,final_validation_catboost_trial_006
18305,202611,0,0.142643801829397,0,202611,final_validation_catboost_trial_006
18306,202611,0,0.20229754906109,0,202611,final_validation_catboost_trial_006
18307,202611,0,0.0621809007517031,0,202611,final_validation_catboost_trial_006
18308,202611,0,0.0610449686154327,0,202611,final_validation_catboost_trial_006
18309,202611,0,0.124145073098868,0,202611,final_validation_catboost_trial_006
18311,202611,0,0.156135836720497,0,202611,final_validation_catboost_trial_006
18313,202611,0,0.152675988626465,0,202611,final_validation_catboost_trial_006
18314,202611,0,0.151802572954506,0,202611,final_validation_catboost_trial_006
18317,202611,1,0.13101083762589,0,202611,final_validation_catboost_trial_006
18318,202611,0,0.181384235155795,0,202611,final_validation_catboost_trial_006
18320,202611,0,0.205733768546209,0,202611,final_validation_catboost_trial_006
18321,202611,0,0.114208671995039,0,202611,final_validation_catboost_trial_006
18325,202611,1,0.298113364160447,0,202611,final_validation_catboost_trial_006
18326,202611,1,0.121701705754122,0,202611,final_validation_catboost_trial_006
18330,202611,0,0.145333760537869,0,202611,final_validation_catboost_trial_006
18334,202611,0,0.11455429465921,0,202611,final_validation_catboost_trial_006
18336,202611,0,0.0541902663684484,0,202611,final_validation_catboost_trial_006
18337,202611,0,0.119204506264117,0,202611,final_validation_catboost_trial_006
18338,202611,0,0.116034311245803,0,202611,final_validation_catboost_trial_006
18339,202611,0,0.133942818419339,0,202611,final_validation_catboost_trial_006
18341,202611,0,0.232763705170766,0,202611,final_validation_catboost_trial_006
18347,202611,0,0.070337158769995,0,202611,final_validation_catboost_trial_006
18354,202611,0,0.0663423675292515,0,202611,final_validation_catboost_trial_006
18355,202611,0,0.0598116100399194,0,202611,final_validation_catboost_trial_006
18356,202611,0,0.132788594209666,0,202611,final_validation_catboost_trial_006
18358,202611,0,0.133988694436789,0,202611,final_validation_catboost_trial_006
18360,202611,0,0.180350409844853,0,202611,final_validation_catboost_trial_006
18361,202611,0,0.128330996828509,0,202611,final_validation_catboost_trial_006
18363,202611,0,0.158506759838513,0,202611,final_validation_catboost_trial_006
18364,202611,0,0.240231682094948,0,202611,final_validation_catboost_trial_006
18367,202611,0,0.132402359563511,0,202611,final_validation_catboost_trial_006
18368,202611,1,0.0639926975064934,0,202611,final_validation_catboost_trial_006
18380,202611,0,0.0551438620660252,0,202611,final_validation_catboost_trial_006
18383,202611,0,0.125992553741656,0,202611,final_validation_catboost_trial_006
18384,202611,0,0.120102718261217,0,202611,final_validation_catboost_trial_006
18385,202611,0,0.151932175572452,0,202611,final_validation_catboost_trial_006
18386,202611,1,0.136273921825615,0,202611,final_validation_catboost_trial_006
18387,202611,0,0.331265946177344,0,202611,final_validation_catboost_trial_006
18390,202611,0,0.139926802427818,0,202611,final_validation_catboost_trial_006
18391,202611,0,0.189839580656656,0,202611,final_validation_catboost_trial_006
18392,202611,0,0.127308782789963,0,202611,final_validation_catboost_trial_006
18395,202611,0,0.331633199177838,0,202611,final_validation_catboost_trial_006
18396,202611,0,0.172566176068292,0,202611,final_validation_catboost_trial_006
18397,202611,0,0.1088921251853,0,202611,final_validation_catboost_trial_006
18399,202611,0,0.156231575177703,0,202611,final_validation_catboost_trial_006
18400,202611,0,0.209355369922647,0,202611,final_validation_catboost_trial_006
18403,202611,0,0.161093279185554,0,202611,final_validation_catboost_trial_006
18404,202611,0,0.127538021258517,0,202611,final_validation_catboost_trial_006
18406,202611,0,0.125679035100974,0,202611,final_validation_catboost_trial_006
18407,202611,0,0.258287720181557,0,202611,final_validation_catboost_trial_006
18411,202611,1,0.145895455587316,0,202611,final_validation_catboost_trial_006
18412,202611,1,0.143272825892644,0,202611,final_validation_catboost_trial_006
18413,202611,0,0.131451858829392,0,202611,final_validation_catboost_trial_006
18415,202611,0,0.143687273153624,0,202611,final_validation_catboost_trial_006
18417,202611,0,0.162655228479169,0,202611,final_validation_catboost_trial_006
18418,202611,1,0.123427464155653,0,202611,final_validation_catboost_trial_006
18420,202611,0,0.062439590280076,0,202611,final_validation_catboost_trial_006
18422,202611,0,0.112741418421752,0,202611,final_validation_catboost_trial_006
18425,202611,0,0.0689553724898988,0,202611,final_validation_catboost_trial_006
18426,202611,0,0.361909385144749,0,202611,final_validation_catboost_trial_006
18427,202611,0,0.0487879001358095,0,202611,final_validation_catboost_trial_006
18428,202611,0,0.15578210528739,0,202611,final_validation_catboost_trial_006
18429,202611,0,0.145834529406707,0,202611,final_validation_catboost_trial_006
18430,202611,0,0.127316762526085,0,202611,final_validation_catboost_trial_006
18431,202611,0,0.142278692690603,0,202611,final_validation_catboost_trial_006
18432,202611,0,0.166097959503472,0,202611,final_validation_catboost_trial_006
18433,202611,0,0.368484226999102,0,202611,final_validation_catboost_trial_006
18435,202611,0,0.137922922469911,0,202611,final_validation_catboost_trial_006
18436,202611,0,0.103540769928113,0,202611,final_validation_catboost_trial_006
18437,202611,0,0.0497403442420467,0,202611,final_validation_catboost_trial_006
18439,202611,0,0.11296110457508,0,202611,final_validation_catboost_trial_006
18440,202611,1,0.130513197652007,0,202611,final_validation_catboost_trial_006
18444,202611,0,0.14662512397377,0,202611,final_validation_catboost_trial_006
18446,202611,0,0.139190367996356,0,202611,final_validation_catboost_trial_006
18447,202611,1,0.125509263931685,0,202611,final_validation_catboost_trial_006
18448,202611,0,0.15702652873397,0,202611,final_validation_catboost_trial_006
18455,202611,0,0.0931507769325538,0,202611,final_validation_catboost_trial_006
18457,202611,0,0.135782477772198,0,202611,final_validation_catboost_trial_006
18459,202611,0,0.168220393419637,0,202611,final_validation_catboost_trial_006
18460,202611,1,0.111757584412057,0,202611,final_validation_catboost_trial_006
18463,202611,0,0.195963961621899,0,202611,final_validation_catboost_trial_006
18464,202611,0,0.123780955256,0,202611,final_validation_catboost_trial_006
18466,202611,1,0.151617940873521,0,202611,final_validation_catboost_trial_006
18467,202611,0,0.131835858207383,0,202611,final_validation_catboost_trial_006
18469,202611,0,0.154909669016501,0,202611,final_validation_catboost_trial_006
18471,202611,0,0.0607049206120813,0,202611,final_validation_catboost_trial_006
18475,202611,0,0.13374053436649,0,202611,final_validation_catboost_trial_006
18476,202611,0,0.0604225776846325,0,202611,final_validation_catboost_trial_006
18477,202611,0,0.112472762177315,0,202611,final_validation_catboost_trial_006
18478,202611,1,0.20156125529535,0,202611,final_validation_catboost_trial_006
18483,202611,0,0.12363736001599,0,202611,final_validation_catboost_trial_006
18488,202611,0,0.172632953026261,0,202611,final_validation_catboost_trial_006
18489,202611,0,0.0770345961912536,0,202611,final_validation_catboost_trial_006
18490,202611,0,0.131616725708684,0,202611,final_validation_catboost_trial_006
18492,202611,0,0.32062651870585,0,202611,final_validation_catboost_trial_006
18493,202611,0,0.126404305501688,0,202611,final_validation_catboost_trial_006
18494,202611,0,0.144159628096273,0,202611,final_validation_catboost_trial_006
18498,202611,0,0.0866636883503367,0,202611,final_validation_catboost_trial_006
18502,202611,0,0.121140606945624,0,202611,final_validation_catboost_trial_006
18503,202611,0,0.055042915154647,0,202611,final_validation_catboost_trial_006
18504,202611,0,0.159802346295885,0,202611,final_validation_catboost_trial_006
18506,202611,0,0.118818895513981,0,202611,final_validation_catboost_trial_006
18507,202611,0,0.143552978862255,0,202611,final_validation_catboost_trial_006
18508,202611,0,0.138861517328118,0,202611,final_validation_catboost_trial_006
18512,202611,0,0.130838448438731,0,202611,final_validation_catboost_trial_006
18515,202611,0,0.046223795970233,0,202611,final_validation_catboost_trial_006
18517,202611,0,0.150057024039299,0,202611,final_validation_catboost_trial_006
18518,202611,0,0.136715877921563,0,202611,final_validation_catboost_trial_006
18520,202611,0,0.131493542710361,0,202611,final_validation_catboost_trial_006
18521,202611,0,0.118859920791091,0,202611,final_validation_catboost_trial_006
18522,202611,0,0.157541900355036,0,202611,final_validation_catboost_trial_006
18523,202611,0,0.121090745354909,0,202611,final_validation_catboost_trial_006
18524,202611,0,0.0683069577509758,0,202611,final_validation_catboost_trial_006
18526,202611,1,0.229507221927916,0,202611,final_validation_catboost_trial_006
18530,202611,0,0.119352041257523,0,202611,final_validation_catboost_trial_006
18531,202611,0,0.152332024673371,0,202611,final_validation_catboost_trial_006
18532,202611,0,0.0635654920330045,0,202611,final_validation_catboost_trial_006
18533,202611,0,0.144762788003575,0,202611,final_validation_catboost_trial_006
18534,202611,0,0.15137828786581,0,202611,final_validation_catboost_trial_006
18540,202611,0,0.123398729125157,0,202611,final_validation_catboost_trial_006
18542,202611,0,0.125173516169852,0,202611,final_validation_catboost_trial_006
18543,202611,0,0.130054671446494,0,202611,final_validation_catboost_trial_006
18544,202611,0,0.138920178292353,0,202611,final_validation_catboost_trial_006
18547,202611,0,0.132642447354798,0,202611,final_validation_catboost_trial_006
18549,202611,0,0.0461280389175054,0,202611,final_validation_catboost_trial_006
18552,202611,0,0.140901856805833,0,202611,final_validation_catboost_trial_006
18553,202611,0,0.193814136787251,0,202611,final_validation_catboost_trial_006
18555,202611,0,0.13394338415462,0,202611,final_validation_catboost_trial_006
18558,202611,0,0.158793726364902,0,202611,final_validation_catboost_trial_006
18561,202611,1,0.123971157569644,0,202611,final_validation_catboost_trial_006
18565,202611,0,0.0612876293974371,0,202611,final_validation_catboost_trial_006
18568,202611,0,0.234556596109023,0,202611,final_validation_catboost_trial_006
18570,202611,1,0.129192567093998,0,202611,final_validation_catboost_trial_006
18572,202611,0,0.120386232652319,0,202611,final_validation_catboost_trial_006
18575,202611,0,0.14860436447457,0,202611,final_validation_catboost_trial_006
18576,202611,0,0.171764246220662,0,202611,final_validation_catboost_trial_006
18579,202611,0,0.128240426338639,0,202611,final_validation_catboost_trial_006
18581,202611,0,0.147030934887665,0,202611,final_validation_catboost_trial_006
18583,202611,0,0.0903955542244984,0,202611,final_validation_catboost_trial_006
18584,202611,0,0.0422481819453389,0,202611,final_validation_catboost_trial_006
18585,202611,0,0.0618422340284052,0,202611,final_validation_catboost_trial_006
18590,202611,0,0.0574981638596817,0,202611,final_validation_catboost_trial_006
18593,202611,1,0.148727214510846,0,202611,final_validation_catboost_trial_006
18594,202611,0,0.144580270882306,0,202611,final_validation_catboost_trial_006
18595,202611,0,0.118954980965314,0,202611,final_validation_catboost_trial_006
18598,202611,0,0.120465827092086,0,202611,final_validation_catboost_trial_006
18600,202611,0,0.208010828977119,0,202611,final_validation_catboost_trial_006
18601,202611,0,0.333957853729495,0,202611,final_validation_catboost_trial_006
18602,202611,0,0.11605397675305,0,202611,final_validation_catboost_trial_006
18603,202611,0,0.243775348726309,0,202611,final_validation_catboost_trial_006
18604,202611,0,0.0432573394198451,0,202611,final_validation_catboost_trial_006
18610,202611,0,0.127684147402053,0,202611,final_validation_catboost_trial_006
18611,202611,0,0.14486068250859,0,202611,final_validation_catboost_trial_006
18612,202611,1,0.1395669213977,0,202611,final_validation_catboost_trial_006
18613,202611,1,0.103742384138361,0,202611,final_validation_catboost_trial_006
18615,202611,0,0.155287862726881,0,202611,final_validation_catboost_trial_006
18617,202611,0,0.130861272352552,0,202611,final_validation_catboost_trial_006
18619,202611,0,0.181432700004809,0,202611,final_validation_catboost_trial_006
18623,202611,0,0.0647335796771018,0,202611,final_validation_catboost_trial_006
18627,202611,1,0.245356670082376,0,202611,final_validation_catboost_trial_006
18630,202611,0,0.125909619123333,0,202611,final_validation_catboost_trial_006
18631,202611,0,0.154262723539344,0,202611,final_validation_catboost_trial_006
18632,202611,0,0.0583069187275067,0,202611,final_validation_catboost_trial_006
18633,202611,0,0.131720965275927,0,202611,final_validation_catboost_trial_006
18635,202611,1,0.350121566402759,0,202611,final_validation_catboost_trial_006
18637,202611,1,0.33898191848115,0,202611,final_validation_catboost_trial_006
18638,202611,0,0.149176548888341,0,202611,final_validation_catboost_trial_006
18639,202611,0,0.112648763330663,0,202611,final_validation_catboost_trial_006
18640,202611,0,0.130307520233116,0,202611,final_validation_catboost_trial_006
18641,202611,0,0.0574629589307354,0,202611,final_validation_catboost_trial_006
18645,202611,0,0.182764000906756,0,202611,final_validation_catboost_trial_006
18648,202611,0,0.0912545510418304,0,202611,final_validation_catboost_trial_006
18649,202611,0,0.123146250847118,0,202611,final_validation_catboost_trial_006
18651,202611,0,0.118638397055758,0,202611,final_validation_catboost_trial_006
18653,202611,0,0.0854785544042549,0,202611,final_validation_catboost_trial_006
18656,202611,0,0.1557597433999,0,202611,final_validation_catboost_trial_006
18657,202611,0,0.134206112929548,0,202611,final_validation_catboost_trial_006
18658,202611,0,0.158354450415319,0,202611,final_validation_catboost_trial_006
18659,202611,0,0.130550217070731,0,202611,final_validation_catboost_trial_006
18661,202611,0,0.163702693999589,0,202611,final_validation_catboost_trial_006
18663,202611,0,0.23041054895467,0,202611,final_validation_catboost_trial_006
18668,202611,0,0.153838866384282,0,202611,final_validation_catboost_trial_006
18669,202611,0,0.123858421154682,0,202611,final_validation_catboost_trial_006
18671,202611,0,0.133820776703524,0,202611,final_validation_catboost_trial_006
18672,202611,0,0.0900363173511203,0,202611,final_validation_catboost_trial_006
18673,202611,0,0.148411706344953,0,202611,final_validation_catboost_trial_006
18679,202611,0,0.117414094638159,0,202611,final_validation_catboost_trial_006
18680,202611,1,0.143825876782433,0,202611,final_validation_catboost_trial_006
18689,202611,0,0.140387422526475,0,202611,final_validation_catboost_trial_006
18690,202611,0,0.159604622915551,0,202611,final_validation_catboost_trial_006
18692,202611,0,0.136094563800861,0,202611,final_validation_catboost_trial_006
18694,202611,0,0.142501804962304,0,202611,final_validation_catboost_trial_006
18695,202611,0,0.174979750010792,0,202611,final_validation_catboost_trial_006
18698,202611,0,0.143501498775988,0,202611,final_validation_catboost_trial_006
18699,202611,0,0.124281536003772,0,202611,final_validation_catboost_trial_006
18704,202611,0,0.151232376160969,0,202611,final_validation_catboost_trial_006
18706,202611,0,0.342282080874128,0,202611,final_validation_catboost_trial_006
18708,202611,1,0.132767340098884,0,202611,final_validation_catboost_trial_006
18709,202611,0,0.143259519847488,0,202611,final_validation_catboost_trial_006
18712,202611,0,0.169652397539762,0,202611,final_validation_catboost_trial_006
18713,202611,0,0.179173281018253,0,202611,final_validation_catboost_trial_006
18716,202611,1,0.248496588766868,0,202611,final_validation_catboost_trial_006
18717,202611,0,0.151132053423751,0,202611,final_validation_catboost_trial_006
18719,202611,0,0.37844336696683,0,202611,final_validation_catboost_trial_006
18721,202611,1,0.234769075796942,0,202611,final_validation_catboost_trial_006
18724,202611,0,0.120164075186006,0,202611,final_validation_catboost_trial_006
18725,202611,0,0.0625672084434093,0,202611,final_validation_catboost_trial_006
18728,202611,0,0.157178446523029,0,202611,final_validation_catboost_trial_006
18729,202611,0,0.121256453143463,0,202611,final_validation_catboost_trial_006
18732,202611,0,0.055344629531253,0,202611,final_validation_catboost_trial_006
18733,202611,0,0.147321398678218,0,202611,final_validation_catboost_trial_006
18734,202611,0,0.0697485808921444,0,202611,final_validation_catboost_trial_006
18735,202611,0,0.148174672153946,0,202611,final_validation_catboost_trial_006
18736,202611,0,0.157230754490488,0,202611,final_validation_catboost_trial_006
18739,202611,0,0.109426633526371,0,202611,final_validation_catboost_trial_006
18740,202611,0,0.147996600460409,0,202611,final_validation_catboost_trial_006
18742,202611,0,0.164467916435125,0,202611,final_validation_catboost_trial_006
18743,202611,0,0.251743413211849,0,202611,final_validation_catboost_trial_006
18744,202611,1,0.1315174835505,0,202611,final_validation_catboost_trial_006
18749,202611,0,0.0563440305178282,0,202611,final_validation_catboost_trial_006
18750,202611,0,0.147687575176295,0,202611,final_validation_catboost_trial_006
18751,202611,0,0.11980580565663,0,202611,final_validation_catboost_trial_006
18753,202611,1,0.120219586038197,0,202611,final_validation_catboost_trial_006
18754,202611,1,0.183676968337954,0,202611,final_validation_catboost_trial_006
18755,202611,0,0.127329095167532,0,202611,final_validation_catboost_trial_006
18756,202611,0,0.0562915462917241,0,202611,final_validation_catboost_trial_006
18759,202611,0,0.141277481130114,0,202611,final_validation_catboost_trial_006
18760,202611,0,0.0765636824125852,0,202611,final_validation_catboost_trial_006
18762,202611,0,0.158251297768259,0,202611,final_validation_catboost_trial_006
18763,202611,1,0.11640055059744,0,202611,final_validation_catboost_trial_006
18765,202611,0,0.141661039842202,0,202611,final_validation_catboost_trial_006
18766,202611,0,0.136869412705839,0,202611,final_validation_catboost_trial_006
18769,202611,0,0.119663944675958,0,202611,final_validation_catboost_trial_006
18772,202611,0,0.131021526233383,0,202611,final_validation_catboost_trial_006
18773,202611,0,0.0551583927040139,0,202611,final_validation_catboost_trial_006
18774,202611,0,0.149903830819615,0,202611,final_validation_catboost_trial_006
18778,202611,0,0.13587973786088,0,202611,final_validation_catboost_trial_006
18780,202611,0,0.0710857683415121,0,202611,final_validation_catboost_trial_006
18782,202611,0,0.133278575728371,0,202611,final_validation_catboost_trial_006
18784,202611,0,0.115837880409026,0,202611,final_validation_catboost_trial_006
18785,202611,0,0.137901502801672,0,202611,final_validation_catboost_trial_006
18786,202611,0,0.143955973802143,0,202611,final_validation_catboost_trial_006
18789,202611,1,0.146368631360205,0,202611,final_validation_catboost_trial_006
18797,202611,1,0.133985471784372,0,202611,final_validation_catboost_trial_006
18798,202611,1,0.0563996855882868,0,202611,final_validation_catboost_trial_006
18801,202611,0,0.0883593826575158,0,202611,final_validation_catboost_trial_006
18802,202611,1,0.135898298927741,0,202611,final_validation_catboost_trial_006
18804,202611,0,0.151483543370206,0,202611,final_validation_catboost_trial_006
18807,202611,0,0.143616402619099,0,202611,final_validation_catboost_trial_006
18810,202611,0,0.212035385316924,0,202611,final_validation_catboost_trial_006
18811,202611,0,0.114990446701944,0,202611,final_validation_catboost_trial_006
18812,202611,1,0.263967984903289,0,202611,final_validation_catboost_trial_006
18815,202611,0,0.131773475778408,0,202611,final_validation_catboost_trial_006
18816,202611,0,0.156337201796536,0,202611,final_validation_catboost_trial_006
18818,202611,0,0.145771915059117,0,202611,final_validation_catboost_trial_006
18819,202611,0,0.181102972147161,0,202611,final_validation_catboost_trial_006
18820,202611,0,0.167338321204012,0,202611,final_validation_catboost_trial_006
18821,202611,0,0.256183308810979,0,202611,final_validation_catboost_trial_006
18822,202611,0,0.172398603917569,0,202611,final_validation_catboost_trial_006
18825,202611,0,0.143572396981458,0,202611,final_validation_catboost_trial_006
18827,202611,0,0.254943188834267,0,202611,final_validation_catboost_trial_006
18831,202611,0,0.126202575813862,0,202611,final_validation_catboost_trial_006
18832,202611,0,0.130388269305841,0,202611,final_validation_catboost_trial_006
18834,202611,0,0.228499643221374,0,202611,final_validation_catboost_trial_006
18835,202611,1,0.110761449229558,0,202611,final_validation_catboost_trial_006
18836,202611,0,0.116266839740668,0,202611,final_validation_catboost_trial_006
18837,202611,0,0.127801786947283,0,202611,final_validation_catboost_trial_006
18840,202611,0,0.0740390187737525,0,202611,final_validation_catboost_trial_006
18842,202611,0,0.0899536830216,0,202611,final_validation_catboost_trial_006
18847,202611,0,0.124535978250172,0,202611,final_validation_catboost_trial_006
18849,202611,0,0.143620208564389,0,202611,final_validation_catboost_trial_006
18851,202611,1,0.21124449036212,0,202611,final_validation_catboost_trial_006
18852,202611,0,0.127659686751749,0,202611,final_validation_catboost_trial_006
18854,202611,0,0.141663281110324,0,202611,final_validation_catboost_trial_006
18855,202611,0,0.133417738429486,0,202611,final_validation_catboost_trial_006
18857,202611,0,0.12644374255011,0,202611,final_validation_catboost_trial_006
18859,202611,0,0.171345667203728,0,202611,final_validation_catboost_trial_006
18860,202611,0,0.177441491386127,0,202611,final_validation_catboost_trial_006
18861,202611,0,0.159916109192844,0,202611,final_validation_catboost_trial_006
18862,202611,0,0.053577136971244,0,202611,final_validation_catboost_trial_006
18864,202611,0,0.125469485737056,0,202611,final_validation_catboost_trial_006
18868,202611,0,0.119536048734361,0,202611,final_validation_catboost_trial_006
18870,202611,0,0.140373222939918,0,202611,final_validation_catboost_trial_006
18871,202611,0,0.0565353671594529,0,202611,final_validation_catboost_trial_006
18872,202611,1,0.156652054332241,0,202611,final_validation_catboost_trial_006
18874,202611,0,0.142523774761674,0,202611,final_validation_catboost_trial_006
18875,202611,1,0.152367305984891,0,202611,final_validation_catboost_trial_006
18880,202611,0,0.178298718523635,0,202611,final_validation_catboost_trial_006
18882,202611,0,0.1280844497851,0,202611,final_validation_catboost_trial_006
18884,202611,0,0.128844626110333,0,202611,final_validation_catboost_trial_006
18885,202611,1,0.256455096844119,0,202611,final_validation_catboost_trial_006
18889,202611,0,0.172712902616334,0,202611,final_validation_catboost_trial_006
18892,202611,0,0.157737632271136,0,202611,final_validation_catboost_trial_006
18894,202611,0,0.225676903411363,0,202611,final_validation_catboost_trial_006
18895,202611,0,0.145033304790752,0,202611,final_validation_catboost_trial_006
18897,202611,0,0.187038401543545,0,202611,final_validation_catboost_trial_006
18898,202611,0,0.0549216741998176,0,202611,final_validation_catboost_trial_006
18900,202611,0,0.220668216459966,0,202611,final_validation_catboost_trial_006
18902,202611,0,0.151806732064678,0,202611,final_validation_catboost_trial_006
18907,202611,0,0.181183189470116,0,202611,final_validation_catboost_trial_006
18908,202611,1,0.126761473742819,0,202611,final_validation_catboost_trial_006
18909,202611,0,0.16083562730199,0,202611,final_validation_catboost_trial_006
18910,202611,0,0.314687233332129,0,202611,final_validation_catboost_trial_006
18914,202611,0,0.137059015490881,0,202611,final_validation_catboost_trial_006
18917,202611,0,0.12800103512179,0,202611,final_validation_catboost_trial_006
18918,202611,0,0.123184375180124,0,202611,final_validation_catboost_trial_006
18919,202611,1,0.217604051536734,0,202611,final_validation_catboost_trial_006
18920,202611,1,0.143602028098997,0,202611,final_validation_catboost_trial_006
18921,202611,0,0.238252302712476,0,202611,final_validation_catboost_trial_006
18924,202611,0,0.137334422035631,0,202611,final_validation_catboost_trial_006
18925,202611,0,0.115388592793696,0,202611,final_validation_catboost_trial_006
18927,202611,0,0.128715699508246,0,202611,final_validation_catboost_trial_006
18928,202611,0,0.0657678012129504,0,202611,final_validation_catboost_trial_006
18929,202611,0,0.111924205124784,0,202611,final_validation_catboost_trial_006
18930,202611,0,0.132786860019952,0,202611,final_validation_catboost_trial_006
18932,202611,0,0.136088869315273,0,202611,final_validation_catboost_trial_006
18935,202611,0,0.0522950212556997,0,202611,final_validation_catboost_trial_006
18938,202611,0,0.0573805986412767,0,202611,final_validation_catboost_trial_006
18940,202611,0,0.111030880215982,0,202611,final_validation_catboost_trial_006
18941,202611,0,0.131673984779838,0,202611,final_validation_catboost_trial_006
18942,202611,0,0.165274532508123,0,202611,final_validation_catboost_trial_006
18944,202611,0,0.0571373316628926,0,202611,final_validation_catboost_trial_006
18946,202611,0,0.151343512553735,0,202611,final_validation_catboost_trial_006
18949,202611,0,0.122828792433679,0,202611,final_validation_catboost_trial_006
18952,202611,1,0.165901585220713,0,202611,final_validation_catboost_trial_006
18954,202611,0,0.0633354178587002,0,202611,final_validation_catboost_trial_006
18956,202611,0,0.149250129446133,0,202611,final_validation_catboost_trial_006
18957,202611,0,0.0642887988365392,0,202611,final_validation_catboost_trial_006
18959,202611,0,0.164164700315139,0,202611,final_validation_catboost_trial_006
18960,202611,0,0.111625258741099,0,202611,final_validation_catboost_trial_006
18962,202611,0,0.158057931611626,0,202611,final_validation_catboost_trial_006
18963,202611,0,0.177746871739483,0,202611,final_validation_catboost_trial_006
18964,202611,0,0.256947214926858,0,202611,final_validation_catboost_trial_006
18965,202611,0,0.137512366560959,0,202611,final_validation_catboost_trial_006
18967,202611,0,0.112359237221783,0,202611,final_validation_catboost_trial_006
18969,202611,0,0.141562205910191,0,202611,final_validation_catboost_trial_006
18971,202611,0,0.219468571735906,0,202611,final_validation_catboost_trial_006
18973,202611,0,0.12460464476565,0,202611,final_validation_catboost_trial_006
18977,202611,0,0.12722650891026,0,202611,final_validation_catboost_trial_006
18978,202611,0,0.170443028143013,0,202611,final_validation_catboost_trial_006
18979,202611,1,0.121538414053457,0,202611,final_validation_catboost_trial_006
18981,202611,0,0.158842697330735,0,202611,final_validation_catboost_trial_006
18982,202611,0,0.0663371365508073,0,202611,final_validation_catboost_trial_006
18983,202611,0,0.137203953188452,0,202611,final_validation_catboost_trial_006
18984,202611,0,0.125842840838152,0,202611,final_validation_catboost_trial_006
18985,202611,0,0.125626225453867,0,202611,final_validation_catboost_trial_006
18986,202611,0,0.158517278883429,0,202611,final_validation_catboost_trial_006
18987,202611,0,0.14398500794447,0,202611,final_validation_catboost_trial_006
18988,202611,0,0.0998151215822906,0,202611,final_validation_catboost_trial_006
18991,202611,0,0.0669284519851846,0,202611,final_validation_catboost_trial_006
18992,202611,0,0.126196976334229,0,202611,final_validation_catboost_trial_006
18993,202611,0,0.144816558271012,0,202611,final_validation_catboost_trial_006
18994,202611,0,0.243649941009052,0,202611,final_validation_catboost_trial_006
18995,202611,0,0.136265444983935,0,202611,final_validation_catboost_trial_006
18996,202611,1,0.124672746973721,0,202611,final_validation_catboost_trial_006
18997,202611,0,0.135949255536454,0,202611,final_validation_catboost_trial_006
18999,202611,0,0.133673046699884,0,202611,final_validation_catboost_trial_006
19002,202611,0,0.118514470161693,0,202611,final_validation_catboost_trial_006
19003,202611,1,0.335210176723664,0,202611,final_validation_catboost_trial_006
19004,202611,0,0.118661901342913,0,202611,final_validation_catboost_trial_006
19005,202611,0,0.111954071524744,0,202611,final_validation_catboost_trial_006
19007,202611,0,0.10605264967882,0,202611,final_validation_catboost_trial_006
19010,202611,0,0.146274040328627,0,202611,final_validation_catboost_trial_006
19012,202611,0,0.129988086591341,0,202611,final_validation_catboost_trial_006
19013,202611,1,0.155714446790713,0,202611,final_validation_catboost_trial_006
19014,202611,0,0.131817089294585,0,202611,final_validation_catboost_trial_006
19015,202611,1,0.217230224466402,0,202611,final_validation_catboost_trial_006
19016,202611,0,0.152274379705941,0,202611,final_validation_catboost_trial_006
19017,202611,0,0.190130133688107,0,202611,final_validation_catboost_trial_006
19018,202611,0,0.137797713408902,0,202611,final_validation_catboost_trial_006
19019,202611,0,0.13873579441135,0,202611,final_validation_catboost_trial_006
19021,202611,1,0.130659355874628,0,202611,final_validation_catboost_trial_006
19022,202611,0,0.184001702731594,0,202611,final_validation_catboost_trial_006
19023,202611,0,0.257906722501985,0,202611,final_validation_catboost_trial_006
19024,202611,0,0.204819701852123,0,202611,final_validation_catboost_trial_006
19028,202611,0,0.14518789029049,0,202611,final_validation_catboost_trial_006
19029,202611,0,0.0556756953129004,0,202611,final_validation_catboost_trial_006
19030,202611,0,0.0692234395006273,0,202611,final_validation_catboost_trial_006
19031,202611,0,0.178725610659796,0,202611,final_validation_catboost_trial_006
19034,202611,0,0.157683030282621,0,202611,final_validation_catboost_trial_006
19035,202611,0,0.0579436652194929,0,202611,final_validation_catboost_trial_006
19036,202611,0,0.169470115977233,0,202611,final_validation_catboost_trial_006
19037,202611,0,0.128037129537522,0,202611,final_validation_catboost_trial_006
19038,202611,0,0.160833356047253,0,202611,final_validation_catboost_trial_006
19040,202611,0,0.0578656172097713,0,202611,final_validation_catboost_trial_006
19042,202611,0,0.217493889728574,0,202611,final_validation_catboost_trial_006
19043,202611,0,0.111406813453432,0,202611,final_validation_catboost_trial_006
19044,202611,0,0.107864859559699,0,202611,final_validation_catboost_trial_006
19046,202611,1,0.0649219952611663,0,202611,final_validation_catboost_trial_006
19047,202611,0,0.203662097860799,0,202611,final_validation_catboost_trial_006
19048,202611,0,0.181052135293733,0,202611,final_validation_catboost_trial_006
19049,202611,0,0.129540052691049,0,202611,final_validation_catboost_trial_006
19051,202611,0,0.155590923184224,0,202611,final_validation_catboost_trial_006
19053,202611,0,0.126192917138567,0,202611,final_validation_catboost_trial_006
19054,202611,0,0.242759699539911,0,202611,final_validation_catboost_trial_006
19055,202611,1,0.153501156535018,0,202611,final_validation_catboost_trial_006
19056,202611,0,0.124523377826129,0,202611,final_validation_catboost_trial_006
19057,202611,0,0.149347799692462,0,202611,final_validation_catboost_trial_006
19058,202611,0,0.133944952122189,0,202611,final_validation_catboost_trial_006
19059,202611,0,0.106444579951976,0,202611,final_validation_catboost_trial_006
19060,202611,0,0.130874494800634,0,202611,final_validation_catboost_trial_006
19062,202611,0,0.152787027627598,0,202611,final_validation_catboost_trial_006
19063,202611,1,0.152898319670772,0,202611,final_validation_catboost_trial_006
19064,202611,0,0.155299721742352,0,202611,final_validation_catboost_trial_006
19071,202611,0,0.235581493050412,0,202611,final_validation_catboost_trial_006
19078,202611,0,0.120923556102264,0,202611,final_validation_catboost_trial_006
19079,202611,0,0.14035898639863,0,202611,final_validation_catboost_trial_006
19080,202611,0,0.0985298216650403,0,202611,final_validation_catboost_trial_006
19081,202611,0,0.0698076956918202,0,202611,final_validation_catboost_trial_006
19085,202611,0,0.144413551133887,0,202611,final_validation_catboost_trial_006
19088,202611,0,0.163417510417685,0,202611,final_validation_catboost_trial_006
19089,202611,0,0.153334509931811,0,202611,final_validation_catboost_trial_006
19090,202611,0,0.138095722378133,0,202611,final_validation_catboost_trial_006
19091,202611,0,0.231018119146567,0,202611,final_validation_catboost_trial_006
19092,202611,0,0.105793668502302,0,202611,final_validation_catboost_trial_006
19094,202611,0,0.139509141324155,0,202611,final_validation_catboost_trial_006
19099,202611,0,0.162561548191815,0,202611,final_validation_catboost_trial_006
19100,202611,0,0.141499876870519,0,202611,final_validation_catboost_trial_006
19101,202611,0,0.0670116590404271,0,202611,final_validation_catboost_trial_006
19103,202611,0,0.148492067527474,0,202611,final_validation_catboost_trial_006
19104,202611,0,0.161983590400778,0,202611,final_validation_catboost_trial_006
19105,202611,1,0.137711153681428,0,202611,final_validation_catboost_trial_006
19106,202611,0,0.130134639808919,0,202611,final_validation_catboost_trial_006
19107,202611,0,0.248921720159037,0,202611,final_validation_catboost_trial_006
19108,202611,0,0.150016172430293,0,202611,final_validation_catboost_trial_006
19109,202611,0,0.0438121763818584,0,202611,final_validation_catboost_trial_006
19111,202611,0,0.126659186345625,0,202611,final_validation_catboost_trial_006
19112,202611,0,0.1644844192313,0,202611,final_validation_catboost_trial_006
19113,202611,0,0.12702770772619,0,202611,final_validation_catboost_trial_006
19114,202611,0,0.14191955495084,0,202611,final_validation_catboost_trial_006
19116,202611,0,0.166797261075935,0,202611,final_validation_catboost_trial_006
19117,202611,0,0.169781236521025,0,202611,final_validation_catboost_trial_006
19121,202611,0,0.136428334810523,0,202611,final_validation_catboost_trial_006
19125,202611,0,0.210613345369451,0,202611,final_validation_catboost_trial_006
19127,202611,0,0.20084103715277,0,202611,final_validation_catboost_trial_006
19128,202611,0,0.139381185266565,0,202611,final_validation_catboost_trial_006
19132,202611,1,0.150864668779804,0,202611,final_validation_catboost_trial_006
19134,202611,1,0.14259840619201,0,202611,final_validation_catboost_trial_006
19136,202611,0,0.128002724749478,0,202611,final_validation_catboost_trial_006
19137,202611,0,0.119748738245222,0,202611,final_validation_catboost_trial_006
19142,202611,0,0.152487626610534,0,202611,final_validation_catboost_trial_006
19143,202611,0,0.117255953198626,0,202611,final_validation_catboost_trial_006
19144,202611,0,0.141821040913375,0,202611,final_validation_catboost_trial_006
19146,202611,0,0.153912191290078,0,202611,final_validation_catboost_trial_006
19147,202611,0,0.117760757436198,0,202611,final_validation_catboost_trial_006
19152,202611,0,0.0658841394204016,0,202611,final_validation_catboost_trial_006
19154,202611,0,0.0568290789769554,0,202611,final_validation_catboost_trial_006
19157,202611,0,0.13963860271455,0,202611,final_validation_catboost_trial_006
19160,202611,0,0.146291046760704,0,202611,final_validation_catboost_trial_006
19161,202611,0,0.0701112384577574,0,202611,final_validation_catboost_trial_006
19162,202611,0,0.199821467345835,0,202611,final_validation_catboost_trial_006
19164,202611,1,0.169796051136852,0,202611,final_validation_catboost_trial_006
19165,202611,0,0.0608762852414234,0,202611,final_validation_catboost_trial_006
19167,202611,0,0.0589812630587829,0,202611,final_validation_catboost_trial_006
19168,202611,0,0.1662815974662,0,202611,final_validation_catboost_trial_006
19171,202611,0,0.0681526603960233,0,202611,final_validation_catboost_trial_006
19172,202611,0,0.0472050122146562,0,202611,final_validation_catboost_trial_006
19173,202611,0,0.154334104579479,0,202611,final_validation_catboost_trial_006
19174,202611,0,0.150773477458847,0,202611,final_validation_catboost_trial_006
19175,202611,1,0.253152553078658,0,202611,final_validation_catboost_trial_006
19176,202611,0,0.135104959097616,0,202611,final_validation_catboost_trial_006
19177,202611,0,0.152366276756177,0,202611,final_validation_catboost_trial_006
19178,202611,0,0.0485614826750228,0,202611,final_validation_catboost_trial_006
19179,202611,0,0.219279833295338,0,202611,final_validation_catboost_trial_006
19180,202611,0,0.191295159846889,0,202611,final_validation_catboost_trial_006
19182,202611,0,0.146532928067114,0,202611,final_validation_catboost_trial_006
19184,202611,0,0.156560376149123,0,202611,final_validation_catboost_trial_006
19185,202611,0,0.0491214316697527,0,202611,final_validation_catboost_trial_006
19187,202611,0,0.0647035541145724,0,202611,final_validation_catboost_trial_006
19189,202611,0,0.239692880589464,0,202611,final_validation_catboost_trial_006
19190,202611,1,0.197460719359648,0,202611,final_validation_catboost_trial_006
19191,202611,0,0.115578935577664,0,202611,final_validation_catboost_trial_006
19193,202611,0,0.146341237848066,0,202611,final_validation_catboost_trial_006
19194,202611,0,0.166589623751304,0,202611,final_validation_catboost_trial_006
19195,202611,1,0.162192229398353,0,202611,final_validation_catboost_trial_006
19197,202611,0,0.201686235392462,0,202611,final_validation_catboost_trial_006
19198,202611,0,0.125141229433405,0,202611,final_validation_catboost_trial_006
19200,202611,0,0.163657956104769,0,202611,final_validation_catboost_trial_006
19202,202611,0,0.0478647691631061,0,202611,final_validation_catboost_trial_006
19204,202611,0,0.0942005084689362,0,202611,final_validation_catboost_trial_006
19205,202611,0,0.147789717348818,0,202611,final_validation_catboost_trial_006
19206,202611,0,0.11876643589186,0,202611,final_validation_catboost_trial_006
19209,202611,1,0.237625516371883,0,202611,final_validation_catboost_trial_006
19212,202611,0,0.0616004773427013,0,202611,final_validation_catboost_trial_006
19213,202611,0,0.126449359286272,0,202611,final_validation_catboost_trial_006
19214,202611,0,0.361662893921492,0,202611,final_validation_catboost_trial_006
19219,202611,1,0.1581350583419,0,202611,final_validation_catboost_trial_006
19220,202611,1,0.162663926904615,0,202611,final_validation_catboost_trial_006
19221,202611,1,0.195761464287508,0,202611,final_validation_catboost_trial_006
19222,202611,0,0.157037172691054,0,202611,final_validation_catboost_trial_006
19223,202611,0,0.157894009395511,0,202611,final_validation_catboost_trial_006
19225,202611,0,0.218465263726195,0,202611,final_validation_catboost_trial_006
19226,202611,1,0.128367009654749,0,202611,final_validation_catboost_trial_006
19228,202611,0,0.14907297113321,0,202611,final_validation_catboost_trial_006
19230,202611,0,0.356212131709003,0,202611,final_validation_catboost_trial_006
19234,202611,1,0.26656247151422,0,202611,final_validation_catboost_trial_006
19235,202611,1,0.108274994606215,0,202611,final_validation_catboost_trial_006
19236,202611,0,0.137896101160412,0,202611,final_validation_catboost_trial_006
19240,202611,0,0.145294634521229,0,202611,final_validation_catboost_trial_006
19241,202611,0,0.148614086393219,0,202611,final_validation_catboost_trial_006
19242,202611,0,0.13725194072354,0,202611,final_validation_catboost_trial_006
19243,202611,0,0.294248611695038,0,202611,final_validation_catboost_trial_006
19244,202611,0,0.128722705293121,0,202611,final_validation_catboost_trial_006
19246,202611,1,0.162609750026351,0,202611,final_validation_catboost_trial_006
19248,202611,0,0.141259375547764,0,202611,final_validation_catboost_trial_006
19249,202611,0,0.153620907615168,0,202611,final_validation_catboost_trial_006
19250,202611,0,0.133148920394703,0,202611,final_validation_catboost_trial_006
19251,202611,0,0.166082734520549,0,202611,final_validation_catboost_trial_006
19254,202611,0,0.145930341671472,0,202611,final_validation_catboost_trial_006
19255,202611,0,0.144378457655061,0,202611,final_validation_catboost_trial_006
19257,202611,1,0.0486658828728511,0,202611,final_validation_catboost_trial_006
19258,202611,0,0.163594769882769,0,202611,final_validation_catboost_trial_006
19259,202611,0,0.13657868188853,0,202611,final_validation_catboost_trial_006
19260,202611,0,0.267605242369845,0,202611,final_validation_catboost_trial_006
19261,202611,0,0.12352886799988,0,202611,final_validation_catboost_trial_006
19262,202611,0,0.0648136741252419,0,202611,final_validation_catboost_trial_006
19264,202611,0,0.134920549976646,0,202611,final_validation_catboost_trial_006
19265,202611,0,0.172244766427365,0,202611,final_validation_catboost_trial_006
19266,202611,0,0.152928087007955,0,202611,final_validation_catboost_trial_006
19270,202611,0,0.127814608662533,0,202611,final_validation_catboost_trial_006
19271,202611,0,0.120773019022008,0,202611,final_validation_catboost_trial_006
19274,202611,0,0.157260234070272,0,202611,final_validation_catboost_trial_006
19275,202611,0,0.15566131422893,0,202611,final_validation_catboost_trial_006
19276,202611,0,0.0919689143928673,0,202611,final_validation_catboost_trial_006
19278,202611,0,0.0526124559286304,0,202611,final_validation_catboost_trial_006
19280,202611,0,0.124217357174564,0,202611,final_validation_catboost_trial_006
19281,202611,1,0.329893112873174,0,202611,final_validation_catboost_trial_006
19282,202611,0,0.139702843258046,0,202611,final_validation_catboost_trial_006
19285,202611,1,0.135396583573406,0,202611,final_validation_catboost_trial_006
19287,202611,0,0.149932042520169,0,202611,final_validation_catboost_trial_006
19288,202611,0,0.135204722069692,0,202611,final_validation_catboost_trial_006
19290,202611,0,0.153554848070085,0,202611,final_validation_catboost_trial_006
19291,202611,1,0.222383937071807,0,202611,final_validation_catboost_trial_006
19293,202611,0,0.163757496692478,0,202611,final_validation_catboost_trial_006
19295,202611,0,0.223831258946744,0,202611,final_validation_catboost_trial_006
19297,202611,1,0.0651855079912798,0,202611,final_validation_catboost_trial_006
19298,202611,0,0.178241792026809,0,202611,final_validation_catboost_trial_006
19299,202611,0,0.213644021210885,0,202611,final_validation_catboost_trial_006
19300,202611,0,0.0678190517472877,0,202611,final_validation_catboost_trial_006
19301,202611,0,0.12431355479963,0,202611,final_validation_catboost_trial_006
19302,202611,1,0.140990009965455,0,202611,final_validation_catboost_trial_006
19304,202611,0,0.136258873743665,0,202611,final_validation_catboost_trial_006
19305,202611,0,0.164954458591598,0,202611,final_validation_catboost_trial_006
19306,202611,0,0.115722641151505,0,202611,final_validation_catboost_trial_006
19309,202611,0,0.145727041040097,0,202611,final_validation_catboost_trial_006
19310,202611,0,0.129850350332847,0,202611,final_validation_catboost_trial_006
19311,202611,0,0.243231205665487,0,202611,final_validation_catboost_trial_006
19313,202611,0,0.17612700017575,0,202611,final_validation_catboost_trial_006
19314,202611,1,0.167030658499063,0,202611,final_validation_catboost_trial_006
19315,202611,1,0.154196666877902,0,202611,final_validation_catboost_trial_006
19317,202611,0,0.139570054883031,0,202611,final_validation_catboost_trial_006
19320,202611,0,0.163703068301738,0,202611,final_validation_catboost_trial_006
19322,202611,0,0.0502953665626648,0,202611,final_validation_catboost_trial_006
19323,202611,1,0.134251045327023,0,202611,final_validation_catboost_trial_006
19324,202611,0,0.176968265847201,0,202611,final_validation_catboost_trial_006
19325,202611,0,0.158614668568259,0,202611,final_validation_catboost_trial_006
19326,202611,0,0.107646405632967,0,202611,final_validation_catboost_trial_006
19328,202611,0,0.140953611343313,0,202611,final_validation_catboost_trial_006
19330,202611,0,0.144862193427874,0,202611,final_validation_catboost_trial_006
19331,202611,0,0.390378514903049,0,202611,final_validation_catboost_trial_006
19332,202611,0,0.145465856215782,0,202611,final_validation_catboost_trial_006
19334,202611,0,0.149024586265614,0,202611,final_validation_catboost_trial_006
19337,202611,0,0.146094910372919,0,202611,final_validation_catboost_trial_006
19338,202611,0,0.143529376890372,0,202611,final_validation_catboost_trial_006
19340,202611,0,0.117672511357443,0,202611,final_validation_catboost_trial_006
19341,202611,0,0.123773498830306,0,202611,final_validation_catboost_trial_006
19342,202611,0,0.135672861805561,0,202611,final_validation_catboost_trial_006
19343,202611,0,0.169343824495109,0,202611,final_validation_catboost_trial_006
19347,202611,0,0.314121779007144,0,202611,final_validation_catboost_trial_006
19348,202611,0,0.164764937937327,0,202611,final_validation_catboost_trial_006
19349,202611,0,0.220080272342987,0,202611,final_validation_catboost_trial_006
19351,202611,1,0.109414796644019,0,202611,final_validation_catboost_trial_006
19352,202611,1,0.0691746384784564,0,202611,final_validation_catboost_trial_006
19353,202611,1,0.146256768857675,0,202611,final_validation_catboost_trial_006
19354,202611,0,0.156083939178465,0,202611,final_validation_catboost_trial_006
19356,202611,0,0.142793829964229,0,202611,final_validation_catboost_trial_006
19357,202611,0,0.137065063865625,0,202611,final_validation_catboost_trial_006
19358,202611,0,0.216438239075542,0,202611,final_validation_catboost_trial_006
19361,202611,0,0.100424244823671,0,202611,final_validation_catboost_trial_006
19362,202611,0,0.144863764160807,0,202611,final_validation_catboost_trial_006
19365,202611,0,0.128568771035369,0,202611,final_validation_catboost_trial_006
19366,202611,0,0.128463655760738,0,202611,final_validation_catboost_trial_006
19367,202611,0,0.164262260592944,0,202611,final_validation_catboost_trial_006
19369,202611,0,0.1266262508798,0,202611,final_validation_catboost_trial_006
19370,202611,1,0.229856739621895,0,202611,final_validation_catboost_trial_006
19372,202611,0,0.14675007274385,0,202611,final_validation_catboost_trial_006
19376,202611,0,0.0513128539985372,0,202611,final_validation_catboost_trial_006
19377,202611,0,0.141842616741016,0,202611,final_validation_catboost_trial_006
19382,202611,0,0.0622019768152142,0,202611,final_validation_catboost_trial_006
19383,202611,0,0.235734585314299,0,202611,final_validation_catboost_trial_006
19384,202611,0,0.163614539579727,0,202611,final_validation_catboost_trial_006
19385,202611,0,0.139218286911062,0,202611,final_validation_catboost_trial_006
19386,202611,0,0.160446555755033,0,202611,final_validation_catboost_trial_006
19388,202611,0,0.148153596396178,0,202611,final_validation_catboost_trial_006
19390,202611,1,0.110864321089696,0,202611,final_validation_catboost_trial_006
19392,202611,0,0.135754565661452,0,202611,final_validation_catboost_trial_006
19393,202611,0,0.165387280459647,0,202611,final_validation_catboost_trial_006
19394,202611,0,0.112814871917169,0,202611,final_validation_catboost_trial_006
19395,202611,0,0.227275767766485,0,202611,final_validation_catboost_trial_006
19396,202611,0,0.134621832125818,0,202611,final_validation_catboost_trial_006
19397,202611,0,0.113236816745225,0,202611,final_validation_catboost_trial_006
19399,202611,0,0.165350744390074,0,202611,final_validation_catboost_trial_006
19400,202611,0,0.159125419989164,0,202611,final_validation_catboost_trial_006
19402,202611,0,0.143659213173246,0,202611,final_validation_catboost_trial_006
19403,202611,0,0.158000685295473,0,202611,final_validation_catboost_trial_006
19404,202611,0,0.116639132031195,0,202611,final_validation_catboost_trial_006
19405,202611,0,0.138242179829295,0,202611,final_validation_catboost_trial_006
19406,202611,0,0.137477138525226,0,202611,final_validation_catboost_trial_006
19408,202611,0,0.110945006951448,0,202611,final_validation_catboost_trial_006
19412,202611,0,0.163516076423056,0,202611,final_validation_catboost_trial_006
19413,202611,1,0.14561204915556,0,202611,final_validation_catboost_trial_006
19414,202611,0,0.139071066102971,0,202611,final_validation_catboost_trial_006
19419,202611,0,0.233468804234097,0,202611,final_validation_catboost_trial_006
19421,202611,0,0.157952367237271,0,202611,final_validation_catboost_trial_006
19424,202611,0,0.122173056196893,0,202611,final_validation_catboost_trial_006
19425,202611,1,0.165328345392675,0,202611,final_validation_catboost_trial_006
19426,202611,1,0.133945360533794,0,202611,final_validation_catboost_trial_006
19428,202611,1,0.15188731477754,0,202611,final_validation_catboost_trial_006
19429,202611,0,0.358822280272605,0,202611,final_validation_catboost_trial_006
19431,202611,0,0.148750957144762,0,202611,final_validation_catboost_trial_006
19432,202611,0,0.152900360952205,0,202611,final_validation_catboost_trial_006
19434,202611,0,0.0658826431413907,0,202611,final_validation_catboost_trial_006
19435,202611,0,0.144522936880749,0,202611,final_validation_catboost_trial_006
19436,202611,0,0.123676184350787,0,202611,final_validation_catboost_trial_006
19438,202611,0,0.122040987527307,0,202611,final_validation_catboost_trial_006
19439,202611,0,0.260226322780672,0,202611,final_validation_catboost_trial_006
19441,202611,0,0.0642867393998029,0,202611,final_validation_catboost_trial_006
19442,202611,0,0.0561920330705553,0,202611,final_validation_catboost_trial_006
19443,202611,0,0.12904636981903,0,202611,final_validation_catboost_trial_006
19447,202611,0,0.0996678234316004,0,202611,final_validation_catboost_trial_006
19448,202611,0,0.117989959826145,0,202611,final_validation_catboost_trial_006
19449,202611,0,0.106363565241539,0,202611,final_validation_catboost_trial_006
19450,202611,0,0.156225235250293,0,202611,final_validation_catboost_trial_006
19452,202611,0,0.141785051202432,0,202611,final_validation_catboost_trial_006
19455,202611,0,0.262103408499794,0,202611,final_validation_catboost_trial_006
19458,202611,0,0.146700157883513,0,202611,final_validation_catboost_trial_006
19459,202611,0,0.166946818438678,0,202611,final_validation_catboost_trial_006
19460,202611,0,0.138410659776309,0,202611,final_validation_catboost_trial_006
19461,202611,0,0.0391621669213929,0,202611,final_validation_catboost_trial_006
19462,202611,0,0.130708524429168,0,202611,final_validation_catboost_trial_006
19463,202611,0,0.127988709816148,0,202611,final_validation_catboost_trial_006
19468,202611,0,0.162348945156861,0,202611,final_validation_catboost_trial_006
19469,202611,0,0.0556582207914086,0,202611,final_validation_catboost_trial_006
19470,202611,0,0.342595913886765,0,202611,final_validation_catboost_trial_006
19471,202611,0,0.232224679151213,0,202611,final_validation_catboost_trial_006
19472,202611,0,0.138413876350362,0,202611,final_validation_catboost_trial_006
19474,202611,0,0.12654467396169,0,202611,final_validation_catboost_trial_006
19475,202611,0,0.115414320115732,0,202611,final_validation_catboost_trial_006
19477,202611,0,0.137219462662896,0,202611,final_validation_catboost_trial_006
19478,202611,0,0.122032294709694,0,202611,final_validation_catboost_trial_006
19479,202611,0,0.237168897608994,0,202611,final_validation_catboost_trial_006
19482,202611,0,0.146455107828695,0,202611,final_validation_catboost_trial_006
19484,202611,0,0.249027989960168,0,202611,final_validation_catboost_trial_006
19487,202611,0,0.122091068188688,0,202611,final_validation_catboost_trial_006
19489,202611,1,0.235668016000396,0,202611,final_validation_catboost_trial_006
19492,202611,0,0.137423491238741,0,202611,final_validation_catboost_trial_006
19495,202611,0,0.123523855512618,0,202611,final_validation_catboost_trial_006
19502,202611,0,0.135324199481158,0,202611,final_validation_catboost_trial_006
19505,202611,0,0.098146888200162,0,202611,final_validation_catboost_trial_006
19506,202611,0,0.118105253226425,0,202611,final_validation_catboost_trial_006
19507,202611,0,0.119087335516615,0,202611,final_validation_catboost_trial_006
19510,202611,0,0.123424436583648,0,202611,final_validation_catboost_trial_006
19511,202611,0,0.364089834468649,0,202611,final_validation_catboost_trial_006
19512,202611,0,0.0460444052236276,0,202611,final_validation_catboost_trial_006
19514,202611,1,0.132872237707301,0,202611,final_validation_catboost_trial_006
19515,202611,0,0.144930687456513,0,202611,final_validation_catboost_trial_006
19520,202611,0,0.1526348339148,0,202611,final_validation_catboost_trial_006
19521,202611,0,0.146991741125961,0,202611,final_validation_catboost_trial_006
19524,202611,1,0.199019961700102,0,202611,final_validation_catboost_trial_006
19526,202611,0,0.169126636479853,0,202611,final_validation_catboost_trial_006
19527,202611,0,0.145804293319219,0,202611,final_validation_catboost_trial_006
19531,202611,0,0.263718660392295,0,202611,final_validation_catboost_trial_006
19532,202611,0,0.125162416526339,0,202611,final_validation_catboost_trial_006
19534,202611,0,0.151137638748111,0,202611,final_validation_catboost_trial_006
19538,202611,0,0.166938451699973,0,202611,final_validation_catboost_trial_006
19539,202611,0,0.0524061231928893,0,202611,final_validation_catboost_trial_006
19542,202611,0,0.106738829561863,0,202611,final_validation_catboost_trial_006
19543,202611,0,0.116837729882634,0,202611,final_validation_catboost_trial_006
19545,202611,0,0.13791082327859,0,202611,final_validation_catboost_trial_006
19546,202611,0,0.139618119901497,0,202611,final_validation_catboost_trial_006
19548,202611,0,0.183040544466221,0,202611,final_validation_catboost_trial_006
19549,202611,1,0.269022951722483,0,202611,final_validation_catboost_trial_006
19550,202611,0,0.180964963114354,0,202611,final_validation_catboost_trial_006
19552,202611,0,0.132272250015175,0,202611,final_validation_catboost_trial_006
19553,202611,0,0.0302112776257362,0,202611,final_validation_catboost_trial_006
19554,202611,0,0.134093989187955,0,202611,final_validation_catboost_trial_006
19555,202611,0,0.140318556784686,0,202611,final_validation_catboost_trial_006
19556,202611,0,0.143380795920206,0,202611,final_validation_catboost_trial_006
19557,202611,0,0.143612172324669,0,202611,final_validation_catboost_trial_006
19561,202611,0,0.141309456021528,0,202611,final_validation_catboost_trial_006
19562,202611,1,0.140325525926623,0,202611,final_validation_catboost_trial_006
19563,202611,0,0.137149066384761,0,202611,final_validation_catboost_trial_006
19568,202611,1,0.125028000331419,0,202611,final_validation_catboost_trial_006
19570,202611,0,0.137382138716124,0,202611,final_validation_catboost_trial_006
19572,202611,0,0.14517694669916,0,202611,final_validation_catboost_trial_006
19574,202611,0,0.229039233516876,0,202611,final_validation_catboost_trial_006
19576,202611,1,0.218665890633479,0,202611,final_validation_catboost_trial_006
19578,202611,0,0.123746219707473,0,202611,final_validation_catboost_trial_006
19579,202611,0,0.139365232378102,0,202611,final_validation_catboost_trial_006
19582,202611,0,0.169413476931248,0,202611,final_validation_catboost_trial_006
19586,202611,0,0.0456596040774378,0,202611,final_validation_catboost_trial_006
19587,202611,0,0.085205621812089,0,202611,final_validation_catboost_trial_006
19589,202611,0,0.109370337776015,0,202611,final_validation_catboost_trial_006
19590,202611,0,0.0656081664347919,0,202611,final_validation_catboost_trial_006
19592,202611,0,0.136510764110463,0,202611,final_validation_catboost_trial_006
19594,202611,0,0.0790906492296351,0,202611,final_validation_catboost_trial_006
19595,202611,1,0.145498306264836,0,202611,final_validation_catboost_trial_006
19596,202611,0,0.198201900921433,0,202611,final_validation_catboost_trial_006
19597,202611,1,0.160887272793031,0,202611,final_validation_catboost_trial_006
19599,202611,0,0.111828713355838,0,202611,final_validation_catboost_trial_006
19600,202611,0,0.114909138750961,0,202611,final_validation_catboost_trial_006
19601,202611,1,0.126113143066771,0,202611,final_validation_catboost_trial_006
19603,202611,0,0.116169643682798,0,202611,final_validation_catboost_trial_006
19604,202611,0,0.117978117561784,0,202611,final_validation_catboost_trial_006
19605,202611,0,0.164692034204691,0,202611,final_validation_catboost_trial_006
19606,202611,1,0.172535410145252,0,202611,final_validation_catboost_trial_006
19607,202611,0,0.102246303417373,0,202611,final_validation_catboost_trial_006
19609,202611,1,0.147620118794678,0,202611,final_validation_catboost_trial_006
19613,202611,1,0.154460208783694,0,202611,final_validation_catboost_trial_006
19616,202611,0,0.0597790304583187,0,202611,final_validation_catboost_trial_006
19618,202611,0,0.0661086881098816,0,202611,final_validation_catboost_trial_006
19619,202611,0,0.0599132496846017,0,202611,final_validation_catboost_trial_006
19620,202611,0,0.126873988933752,0,202611,final_validation_catboost_trial_006
19623,202611,0,0.118977653854678,0,202611,final_validation_catboost_trial_006
19624,202611,0,0.176135720560807,0,202611,final_validation_catboost_trial_006
19625,202611,0,0.146716499460882,0,202611,final_validation_catboost_trial_006
19626,202611,0,0.184854289982096,0,202611,final_validation_catboost_trial_006
19628,202611,0,0.146489933960547,0,202611,final_validation_catboost_trial_006
19629,202611,0,0.158202153025703,0,202611,final_validation_catboost_trial_006
19630,202611,1,0.058513740490545,0,202611,final_validation_catboost_trial_006
19631,202611,0,0.123535009231187,0,202611,final_validation_catboost_trial_006
19633,202611,0,0.137935301584441,0,202611,final_validation_catboost_trial_006
19634,202611,0,0.128106638982857,0,202611,final_validation_catboost_trial_006
19635,202611,0,0.234582544805297,0,202611,final_validation_catboost_trial_006
19636,202611,0,0.165891795007424,0,202611,final_validation_catboost_trial_006
19637,202611,0,0.13560441326207,0,202611,final_validation_catboost_trial_006
19639,202611,0,0.15104875407817,0,202611,final_validation_catboost_trial_006
19643,202611,0,0.141156972792852,0,202611,final_validation_catboost_trial_006
19644,202611,0,0.156629976869736,0,202611,final_validation_catboost_trial_006
19645,202611,0,0.180158257231905,0,202611,final_validation_catboost_trial_006
19647,202611,0,0.160153468779268,0,202611,final_validation_catboost_trial_006
19649,202611,0,0.152353115074873,0,202611,final_validation_catboost_trial_006
19650,202611,0,0.143435106694125,0,202611,final_validation_catboost_trial_006
19652,202611,0,0.155080617758482,0,202611,final_validation_catboost_trial_006
19653,202611,0,0.187478367079633,0,202611,final_validation_catboost_trial_006
19656,202611,0,0.123419170853982,0,202611,final_validation_catboost_trial_006
19660,202611,0,0.154814606317342,0,202611,final_validation_catboost_trial_006
19662,202611,1,0.139775654091145,0,202611,final_validation_catboost_trial_006
19663,202611,0,0.154056010778385,0,202611,final_validation_catboost_trial_006
19664,202611,0,0.151012845668728,0,202611,final_validation_catboost_trial_006
19666,202611,0,0.146730060171035,0,202611,final_validation_catboost_trial_006
19667,202611,1,0.130943995140308,0,202611,final_validation_catboost_trial_006
19668,202611,0,0.134670408706054,0,202611,final_validation_catboost_trial_006
19671,202611,0,0.114865024867441,0,202611,final_validation_catboost_trial_006
19672,202611,0,0.132067197690581,0,202611,final_validation_catboost_trial_006
19674,202611,0,0.222512139065062,0,202611,final_validation_catboost_trial_006
19675,202611,0,0.142291136071943,0,202611,final_validation_catboost_trial_006
19676,202611,0,0.154480858207684,0,202611,final_validation_catboost_trial_006
19677,202611,1,0.144298669541203,0,202611,final_validation_catboost_trial_006
19678,202611,0,0.163359750123602,0,202611,final_validation_catboost_trial_006
19679,202611,0,0.143668794499799,0,202611,final_validation_catboost_trial_006
19680,202611,0,0.207922437200706,0,202611,final_validation_catboost_trial_006
19681,202611,0,0.145071554478141,0,202611,final_validation_catboost_trial_006
19682,202611,0,0.12277590653971,0,202611,final_validation_catboost_trial_006
19683,202611,0,0.155191021076977,0,202611,final_validation_catboost_trial_006
19684,202611,0,0.109659671254984,0,202611,final_validation_catboost_trial_006
19686,202611,0,0.135424898273915,0,202611,final_validation_catboost_trial_006
19687,202611,0,0.15167465825912,0,202611,final_validation_catboost_trial_006
19689,202611,1,0.133387991001378,0,202611,final_validation_catboost_trial_006
19691,202611,0,0.137134344575514,0,202611,final_validation_catboost_trial_006
19692,202611,0,0.123460394670976,0,202611,final_validation_catboost_trial_006
19698,202611,0,0.214411548938172,0,202611,final_validation_catboost_trial_006
19699,202611,0,0.127562916397243,0,202611,final_validation_catboost_trial_006
19700,202611,0,0.12240064908333,0,202611,final_validation_catboost_trial_006
19702,202611,0,0.13904045910733,0,202611,final_validation_catboost_trial_006
19706,202611,0,0.164385244023804,0,202611,final_validation_catboost_trial_006
19707,202611,0,0.334968719455742,0,202611,final_validation_catboost_trial_006
19708,202611,0,0.135662975545497,0,202611,final_validation_catboost_trial_006
19709,202611,0,0.153406429571204,0,202611,final_validation_catboost_trial_006
19710,202611,0,0.111720938325152,0,202611,final_validation_catboost_trial_006
19711,202611,0,0.147013875056068,0,202611,final_validation_catboost_trial_006
19713,202611,0,0.0783355288704242,0,202611,final_validation_catboost_trial_006
19714,202611,0,0.132588920515113,0,202611,final_validation_catboost_trial_006
19716,202611,0,0.161564862266591,0,202611,final_validation_catboost_trial_006
19718,202611,0,0.121119779355464,0,202611,final_validation_catboost_trial_006
19719,202611,0,0.164389118896517,0,202611,final_validation_catboost_trial_006
19720,202611,0,0.109054729915207,0,202611,final_validation_catboost_trial_006
19722,202611,1,0.153066846693118,0,202611,final_validation_catboost_trial_006
19724,202611,0,0.0560769469718301,0,202611,final_validation_catboost_trial_006
19726,202611,0,0.23721417862782,0,202611,final_validation_catboost_trial_006
19727,202611,0,0.144563575097011,0,202611,final_validation_catboost_trial_006
19728,202611,0,0.0564253028032679,0,202611,final_validation_catboost_trial_006
19729,202611,0,0.163753552506361,0,202611,final_validation_catboost_trial_006
19731,202611,0,0.202764664889468,0,202611,final_validation_catboost_trial_006
19733,202611,0,0.148421548156982,0,202611,final_validation_catboost_trial_006
19735,202611,0,0.11555381364242,0,202611,final_validation_catboost_trial_006
19736,202611,0,0.154312107824903,0,202611,final_validation_catboost_trial_006
19740,202611,1,0.147749380554636,0,202611,final_validation_catboost_trial_006
19743,202611,0,0.141432127432832,0,202611,final_validation_catboost_trial_006
19744,202611,0,0.140039168304378,0,202611,final_validation_catboost_trial_006
19746,202611,0,0.123377722599245,0,202611,final_validation_catboost_trial_006
19748,202611,0,0.141788523135322,0,202611,final_validation_catboost_trial_006
19750,202611,0,0.138444006119747,0,202611,final_validation_catboost_trial_006
19751,202611,0,0.208297879773375,0,202611,final_validation_catboost_trial_006
19753,202611,0,0.122122888049591,0,202611,final_validation_catboost_trial_006
19754,202611,0,0.147250641533599,0,202611,final_validation_catboost_trial_006
19758,202611,0,0.100619060752661,0,202611,final_validation_catboost_trial_006
19760,202611,0,0.16555418746827,0,202611,final_validation_catboost_trial_006
19766,202611,0,0.0596980947344442,0,202611,final_validation_catboost_trial_006
19769,202611,0,0.0508746197857487,0,202611,final_validation_catboost_trial_006
19770,202611,0,0.158786280158131,0,202611,final_validation_catboost_trial_006
19771,202611,1,0.250096286815458,0,202611,final_validation_catboost_trial_006
19775,202611,0,0.151660877514573,0,202611,final_validation_catboost_trial_006
19778,202611,0,0.113357551205063,0,202611,final_validation_catboost_trial_006
19779,202611,0,0.054229302154297,0,202611,final_validation_catboost_trial_006
19781,202611,0,0.129637082842218,0,202611,final_validation_catboost_trial_006
19782,202611,0,0.353146041271148,0,202611,final_validation_catboost_trial_006
19783,202611,0,0.116451817352664,0,202611,final_validation_catboost_trial_006
19784,202611,0,0.0559649578923202,0,202611,final_validation_catboost_trial_006
19785,202611,0,0.263025936196302,0,202611,final_validation_catboost_trial_006
19786,202611,1,0.125203587499661,0,202611,final_validation_catboost_trial_006
19788,202611,0,0.238857337768527,0,202611,final_validation_catboost_trial_006
19790,202611,0,0.136002079218497,0,202611,final_validation_catboost_trial_006
19791,202611,0,0.0608697652759025,0,202611,final_validation_catboost_trial_006
19792,202611,0,0.0526217315521591,0,202611,final_validation_catboost_trial_006
19793,202611,0,0.128137748179691,0,202611,final_validation_catboost_trial_006
19794,202611,1,0.156688051641833,0,202611,final_validation_catboost_trial_006
19795,202611,0,0.129889920116073,0,202611,final_validation_catboost_trial_006
19797,202611,0,0.253871556090933,0,202611,final_validation_catboost_trial_006
19798,202611,1,0.14298156031714,0,202611,final_validation_catboost_trial_006
19802,202611,0,0.075176172123883,0,202611,final_validation_catboost_trial_006
19803,202611,0,0.16543843835653,0,202611,final_validation_catboost_trial_006
19804,202611,1,0.149641065297672,0,202611,final_validation_catboost_trial_006
19805,202611,0,0.148873831321561,0,202611,final_validation_catboost_trial_006
19806,202611,0,0.15792594659958,0,202611,final_validation_catboost_trial_006
19810,202611,0,0.155429089657852,0,202611,final_validation_catboost_trial_006
19811,202611,1,0.148673007671817,0,202611,final_validation_catboost_trial_006
19813,202611,0,0.0490816021529429,0,202611,final_validation_catboost_trial_006
19818,202611,0,0.10118464528337,0,202611,final_validation_catboost_trial_006
19819,202611,0,0.160497043117711,0,202611,final_validation_catboost_trial_006
19820,202611,0,0.155282649634008,0,202611,final_validation_catboost_trial_006
19824,202611,0,0.196414360119878,0,202611,final_validation_catboost_trial_006
19828,202611,0,0.110074527145302,0,202611,final_validation_catboost_trial_006
19830,202611,0,0.13959740571674,0,202611,final_validation_catboost_trial_006
19831,202611,0,0.24163761570996,0,202611,final_validation_catboost_trial_006
19832,202611,0,0.0497792878013368,0,202611,final_validation_catboost_trial_006
19833,202611,0,0.176606035842849,0,202611,final_validation_catboost_trial_006
19834,202611,0,0.153323394971604,0,202611,final_validation_catboost_trial_006
19835,202611,0,0.132337639405534,0,202611,final_validation_catboost_trial_006
19836,202611,0,0.14201770732533,0,202611,final_validation_catboost_trial_006
19838,202611,0,0.142398519386268,0,202611,final_validation_catboost_trial_006
19839,202611,0,0.145434011315897,0,202611,final_validation_catboost_trial_006
19841,202611,0,0.141939839255877,0,202611,final_validation_catboost_trial_006
19843,202611,0,0.116060735628819,0,202611,final_validation_catboost_trial_006
19844,202611,0,0.126291483861517,0,202611,final_validation_catboost_trial_006
19845,202611,0,0.141299114273509,0,202611,final_validation_catboost_trial_006
19846,202611,1,0.159194803515247,0,202611,final_validation_catboost_trial_006
19847,202611,0,0.244233353640828,0,202611,final_validation_catboost_trial_006
19848,202611,0,0.158435066546962,0,202611,final_validation_catboost_trial_006
19851,202611,0,0.21279180304982,0,202611,final_validation_catboost_trial_006
19853,202611,0,0.154805670085046,0,202611,final_validation_catboost_trial_006
19855,202611,0,0.132036388128012,0,202611,final_validation_catboost_trial_006
19857,202611,0,0.147071685632151,0,202611,final_validation_catboost_trial_006
19858,202611,0,0.141677385700179,0,202611,final_validation_catboost_trial_006
19861,202611,0,0.0675092056436118,0,202611,final_validation_catboost_trial_006
19867,202611,0,0.14093862474482,0,202611,final_validation_catboost_trial_006
19868,202611,0,0.158159265470935,0,202611,final_validation_catboost_trial_006
19871,202611,0,0.124821255781583,0,202611,final_validation_catboost_trial_006
19872,202611,1,0.201866857457825,0,202611,final_validation_catboost_trial_006
19874,202611,1,0.195984685414702,0,202611,final_validation_catboost_trial_006
19875,202611,0,0.151670881202268,0,202611,final_validation_catboost_trial_006
19876,202611,1,0.151254438672968,0,202611,final_validation_catboost_trial_006
19878,202611,0,0.148093230074159,0,202611,final_validation_catboost_trial_006
19879,202611,0,0.0651387083066044,0,202611,final_validation_catboost_trial_006
19881,202611,0,0.187013320945606,0,202611,final_validation_catboost_trial_006
19882,202611,0,0.121681283518136,0,202611,final_validation_catboost_trial_006
19883,202611,0,0.11695593258179,0,202611,final_validation_catboost_trial_006
19884,202611,0,0.252474273728806,0,202611,final_validation_catboost_trial_006
19887,202611,0,0.347110765414738,0,202611,final_validation_catboost_trial_006
19889,202611,0,0.136957466615583,0,202611,final_validation_catboost_trial_006
19890,202611,0,0.137730865737441,0,202611,final_validation_catboost_trial_006
19891,202611,1,0.120009456102806,0,202611,final_validation_catboost_trial_006
19893,202611,0,0.204699279245843,0,202611,final_validation_catboost_trial_006
19894,202611,0,0.255771140968188,0,202611,final_validation_catboost_trial_006
19896,202611,0,0.13670500676686,0,202611,final_validation_catboost_trial_006
19898,202611,0,0.319706875883703,0,202611,final_validation_catboost_trial_006
19900,202611,0,0.264451670238817,0,202611,final_validation_catboost_trial_006
19901,202611,0,0.142895252332898,0,202611,final_validation_catboost_trial_006
19904,202611,0,0.161952406044401,0,202611,final_validation_catboost_trial_006
19906,202611,0,0.355520134105901,0,202611,final_validation_catboost_trial_006
19913,202611,1,0.117589095974886,0,202611,final_validation_catboost_trial_006
19914,202611,0,0.0424136022185533,0,202611,final_validation_catboost_trial_006
19916,202611,0,0.0658960292140973,0,202611,final_validation_catboost_trial_006
19920,202611,0,0.239375681952795,0,202611,final_validation_catboost_trial_006
19921,202611,0,0.0661999620899901,0,202611,final_validation_catboost_trial_006
19922,202611,0,0.134039006462661,0,202611,final_validation_catboost_trial_006
19924,202611,0,0.241159429999577,0,202611,final_validation_catboost_trial_006
19925,202611,0,0.144998786880304,0,202611,final_validation_catboost_trial_006
19926,202611,0,0.17914474990274,0,202611,final_validation_catboost_trial_006
19932,202611,1,0.165165774404357,0,202611,final_validation_catboost_trial_006
19935,202611,0,0.0582704400298001,0,202611,final_validation_catboost_trial_006
19936,202611,1,0.168963743280676,0,202611,final_validation_catboost_trial_006
19937,202611,0,0.111770668418305,0,202611,final_validation_catboost_trial_006
19938,202611,0,0.120336858696793,0,202611,final_validation_catboost_trial_006
19939,202611,1,0.151560559216997,0,202611,final_validation_catboost_trial_006
19940,202611,1,0.133514794809959,0,202611,final_validation_catboost_trial_006
19941,202611,0,0.146432184854525,0,202611,final_validation_catboost_trial_006
19943,202611,0,0.11724608397672,0,202611,final_validation_catboost_trial_006
19946,202611,0,0.143201885370528,0,202611,final_validation_catboost_trial_006
19949,202611,0,0.0656406217471562,0,202611,final_validation_catboost_trial_006
19953,202611,0,0.141439718910958,0,202611,final_validation_catboost_trial_006
19955,202611,0,0.135365506508705,0,202611,final_validation_catboost_trial_006
19957,202611,0,0.163051834785093,0,202611,final_validation_catboost_trial_006
19958,202611,0,0.123513736391377,0,202611,final_validation_catboost_trial_006
19959,202611,0,0.168056974661101,0,202611,final_validation_catboost_trial_006
19960,202611,0,0.147361223158398,0,202611,final_validation_catboost_trial_006
19963,202611,0,0.123187264319091,0,202611,final_validation_catboost_trial_006
19964,202611,0,0.316320314171812,0,202611,final_validation_catboost_trial_006
19965,202611,0,0.172440275919775,0,202611,final_validation_catboost_trial_006
19966,202611,0,0.155368329011269,0,202611,final_validation_catboost_trial_006
19967,202611,0,0.126805430969882,0,202611,final_validation_catboost_trial_006
19968,202611,0,0.15792486265485,0,202611,final_validation_catboost_trial_006
19969,202611,0,0.049494729849495,0,202611,final_validation_catboost_trial_006
19970,202611,0,0.0560891048094193,0,202611,final_validation_catboost_trial_006
19972,202611,0,0.112367054784994,0,202611,final_validation_catboost_trial_006
19973,202611,0,0.135392643093005,0,202611,final_validation_catboost_trial_006
19974,202611,0,0.111266027407488,0,202611,final_validation_catboost_trial_006
19975,202611,0,0.140631157026163,0,202611,final_validation_catboost_trial_006
19977,202611,0,0.27545853187206,0,202611,final_validation_catboost_trial_006
19981,202611,1,0.324627489955225,0,202611,final_validation_catboost_trial_006
19982,202611,1,0.145024707211151,0,202611,final_validation_catboost_trial_006
19983,202611,0,0.0615589773269365,0,202611,final_validation_catboost_trial_006
19984,202611,0,0.0756635898409114,0,202611,final_validation_catboost_trial_006
19986,202611,0,0.257200893104012,0,202611,final_validation_catboost_trial_006
19987,202611,0,0.150491944486564,0,202611,final_validation_catboost_trial_006
19988,202611,0,0.143103355402909,0,202611,final_validation_catboost_trial_006
19989,202611,0,0.105023499496249,0,202611,final_validation_catboost_trial_006
19993,202611,0,0.11026913881844,0,202611,final_validation_catboost_trial_006
19994,202611,1,0.146282874881103,0,202611,final_validation_catboost_trial_006
19995,202611,0,0.110538268316329,0,202611,final_validation_catboost_trial_006
19996,202611,0,0.147682328568027,0,202611,final_validation_catboost_trial_006
20000,202611,1,0.0712755210998464,0,202611,final_validation_catboost_trial_006
20001,202611,0,0.156551363303843,0,202611,final_validation_catboost_trial_006
20003,202611,0,0.124580885787652,0,202611,final_validation_catboost_trial_006
20004,202611,0,0.169501275734197,0,202611,final_validation_catboost_trial_006
20006,202611,1,0.12661627805359,0,202611,final_validation_catboost_trial_006
20010,202611,1,0.197344299827224,0,202611,final_validation_catboost_trial_006
20011,202611,0,0.24547175073263,0,202611,final_validation_catboost_trial_006
20016,202611,0,0.200127199285277,0,202611,final_validation_catboost_trial_006
20019,202611,0,0.141939223429678,0,202611,final_validation_catboost_trial_006
20020,202611,0,0.118608313947303,0,202611,final_validation_catboost_trial_006
20023,202611,1,0.126277159717463,0,202611,final_validation_catboost_trial_006
20024,202611,0,0.148699001449789,0,202611,final_validation_catboost_trial_006
20025,202611,0,0.252520157272536,0,202611,final_validation_catboost_trial_006
20027,202611,0,0.147482490402029,0,202611,final_validation_catboost_trial_006
20030,202611,0,0.159730630012073,0,202611,final_validation_catboost_trial_006
20031,202611,0,0.0578414909209817,0,202611,final_validation_catboost_trial_006
20032,202611,0,0.128106211460699,0,202611,final_validation_catboost_trial_006
20034,202611,0,0.157104555899207,0,202611,final_validation_catboost_trial_006
20035,202611,0,0.146969479424105,0,202611,final_validation_catboost_trial_006
20037,202611,0,0.0774319318818989,0,202611,final_validation_catboost_trial_006
20039,202611,0,0.151810995410943,0,202611,final_validation_catboost_trial_006
20040,202611,0,0.135662490046185,0,202611,final_validation_catboost_trial_006
20041,202611,0,0.146136293417847,0,202611,final_validation_catboost_trial_006
20042,202611,0,0.169192711931265,0,202611,final_validation_catboost_trial_006
20043,202611,0,0.161044360408222,0,202611,final_validation_catboost_trial_006
20045,202611,0,0.122470564561644,0,202611,final_validation_catboost_trial_006
20047,202611,0,0.153611482337145,0,202611,final_validation_catboost_trial_006
20048,202611,0,0.266437390608009,0,202611,final_validation_catboost_trial_006
20049,202611,0,0.125012161723959,0,202611,final_validation_catboost_trial_006
20051,202611,0,0.266713244609828,0,202611,final_validation_catboost_trial_006
20053,202611,0,0.141544452171967,0,202611,final_validation_catboost_trial_006
20055,202611,0,0.153898297269192,0,202611,final_validation_catboost_trial_006
20057,202611,0,0.23011443902255,0,202611,final_validation_catboost_trial_006
20058,202611,0,0.154506531037582,0,202611,final_validation_catboost_trial_006
20061,202611,0,0.13666798115327,0,202611,final_validation_catboost_trial_006
20063,202611,1,0.149512047464413,0,202611,final_validation_catboost_trial_006
20065,202611,0,0.14814130682533,0,202611,final_validation_catboost_trial_006
20066,202611,0,0.128848245285952,0,202611,final_validation_catboost_trial_006
20067,202611,0,0.143476066543409,0,202611,final_validation_catboost_trial_006
20068,202611,0,0.0565465395272749,0,202611,final_validation_catboost_trial_006
20069,202611,1,0.242127432223172,0,202611,final_validation_catboost_trial_006
20070,202611,0,0.182004019957157,0,202611,final_validation_catboost_trial_006
20072,202611,0,0.127241652731752,0,202611,final_validation_catboost_trial_006
20073,202611,0,0.184619622897668,0,202611,final_validation_catboost_trial_006
20075,202611,0,0.163751811470529,0,202611,final_validation_catboost_trial_006
20077,202611,0,0.212151130534445,0,202611,final_validation_catboost_trial_006
20078,202611,0,0.141299648896982,0,202611,final_validation_catboost_trial_006
20079,202611,0,0.161908129218086,0,202611,final_validation_catboost_trial_006
20083,202611,0,0.125348691585178,0,202611,final_validation_catboost_trial_006
20084,202611,0,0.0857793955625479,0,202611,final_validation_catboost_trial_006
20085,202611,0,0.143888524693914,0,202611,final_validation_catboost_trial_006
20086,202611,0,0.0716239348526781,0,202611,final_validation_catboost_trial_006
20088,202611,0,0.122593737694016,0,202611,final_validation_catboost_trial_006
20089,202611,0,0.154746558340258,0,202611,final_validation_catboost_trial_006
20090,202611,0,0.0619208017353991,0,202611,final_validation_catboost_trial_006
20091,202611,0,0.304128011975131,0,202611,final_validation_catboost_trial_006
20094,202611,0,0.179076302715169,0,202611,final_validation_catboost_trial_006
20096,202611,0,0.143141508301824,0,202611,final_validation_catboost_trial_006
20098,202611,0,0.124005943820848,0,202611,final_validation_catboost_trial_006
20100,202611,0,0.132295645475198,0,202611,final_validation_catboost_trial_006
20102,202611,0,0.200335283101519,0,202611,final_validation_catboost_trial_006
20103,202611,0,0.165013145933106,0,202611,final_validation_catboost_trial_006
20104,202611,0,0.173788816303275,0,202611,final_validation_catboost_trial_006
20106,202611,0,0.130934268278194,0,202611,final_validation_catboost_trial_006
20107,202611,1,0.270191371568989,0,202611,final_validation_catboost_trial_006
20108,202611,0,0.420933505012404,0,202611,final_validation_catboost_trial_006
20110,202611,0,0.1300073740629,0,202611,final_validation_catboost_trial_006
20115,202611,1,0.0607347146339424,0,202611,final_validation_catboost_trial_006
20117,202611,0,0.161313767139986,0,202611,final_validation_catboost_trial_006
20118,202611,0,0.326092729204842,0,202611,final_validation_catboost_trial_006
20119,202611,0,0.122499236664446,0,202611,final_validation_catboost_trial_006
20120,202611,0,0.270547949707562,0,202611,final_validation_catboost_trial_006
20121,202611,1,0.0532720491843454,0,202611,final_validation_catboost_trial_006
20124,202611,1,0.171319292112146,0,202611,final_validation_catboost_trial_006
20126,202611,0,0.111836183442912,0,202611,final_validation_catboost_trial_006
20127,202611,0,0.131987868021272,0,202611,final_validation_catboost_trial_006
20129,202611,1,0.118176912444729,0,202611,final_validation_catboost_trial_006
20133,202611,0,0.118444723957988,0,202611,final_validation_catboost_trial_006
20138,202611,0,0.12567399910266,0,202611,final_validation_catboost_trial_006
20141,202611,0,0.134995850912395,0,202611,final_validation_catboost_trial_006
20145,202611,0,0.148936772439099,0,202611,final_validation_catboost_trial_006
20146,202611,0,0.0677366449226671,0,202611,final_validation_catboost_trial_006
20148,202611,0,0.148150507738197,0,202611,final_validation_catboost_trial_006
20150,202611,0,0.151379873555305,0,202611,final_validation_catboost_trial_006
20151,202611,0,0.139272892822744,0,202611,final_validation_catboost_trial_006
20152,202611,0,0.177417977361275,0,202611,final_validation_catboost_trial_006
20156,202611,0,0.12302946480368,0,202611,final_validation_catboost_trial_006
20158,202611,0,0.14012448560286,0,202611,final_validation_catboost_trial_006
20160,202611,0,0.147283132555538,0,202611,final_validation_catboost_trial_006
20161,202611,0,0.0679457363615634,0,202611,final_validation_catboost_trial_006
20162,202611,0,0.127436126037187,0,202611,final_validation_catboost_trial_006
20164,202611,0,0.177987615550797,0,202611,final_validation_catboost_trial_006
20165,202611,1,0.258441308666181,0,202611,final_validation_catboost_trial_006
20167,202611,0,0.117290530244921,0,202611,final_validation_catboost_trial_006
20169,202611,0,0.146813648847775,0,202611,final_validation_catboost_trial_006
20170,202611,0,0.145399082604451,0,202611,final_validation_catboost_trial_006
20171,202611,0,0.136925484623112,0,202611,final_validation_catboost_trial_006
20172,202611,0,0.0622412330810506,0,202611,final_validation_catboost_trial_006
20174,202611,0,0.113597583191368,0,202611,final_validation_catboost_trial_006
20175,202611,0,0.15122466180863,0,202611,final_validation_catboost_trial_006
20177,202611,1,0.134987211534041,0,202611,final_validation_catboost_trial_006
20178,202611,0,0.146960316561965,0,202611,final_validation_catboost_trial_006
20181,202611,0,0.145492671103928,0,202611,final_validation_catboost_trial_006
20184,202611,0,0.0672859017635103,0,202611,final_validation_catboost_trial_006
20186,202611,1,0.211641528080691,0,202611,final_validation_catboost_trial_006
20187,202611,0,0.250443861916104,0,202611,final_validation_catboost_trial_006
20189,202611,0,0.137345495590105,0,202611,final_validation_catboost_trial_006
20190,202611,0,0.149318697583901,0,202611,final_validation_catboost_trial_006
20191,202611,0,0.134978494699221,0,202611,final_validation_catboost_trial_006
20192,202611,0,0.148123421490098,0,202611,final_validation_catboost_trial_006
20193,202611,0,0.147207944186334,0,202611,final_validation_catboost_trial_006
20197,202611,0,0.243748774601027,0,202611,final_validation_catboost_trial_006
20198,202611,0,0.118868134506979,0,202611,final_validation_catboost_trial_006
20199,202611,0,0.127571555367202,0,202611,final_validation_catboost_trial_006
20201,202611,0,0.150019880318284,0,202611,final_validation_catboost_trial_006
20202,202611,0,0.118103807628276,0,202611,final_validation_catboost_trial_006
20203,202611,0,0.153105697601364,0,202611,final_validation_catboost_trial_006
20204,202611,0,0.123758978592182,0,202611,final_validation_catboost_trial_006
20205,202611,0,0.132895298986966,0,202611,final_validation_catboost_trial_006
20208,202611,0,0.065367729388167,0,202611,final_validation_catboost_trial_006
20210,202611,0,0.131743849604421,0,202611,final_validation_catboost_trial_006
20211,202611,0,0.130602255933864,0,202611,final_validation_catboost_trial_006
20212,202611,0,0.13615182850317,0,202611,final_validation_catboost_trial_006
20213,202611,0,0.147331958613076,0,202611,final_validation_catboost_trial_006
20214,202611,0,0.160765468019865,0,202611,final_validation_catboost_trial_006
20217,202611,0,0.116911302845789,0,202611,final_validation_catboost_trial_006
20218,202611,0,0.142484742376673,0,202611,final_validation_catboost_trial_006
20220,202611,0,0.146456131601483,0,202611,final_validation_catboost_trial_006
20221,202611,0,0.113966093459868,0,202611,final_validation_catboost_trial_006
20224,202611,1,0.332359624890616,0,202611,final_validation_catboost_trial_006
20225,202611,0,0.139954235166128,0,202611,final_validation_catboost_trial_006
20226,202611,0,0.150067926853894,0,202611,final_validation_catboost_trial_006
20229,202611,0,0.137088670255412,0,202611,final_validation_catboost_trial_006
20234,202611,0,0.171269158642972,0,202611,final_validation_catboost_trial_006
20238,202611,0,0.133569649799728,0,202611,final_validation_catboost_trial_006
20239,202611,1,0.219251390096071,0,202611,final_validation_catboost_trial_006
20241,202611,0,0.0791147693524298,0,202611,final_validation_catboost_trial_006
20242,202611,0,0.152719517605023,0,202611,final_validation_catboost_trial_006
20243,202611,0,0.161395745215881,0,202611,final_validation_catboost_trial_006
20245,202611,0,0.154214591344941,0,202611,final_validation_catboost_trial_006
20248,202611,0,0.152289975430679,0,202611,final_validation_catboost_trial_006
20250,202611,0,0.165628883396812,0,202611,final_validation_catboost_trial_006
20251,202611,0,0.225839929714472,0,202611,final_validation_catboost_trial_006
20252,202611,0,0.132695438287399,0,202611,final_validation_catboost_trial_006
20253,202611,1,0.0619623129345159,0,202611,final_validation_catboost_trial_006
20254,202611,1,0.187584823287175,0,202611,final_validation_catboost_trial_006
20255,202611,0,0.0645651676447227,0,202611,final_validation_catboost_trial_006
20256,202611,0,0.148684008695763,0,202611,final_validation_catboost_trial_006
20257,202611,1,0.242240076197138,0,202611,final_validation_catboost_trial_006
20259,202611,0,0.0527844200123763,0,202611,final_validation_catboost_trial_006
20260,202611,0,0.0608829028989475,0,202611,final_validation_catboost_trial_006
20261,202611,0,0.115034497020592,0,202611,final_validation_catboost_trial_006
20262,202611,0,0.133437307999812,0,202611,final_validation_catboost_trial_006
20263,202611,0,0.114533223261552,0,202611,final_validation_catboost_trial_006
20264,202611,1,0.14032042063807,0,202611,final_validation_catboost_trial_006
20265,202611,0,0.0397272885875241,0,202611,final_validation_catboost_trial_006
20266,202611,0,0.241682540092475,0,202611,final_validation_catboost_trial_006
20269,202611,0,0.0571044337574007,0,202611,final_validation_catboost_trial_006
20270,202611,0,0.143779663090833,0,202611,final_validation_catboost_trial_006
20274,202611,0,0.106683667303342,0,202611,final_validation_catboost_trial_006
20276,202611,0,0.207160947126459,0,202611,final_validation_catboost_trial_006
20277,202611,0,0.249113453136519,0,202611,final_validation_catboost_trial_006
20278,202611,0,0.118811763868916,0,202611,final_validation_catboost_trial_006
20282,202611,0,0.135730228832396,0,202611,final_validation_catboost_trial_006
20283,202611,1,0.140683450469423,0,202611,final_validation_catboost_trial_006
20285,202611,0,0.123976335522636,0,202611,final_validation_catboost_trial_006
20286,202611,0,0.185036050941074,0,202611,final_validation_catboost_trial_006
20287,202611,0,0.0682739650939714,0,202611,final_validation_catboost_trial_006
20288,202611,0,0.248691251608746,0,202611,final_validation_catboost_trial_006
20291,202611,0,0.208401797318994,0,202611,final_validation_catboost_trial_006
20292,202611,0,0.0683856604991885,0,202611,final_validation_catboost_trial_006
20293,202611,0,0.159626035758161,0,202611,final_validation_catboost_trial_006
20294,202611,1,0.140444351767076,0,202611,final_validation_catboost_trial_006
20295,202611,1,0.304088513674652,0,202611,final_validation_catboost_trial_006
20296,202611,0,0.151361059314551,0,202611,final_validation_catboost_trial_006
20300,202611,0,0.130912675805133,0,202611,final_validation_catboost_trial_006
20302,202611,0,0.130821225464405,0,202611,final_validation_catboost_trial_006
20303,202611,0,0.141027382855782,0,202611,final_validation_catboost_trial_006
20305,202611,0,0.185922069073768,0,202611,final_validation_catboost_trial_006
20306,202611,0,0.159720179402729,0,202611,final_validation_catboost_trial_006
20309,202611,0,0.117084190646211,0,202611,final_validation_catboost_trial_006
20313,202611,1,0.11041967133406,0,202611,final_validation_catboost_trial_006
20314,202611,0,0.229956839056746,0,202611,final_validation_catboost_trial_006
20315,202611,0,0.127152873445198,0,202611,final_validation_catboost_trial_006
20316,202611,0,0.143891806104816,0,202611,final_validation_catboost_trial_006
20317,202611,0,0.125926175677517,0,202611,final_validation_catboost_trial_006
20318,202611,0,0.150744148448038,0,202611,final_validation_catboost_trial_006
20319,202611,0,0.113918304473861,0,202611,final_validation_catboost_trial_006
20320,202611,0,0.177551237343221,0,202611,final_validation_catboost_trial_006
20322,202611,1,0.131589220497108,0,202611,final_validation_catboost_trial_006
20323,202611,0,0.154122641242899,0,202611,final_validation_catboost_trial_006
20324,202611,0,0.0662474655574961,0,202611,final_validation_catboost_trial_006
20325,202611,0,0.0627306991146523,0,202611,final_validation_catboost_trial_006
20326,202611,0,0.0657563855234622,0,202611,final_validation_catboost_trial_006
20327,202611,0,0.116108377828566,0,202611,final_validation_catboost_trial_006
20330,202611,0,0.112797499846993,0,202611,final_validation_catboost_trial_006
20331,202611,0,0.159154053691271,0,202611,final_validation_catboost_trial_006
20338,202611,1,0.336956221920243,0,202611,final_validation_catboost_trial_006
20342,202611,0,0.159705196844093,0,202611,final_validation_catboost_trial_006
20343,202611,0,0.12773377413369,0,202611,final_validation_catboost_trial_006
20345,202611,0,0.174825602547887,0,202611,final_validation_catboost_trial_006
20346,202611,1,0.151527638602612,0,202611,final_validation_catboost_trial_006
20347,202611,0,0.0725169874801241,0,202611,final_validation_catboost_trial_006
20348,202611,0,0.134625207482976,0,202611,final_validation_catboost_trial_006
20349,202611,1,0.146328085999927,0,202611,final_validation_catboost_trial_006
20352,202611,0,0.1018287528116,0,202611,final_validation_catboost_trial_006
20354,202611,0,0.0590640936727103,0,202611,final_validation_catboost_trial_006
20355,202611,0,0.117804768506145,0,202611,final_validation_catboost_trial_006
20356,202611,0,0.241242481342308,0,202611,final_validation_catboost_trial_006
20357,202611,0,0.161044445288471,0,202611,final_validation_catboost_trial_006
20359,202611,0,0.120617828870358,0,202611,final_validation_catboost_trial_006
20360,202611,1,0.0845924790290946,0,202611,final_validation_catboost_trial_006
20361,202611,0,0.1597240222049,0,202611,final_validation_catboost_trial_006
20363,202611,0,0.0630256259747709,0,202611,final_validation_catboost_trial_006
20365,202611,0,0.154254187840381,0,202611,final_validation_catboost_trial_006
20367,202611,0,0.312193780610062,0,202611,final_validation_catboost_trial_006
20369,202611,1,0.337116559378612,0,202611,final_validation_catboost_trial_006
20370,202611,0,0.0655351143044635,0,202611,final_validation_catboost_trial_006
20372,202611,0,0.113774532741627,0,202611,final_validation_catboost_trial_006
20373,202611,0,0.143053452007011,0,202611,final_validation_catboost_trial_006
20375,202611,0,0.33797301963494,0,202611,final_validation_catboost_trial_006
20376,202611,0,0.131033798399944,0,202611,final_validation_catboost_trial_006
20377,202611,1,0.146478484182504,0,202611,final_validation_catboost_trial_006
20379,202611,0,0.068277201330228,0,202611,final_validation_catboost_trial_006
20380,202611,0,0.147499946611272,0,202611,final_validation_catboost_trial_006
20382,202611,1,0.0606321284193404,0,202611,final_validation_catboost_trial_006
20383,202611,0,0.129098805123127,0,202611,final_validation_catboost_trial_006
20384,202611,0,0.162730787435472,0,202611,final_validation_catboost_trial_006
20385,202611,0,0.113880989704905,0,202611,final_validation_catboost_trial_006
20386,202611,0,0.119105683199931,0,202611,final_validation_catboost_trial_006
20387,202611,0,0.160402682604272,0,202611,final_validation_catboost_trial_006
20389,202611,0,0.1380100296714,0,202611,final_validation_catboost_trial_006
20391,202611,0,0.164994840089018,0,202611,final_validation_catboost_trial_006
20392,202611,0,0.083943611753524,0,202611,final_validation_catboost_trial_006
20395,202611,0,0.145292291861081,0,202611,final_validation_catboost_trial_006
20396,202611,0,0.236067876022196,0,202611,final_validation_catboost_trial_006
20397,202611,1,0.234040654426759,0,202611,final_validation_catboost_trial_006
20398,202611,0,0.30569316213792,0,202611,final_validation_catboost_trial_006
20401,202611,0,0.130570808472007,0,202611,final_validation_catboost_trial_006
20403,202611,0,0.139360017743207,0,202611,final_validation_catboost_trial_006
20404,202611,0,0.122169738656353,0,202611,final_validation_catboost_trial_006
20406,202611,0,0.257397136180342,0,202611,final_validation_catboost_trial_006
20407,202611,0,0.14749742895657,0,202611,final_validation_catboost_trial_006
20409,202611,0,0.148575694930788,0,202611,final_validation_catboost_trial_006
20411,202611,0,0.125498156268986,0,202611,final_validation_catboost_trial_006
20412,202611,0,0.161046574645637,0,202611,final_validation_catboost_trial_006
20415,202611,1,0.113376723150799,0,202611,final_validation_catboost_trial_006
20418,202611,0,0.126531440588965,0,202611,final_validation_catboost_trial_006
20419,202611,0,0.136311141622942,0,202611,final_validation_catboost_trial_006
20420,202611,0,0.0542413680960623,0,202611,final_validation_catboost_trial_006
20423,202611,0,0.135243587288732,0,202611,final_validation_catboost_trial_006
20425,202611,1,0.135964442900381,0,202611,final_validation_catboost_trial_006
20428,202611,1,0.230848692595062,0,202611,final_validation_catboost_trial_006
20429,202611,1,0.116427592824095,0,202611,final_validation_catboost_trial_006
20430,202611,0,0.170358043319446,0,202611,final_validation_catboost_trial_006
20432,202611,0,0.121795204054065,0,202611,final_validation_catboost_trial_006
20433,202611,0,0.340384089147239,0,202611,final_validation_catboost_trial_006
20434,202611,0,0.272803604587614,0,202611,final_validation_catboost_trial_006
20436,202611,1,0.120181393449001,0,202611,final_validation_catboost_trial_006
20437,202611,0,0.126953646971355,0,202611,final_validation_catboost_trial_006
20438,202611,0,0.162121678130317,0,202611,final_validation_catboost_trial_006
20439,202611,0,0.12296989225065,0,202611,final_validation_catboost_trial_006
20440,202611,0,0.125321829153533,0,202611,final_validation_catboost_trial_006
20442,202611,0,0.137355049652053,0,202611,final_validation_catboost_trial_006
20444,202611,0,0.244059745774545,0,202611,final_validation_catboost_trial_006
20446,202611,0,0.119296568879508,0,202611,final_validation_catboost_trial_006
20449,202611,0,0.160970804138269,0,202611,final_validation_catboost_trial_006
20450,202611,1,0.32100759282842,0,202611,final_validation_catboost_trial_006
20452,202611,0,0.108014864918868,0,202611,final_validation_catboost_trial_006
20454,202611,0,0.129691320416166,0,202611,final_validation_catboost_trial_006
20455,202611,0,0.145849642966397,0,202611,final_validation_catboost_trial_006
20456,202611,0,0.136383113719361,0,202611,final_validation_catboost_trial_006
20458,202611,0,0.147501484395126,0,202611,final_validation_catboost_trial_006
20461,202611,1,0.16314952570143,0,202611,final_validation_catboost_trial_006
20462,202611,0,0.149240177280091,0,202611,final_validation_catboost_trial_006
20464,202611,0,0.15418901869154,0,202611,final_validation_catboost_trial_006
20465,202611,0,0.121237878881296,0,202611,final_validation_catboost_trial_006
20466,202611,1,0.128967281711794,0,202611,final_validation_catboost_trial_006
20467,202611,0,0.146922000830092,0,202611,final_validation_catboost_trial_006
20468,202611,0,0.0556902252178745,0,202611,final_validation_catboost_trial_006
20472,202611,0,0.183464625911495,0,202611,final_validation_catboost_trial_006
20473,202611,0,0.0628782349100814,0,202611,final_validation_catboost_trial_006
20475,202611,0,0.134899760687714,0,202611,final_validation_catboost_trial_006
20477,202611,0,0.14243348940547,0,202611,final_validation_catboost_trial_006
20482,202611,0,0.12897735445465,0,202611,final_validation_catboost_trial_006
20483,202611,0,0.237650004871139,0,202611,final_validation_catboost_trial_006
20485,202611,1,0.147406506467162,0,202611,final_validation_catboost_trial_006
20486,202611,0,0.218091231054237,0,202611,final_validation_catboost_trial_006
20487,202611,0,0.158315216837006,0,202611,final_validation_catboost_trial_006
20489,202611,1,0.199942708147264,0,202611,final_validation_catboost_trial_006
20490,202611,0,0.134786228659731,0,202611,final_validation_catboost_trial_006
20491,202611,0,0.122689506866207,0,202611,final_validation_catboost_trial_006
20494,202611,0,0.0705491682755674,0,202611,final_validation_catboost_trial_006
20495,202611,0,0.146585294886472,0,202611,final_validation_catboost_trial_006
20496,202611,0,0.112439659418293,0,202611,final_validation_catboost_trial_006
20497,202611,0,0.125541378774851,0,202611,final_validation_catboost_trial_006
20498,202611,0,0.221115677834883,0,202611,final_validation_catboost_trial_006
20499,202611,0,0.144232256219004,0,202611,final_validation_catboost_trial_006
20502,202611,1,0.159455938360895,0,202611,final_validation_catboost_trial_006
20507,202611,0,0.103415429851596,0,202611,final_validation_catboost_trial_006
20508,202611,0,0.142041569564338,0,202611,final_validation_catboost_trial_006
20509,202611,0,0.0762255703913415,0,202611,final_validation_catboost_trial_006
20510,202611,0,0.140932736260228,0,202611,final_validation_catboost_trial_006
20511,202611,0,0.143771893517096,0,202611,final_validation_catboost_trial_006
20512,202611,0,0.0631944514049975,0,202611,final_validation_catboost_trial_006
20513,202611,0,0.170202484123398,0,202611,final_validation_catboost_trial_006
20515,202611,1,0.337989685214223,0,202611,final_validation_catboost_trial_006
20517,202611,0,0.145574920298847,0,202611,final_validation_catboost_trial_006
20518,202611,0,0.261931737615415,0,202611,final_validation_catboost_trial_006
20521,202611,1,0.167120428261755,0,202611,final_validation_catboost_trial_006
20522,202611,0,0.143980288361237,0,202611,final_validation_catboost_trial_006
20525,202611,0,0.138549384729578,0,202611,final_validation_catboost_trial_006
20526,202611,0,0.126857702863287,0,202611,final_validation_catboost_trial_006
20530,202611,1,0.123137072372365,0,202611,final_validation_catboost_trial_006
20531,202611,0,0.194523271797857,0,202611,final_validation_catboost_trial_006
20534,202611,0,0.170312898356869,0,202611,final_validation_catboost_trial_006
20536,202611,0,0.132887980113068,0,202611,final_validation_catboost_trial_006
20540,202611,0,0.133285437790732,0,202611,final_validation_catboost_trial_006
20541,202611,1,0.146806024473424,0,202611,final_validation_catboost_trial_006
20544,202611,0,0.151756474761641,0,202611,final_validation_catboost_trial_006
20546,202611,0,0.158777359751632,0,202611,final_validation_catboost_trial_006
20548,202611,0,0.056607896663706,0,202611,final_validation_catboost_trial_006
20549,202611,0,0.129485935074714,0,202611,final_validation_catboost_trial_006
20550,202611,0,0.0600477293557639,0,202611,final_validation_catboost_trial_006
20551,202611,0,0.122577085763912,0,202611,final_validation_catboost_trial_006
20552,202611,0,0.147046792908759,0,202611,final_validation_catboost_trial_006
20553,202611,0,0.126024676889927,0,202611,final_validation_catboost_trial_006
20555,202611,0,0.202721913501288,0,202611,final_validation_catboost_trial_006
20559,202611,0,0.161038633353047,0,202611,final_validation_catboost_trial_006
20560,202611,0,0.144256490376351,0,202611,final_validation_catboost_trial_006
20561,202611,0,0.260195783478488,0,202611,final_validation_catboost_trial_006
20562,202611,0,0.137010341909144,0,202611,final_validation_catboost_trial_006
20563,202611,0,0.146762681717547,0,202611,final_validation_catboost_trial_006
20565,202611,0,0.150004756796682,0,202611,final_validation_catboost_trial_006
20567,202611,0,0.137715056545409,0,202611,final_validation_catboost_trial_006
20568,202611,0,0.19754209548637,0,202611,final_validation_catboost_trial_006
20569,202611,0,0.13370631392424,0,202611,final_validation_catboost_trial_006
20572,202611,0,0.139902215675845,0,202611,final_validation_catboost_trial_006
20580,202611,0,0.167135541496316,0,202611,final_validation_catboost_trial_006
20581,202611,1,0.158567693332423,0,202611,final_validation_catboost_trial_006
20582,202611,0,0.145493385419639,0,202611,final_validation_catboost_trial_006
20584,202611,0,0.263255391916547,0,202611,final_validation_catboost_trial_006
20585,202611,0,0.145129932270363,0,202611,final_validation_catboost_trial_006
20587,202611,1,0.119709706498118,0,202611,final_validation_catboost_trial_006
20588,202611,0,0.044317078909575,0,202611,final_validation_catboost_trial_006
20589,202611,1,0.118627294057938,0,202611,final_validation_catboost_trial_006
20591,202611,0,0.161746166369851,0,202611,final_validation_catboost_trial_006
20596,202611,0,0.124450520520484,0,202611,final_validation_catboost_trial_006
20597,202611,0,0.0658554053041183,0,202611,final_validation_catboost_trial_006
20600,202611,0,0.150435122383663,0,202611,final_validation_catboost_trial_006
20601,202611,1,0.131994001290128,0,202611,final_validation_catboost_trial_006
20602,202611,0,0.219405588825901,0,202611,final_validation_catboost_trial_006
20606,202611,0,0.0601394821508713,0,202611,final_validation_catboost_trial_006
20609,202611,0,0.140658528430745,0,202611,final_validation_catboost_trial_006
20610,202611,0,0.16334647855947,0,202611,final_validation_catboost_trial_006
20611,202611,0,0.128935003772402,0,202611,final_validation_catboost_trial_006
20613,202611,0,0.122776436210557,0,202611,final_validation_catboost_trial_006
20616,202611,0,0.191497289506295,0,202611,final_validation_catboost_trial_006
20617,202611,1,0.0432349086085107,0,202611,final_validation_catboost_trial_006
20619,202611,0,0.0432246844810851,0,202611,final_validation_catboost_trial_006
20622,202611,0,0.164895193714395,0,202611,final_validation_catboost_trial_006
20627,202611,0,0.133411501043042,0,202611,final_validation_catboost_trial_006
20630,202611,0,0.125954256919069,0,202611,final_validation_catboost_trial_006
20631,202611,0,0.0527420073700991,0,202611,final_validation_catboost_trial_006
20635,202611,1,0.150784013527326,0,202611,final_validation_catboost_trial_006
20637,202611,0,0.109744523845635,0,202611,final_validation_catboost_trial_006
20641,202611,0,0.255719145100236,0,202611,final_validation_catboost_trial_006
20643,202611,0,0.243261713580843,0,202611,final_validation_catboost_trial_006
20644,202611,1,0.216917448159787,0,202611,final_validation_catboost_trial_006
20645,202611,0,0.153819320887796,0,202611,final_validation_catboost_trial_006
20647,202611,0,0.114163067843724,0,202611,final_validation_catboost_trial_006
20650,202611,0,0.146972733160737,0,202611,final_validation_catboost_trial_006
20651,202611,0,0.126634187001766,0,202611,final_validation_catboost_trial_006
20653,202611,0,0.164988704078242,0,202611,final_validation_catboost_trial_006
20654,202611,0,0.154931796551929,0,202611,final_validation_catboost_trial_006
20655,202611,0,0.0562615700348501,0,202611,final_validation_catboost_trial_006
20656,202611,0,0.167930284522949,0,202611,final_validation_catboost_trial_006
20657,202611,0,0.137921640544843,0,202611,final_validation_catboost_trial_006
20659,202611,0,0.045540613018394,0,202611,final_validation_catboost_trial_006
20660,202611,1,0.163900718168719,0,202611,final_validation_catboost_trial_006
20661,202611,0,0.0647510821677824,0,202611,final_validation_catboost_trial_006
20662,202611,0,0.0644770139487139,0,202611,final_validation_catboost_trial_006
20663,202611,0,0.131797531002168,0,202611,final_validation_catboost_trial_006
20664,202611,1,0.137384073936839,0,202611,final_validation_catboost_trial_006
20666,202611,0,0.14359964478866,0,202611,final_validation_catboost_trial_006
20667,202611,0,0.110811583079949,0,202611,final_validation_catboost_trial_006
20668,202611,0,0.149666059371215,0,202611,final_validation_catboost_trial_006
20669,202611,0,0.253910001171624,0,202611,final_validation_catboost_trial_006
20670,202611,1,0.0610673545877491,0,202611,final_validation_catboost_trial_006
20671,202611,1,0.0424892119879303,0,202611,final_validation_catboost_trial_006
20673,202611,0,0.0677828951627114,0,202611,final_validation_catboost_trial_006
20675,202611,0,0.141670339008967,0,202611,final_validation_catboost_trial_006
20676,202611,0,0.193407697367957,0,202611,final_validation_catboost_trial_006
20677,202611,0,0.133741366095135,0,202611,final_validation_catboost_trial_006
20679,202611,1,0.13927860328136,0,202611,final_validation_catboost_trial_006
20681,202611,0,0.135089343058505,0,202611,final_validation_catboost_trial_006
20684,202611,0,0.115159747640101,0,202611,final_validation_catboost_trial_006
20686,202611,0,0.145376285919367,0,202611,final_validation_catboost_trial_006
20687,202611,0,0.134354992816404,0,202611,final_validation_catboost_trial_006
20689,202611,0,0.137812576530048,0,202611,final_validation_catboost_trial_006
20690,202611,0,0.149565925808526,0,202611,final_validation_catboost_trial_006
20691,202611,0,0.136218783565234,0,202611,final_validation_catboost_trial_006
20692,202611,0,0.132698028927939,0,202611,final_validation_catboost_trial_006
20694,202611,0,0.122414135343007,0,202611,final_validation_catboost_trial_006
20695,202611,0,0.160075697075585,0,202611,final_validation_catboost_trial_006
20696,202611,0,0.0689220710131838,0,202611,final_validation_catboost_trial_006
20698,202611,0,0.134756695924826,0,202611,final_validation_catboost_trial_006
20700,202611,0,0.16766122542643,0,202611,final_validation_catboost_trial_006
20701,202611,1,0.163394535498114,0,202611,final_validation_catboost_trial_006
20703,202611,0,0.125550166368971,0,202611,final_validation_catboost_trial_006
20704,202611,0,0.355934720853688,0,202611,final_validation_catboost_trial_006
20705,202611,0,0.144443620858141,0,202611,final_validation_catboost_trial_006
20706,202611,0,0.0929472475553593,0,202611,final_validation_catboost_trial_006
20707,202611,0,0.138893111004873,0,202611,final_validation_catboost_trial_006
20710,202611,0,0.296066879884751,0,202611,final_validation_catboost_trial_006
20711,202611,0,0.109182312798595,0,202611,final_validation_catboost_trial_006
20712,202611,0,0.0716261799655376,0,202611,final_validation_catboost_trial_006
20713,202611,0,0.129301169144785,0,202611,final_validation_catboost_trial_006
20714,202611,0,0.1578129060575,0,202611,final_validation_catboost_trial_006
20715,202611,0,0.125836499551284,0,202611,final_validation_catboost_trial_006
20716,202611,0,0.180603449356679,0,202611,final_validation_catboost_trial_006
20722,202611,0,0.146040234996752,0,202611,final_validation_catboost_trial_006
20724,202611,0,0.184208611062193,0,202611,final_validation_catboost_trial_006
20726,202611,0,0.218817299158296,0,202611,final_validation_catboost_trial_006
20727,202611,1,0.15945799658205,0,202611,final_validation_catboost_trial_006
20728,202611,0,0.167190880011212,0,202611,final_validation_catboost_trial_006
20729,202611,0,0.233591259178645,0,202611,final_validation_catboost_trial_006
20730,202611,0,0.153292056872345,0,202611,final_validation_catboost_trial_006
20731,202611,1,0.318847360270375,0,202611,final_validation_catboost_trial_006
20732,202611,1,0.210386525573936,0,202611,final_validation_catboost_trial_006
20734,202611,0,0.144212310168319,0,202611,final_validation_catboost_trial_006
20735,202611,0,0.0587865722546888,0,202611,final_validation_catboost_trial_006
20736,202611,0,0.128668943789165,0,202611,final_validation_catboost_trial_006
20737,202611,0,0.115141784114154,0,202611,final_validation_catboost_trial_006
20738,202611,0,0.145425942495833,0,202611,final_validation_catboost_trial_006
20739,202611,1,0.148755487298019,0,202611,final_validation_catboost_trial_006
20741,202611,1,0.181058284109311,0,202611,final_validation_catboost_trial_006
20742,202611,0,0.230077354646176,0,202611,final_validation_catboost_trial_006
20743,202611,0,0.0504813643587871,0,202611,final_validation_catboost_trial_006
20744,202611,0,0.121749207918884,0,202611,final_validation_catboost_trial_006
20745,202611,0,0.134803594256531,0,202611,final_validation_catboost_trial_006
20746,202611,0,0.16028346298944,0,202611,final_validation_catboost_trial_006
20747,202611,1,0.199895890088641,0,202611,final_validation_catboost_trial_006
20750,202611,1,0.171208481294626,0,202611,final_validation_catboost_trial_006
20751,202611,0,0.0700631861800272,0,202611,final_validation_catboost_trial_006
20754,202611,0,0.118022254276647,0,202611,final_validation_catboost_trial_006
20756,202611,0,0.225680287522587,0,202611,final_validation_catboost_trial_006
20758,202611,0,0.12273411247113,0,202611,final_validation_catboost_trial_006
20759,202611,0,0.129447469745257,0,202611,final_validation_catboost_trial_006
20760,202611,0,0.166140377390205,0,202611,final_validation_catboost_trial_006
20761,202611,0,0.205922046523279,0,202611,final_validation_catboost_trial_006
20762,202611,0,0.113804028120148,0,202611,final_validation_catboost_trial_006
20763,202611,0,0.0895669156806571,0,202611,final_validation_catboost_trial_006
20764,202611,0,0.118074982773956,0,202611,final_validation_catboost_trial_006
20767,202611,0,0.234463031650553,0,202611,final_validation_catboost_trial_006
20769,202611,0,0.0823103233112931,0,202611,final_validation_catboost_trial_006
20770,202611,0,0.151209913203048,0,202611,final_validation_catboost_trial_006
20771,202611,1,0.116407701019264,0,202611,final_validation_catboost_trial_006
20773,202611,0,0.134387347368738,0,202611,final_validation_catboost_trial_006
20775,202611,0,0.324127491735888,0,202611,final_validation_catboost_trial_006
20776,202611,0,0.107865781331829,0,202611,final_validation_catboost_trial_006
20777,202611,0,0.21433975332272,0,202611,final_validation_catboost_trial_006
20778,202611,0,0.0630241211508538,0,202611,final_validation_catboost_trial_006
20779,202611,1,0.13214474467824,0,202611,final_validation_catboost_trial_006
20782,202611,0,0.12533601821187,0,202611,final_validation_catboost_trial_006
20783,202611,0,0.123920993731326,0,202611,final_validation_catboost_trial_006
20784,202611,0,0.100505810725224,0,202611,final_validation_catboost_trial_006
20786,202611,0,0.114566341573556,0,202611,final_validation_catboost_trial_006
20787,202611,0,0.136968579210265,0,202611,final_validation_catboost_trial_006
20788,202611,0,0.12583172268415,0,202611,final_validation_catboost_trial_006
20789,202611,0,0.0509925750341714,0,202611,final_validation_catboost_trial_006
20790,202611,0,0.0642100263471737,0,202611,final_validation_catboost_trial_006
20791,202611,0,0.130131257702724,0,202611,final_validation_catboost_trial_006
20797,202611,1,0.128108024077266,0,202611,final_validation_catboost_trial_006
20800,202611,0,0.235839298559197,0,202611,final_validation_catboost_trial_006
20801,202611,0,0.147269667834091,0,202611,final_validation_catboost_trial_006
20802,202611,1,0.137270798760896,0,202611,final_validation_catboost_trial_006
20804,202611,0,0.151817684228034,0,202611,final_validation_catboost_trial_006
20806,202611,1,0.120106557140973,0,202611,final_validation_catboost_trial_006
20807,202611,0,0.207360877417132,0,202611,final_validation_catboost_trial_006
20809,202611,0,0.0586466406363635,0,202611,final_validation_catboost_trial_006
20810,202611,0,0.31254044183828,0,202611,final_validation_catboost_trial_006
20812,202611,0,0.353620173485485,0,202611,final_validation_catboost_trial_006
20813,202611,1,0.163200743171011,0,202611,final_validation_catboost_trial_006
20814,202611,0,0.137436387526091,0,202611,final_validation_catboost_trial_006
20815,202611,0,0.126331389719439,0,202611,final_validation_catboost_trial_006
20818,202611,0,0.0402133721813423,0,202611,final_validation_catboost_trial_006
20819,202611,0,0.16433012511501,0,202611,final_validation_catboost_trial_006
20820,202611,0,0.153709423331259,0,202611,final_validation_catboost_trial_006
20821,202611,0,0.149932764119768,0,202611,final_validation_catboost_trial_006
20823,202611,0,0.151453717969647,0,202611,final_validation_catboost_trial_006
20825,202611,1,0.183149821021069,0,202611,final_validation_catboost_trial_006
20826,202611,0,0.160171617130272,0,202611,final_validation_catboost_trial_006
20827,202611,0,0.29243104538327,0,202611,final_validation_catboost_trial_006
20828,202611,0,0.140399848520058,0,202611,final_validation_catboost_trial_006
20829,202611,0,0.117287136510411,0,202611,final_validation_catboost_trial_006
20830,202611,0,0.172855878957215,0,202611,final_validation_catboost_trial_006
20831,202611,0,0.132827030886367,0,202611,final_validation_catboost_trial_006
20832,202611,1,0.200108660352888,0,202611,final_validation_catboost_trial_006
20833,202611,0,0.137556364734288,0,202611,final_validation_catboost_trial_006
20835,202611,0,0.0707756786983826,0,202611,final_validation_catboost_trial_006
20836,202611,0,0.129069689119651,0,202611,final_validation_catboost_trial_006
20837,202611,0,0.174714677347274,0,202611,final_validation_catboost_trial_006
20838,202611,0,0.126965344018698,0,202611,final_validation_catboost_trial_006
20840,202611,1,0.139746419334406,0,202611,final_validation_catboost_trial_006
20841,202611,0,0.143937803116062,0,202611,final_validation_catboost_trial_006
20842,202611,0,0.13266253161822,0,202611,final_validation_catboost_trial_006
20843,202611,0,0.129853700950746,0,202611,final_validation_catboost_trial_006
20844,202611,0,0.114300003918971,0,202611,final_validation_catboost_trial_006
20845,202611,0,0.135853224700024,0,202611,final_validation_catboost_trial_006
20848,202611,1,0.265662324445113,0,202611,final_validation_catboost_trial_006
20849,202611,0,0.227374512689637,0,202611,final_validation_catboost_trial_006
20850,202611,0,0.122685324081819,0,202611,final_validation_catboost_trial_006
20851,202611,0,0.148871444709967,0,202611,final_validation_catboost_trial_006
20852,202611,0,0.15598822338907,0,202611,final_validation_catboost_trial_006
20853,202611,0,0.150454979064384,0,202611,final_validation_catboost_trial_006
20854,202611,0,0.134601849150784,0,202611,final_validation_catboost_trial_006
20855,202611,0,0.129354542896697,0,202611,final_validation_catboost_trial_006
20857,202611,0,0.0677373091460693,0,202611,final_validation_catboost_trial_006
20859,202611,0,0.171189506124451,0,202611,final_validation_catboost_trial_006
20861,202611,0,0.129765611360012,0,202611,final_validation_catboost_trial_006
20863,202611,0,0.168467557576182,0,202611,final_validation_catboost_trial_006
20864,202611,0,0.266742766216445,0,202611,final_validation_catboost_trial_006
20865,202611,0,0.119221459378628,0,202611,final_validation_catboost_trial_006
20866,202611,0,0.0822836635241854,0,202611,final_validation_catboost_trial_006
20867,202611,0,0.243528137773126,0,202611,final_validation_catboost_trial_006
20868,202611,0,0.212377632054236,0,202611,final_validation_catboost_trial_006
20869,202611,0,0.150855131792233,0,202611,final_validation_catboost_trial_006
20872,202611,0,0.169029339051076,0,202611,final_validation_catboost_trial_006
20874,202611,0,0.064484980350479,0,202611,final_validation_catboost_trial_006
20875,202611,0,0.144951306397525,0,202611,final_validation_catboost_trial_006
20876,202611,0,0.129237155436162,0,202611,final_validation_catboost_trial_006
20878,202611,0,0.158876502701731,0,202611,final_validation_catboost_trial_006
20879,202611,0,0.152433346898999,0,202611,final_validation_catboost_trial_006
20880,202611,0,0.0577484317814625,0,202611,final_validation_catboost_trial_006
20881,202611,1,0.151625585574872,0,202611,final_validation_catboost_trial_006
20882,202611,0,0.252780719784004,0,202611,final_validation_catboost_trial_006
20883,202611,0,0.216954970561061,0,202611,final_validation_catboost_trial_006
20885,202611,0,0.0454664073462038,0,202611,final_validation_catboost_trial_006
20886,202611,0,0.142747675627583,0,202611,final_validation_catboost_trial_006
20887,202611,0,0.0683861304920414,0,202611,final_validation_catboost_trial_006
20888,202611,0,0.14002172080428,0,202611,final_validation_catboost_trial_006
20889,202611,0,0.130545194184154,0,202611,final_validation_catboost_trial_006
20891,202611,0,0.129806043033731,0,202611,final_validation_catboost_trial_006
20892,202611,0,0.144785642355587,0,202611,final_validation_catboost_trial_006
20893,202611,0,0.140613812821788,0,202611,final_validation_catboost_trial_006
20894,202611,1,0.346576661714114,0,202611,final_validation_catboost_trial_006
20895,202611,1,0.329510177254683,0,202611,final_validation_catboost_trial_006
20896,202611,0,0.129965457432486,0,202611,final_validation_catboost_trial_006
20897,202611,0,0.043206546808501,0,202611,final_validation_catboost_trial_006
20899,202611,0,0.147039651518281,0,202611,final_validation_catboost_trial_006
20900,202611,0,0.240567700556722,0,202611,final_validation_catboost_trial_006
20901,202611,0,0.142047104159566,0,202611,final_validation_catboost_trial_006
20902,202611,0,0.145011926403718,0,202611,final_validation_catboost_trial_006
20903,202611,0,0.0991038770193675,0,202611,final_validation_catboost_trial_006
20905,202611,0,0.120910374685783,0,202611,final_validation_catboost_trial_006
20906,202611,0,0.229522159569177,0,202611,final_validation_catboost_trial_006
20907,202611,1,0.127120761738023,0,202611,final_validation_catboost_trial_006
20910,202611,1,0.180089574131296,0,202611,final_validation_catboost_trial_006
20911,202611,0,0.134080581230565,0,202611,final_validation_catboost_trial_006
20912,202611,0,0.157694391061735,0,202611,final_validation_catboost_trial_006
20913,202611,0,0.153361837705143,0,202611,final_validation_catboost_trial_006
20915,202611,0,0.119032868356819,0,202611,final_validation_catboost_trial_006
20916,202611,0,0.183748425918478,0,202611,final_validation_catboost_trial_006
20917,202611,0,0.330290422590539,0,202611,final_validation_catboost_trial_006
20921,202611,0,0.122895485455813,0,202611,final_validation_catboost_trial_006
20924,202611,0,0.114926072644379,0,202611,final_validation_catboost_trial_006
20925,202611,0,0.161429956719421,0,202611,final_validation_catboost_trial_006
20926,202611,0,0.138736421832329,0,202611,final_validation_catboost_trial_006
20928,202611,1,0.160520007141122,0,202611,final_validation_catboost_trial_006
20930,202611,0,0.15077507003797,0,202611,final_validation_catboost_trial_006
20931,202611,1,0.1383005499188,0,202611,final_validation_catboost_trial_006
20932,202611,0,0.140157964370688,0,202611,final_validation_catboost_trial_006
20933,202611,0,0.141533099049187,0,202611,final_validation_catboost_trial_006
20935,202611,0,0.151204468531937,0,202611,final_validation_catboost_trial_006
20937,202611,0,0.0960682973785624,0,202611,final_validation_catboost_trial_006
20938,202611,1,0.222845894865517,0,202611,final_validation_catboost_trial_006
20940,202611,0,0.177673071562698,0,202611,final_validation_catboost_trial_006
20941,202611,0,0.0558936990602213,0,202611,final_validation_catboost_trial_006
20943,202611,0,0.117633968609197,0,202611,final_validation_catboost_trial_006
20944,202611,0,0.0686029678094342,0,202611,final_validation_catboost_trial_006
20945,202611,1,0.167145891450426,0,202611,final_validation_catboost_trial_006
20946,202611,0,0.0986740538629164,0,202611,final_validation_catboost_trial_006
20947,202611,0,0.137111301647247,0,202611,final_validation_catboost_trial_006
20949,202611,0,0.137908868415893,0,202611,final_validation_catboost_trial_006
20950,202611,0,0.113278226279283,0,202611,final_validation_catboost_trial_006
20952,202611,1,0.160230107040013,0,202611,final_validation_catboost_trial_006
20954,202611,1,0.154014153057642,0,202611,final_validation_catboost_trial_006
20955,202611,0,0.117415761600393,0,202611,final_validation_catboost_trial_006
20957,202611,0,0.150968119998592,0,202611,final_validation_catboost_trial_006
20958,202611,0,0.155575835271069,0,202611,final_validation_catboost_trial_006
20959,202611,1,0.23087146550776,0,202611,final_validation_catboost_trial_006
20960,202611,0,0.148984737955008,0,202611,final_validation_catboost_trial_006
20965,202611,0,0.231383380911828,0,202611,final_validation_catboost_trial_006
20969,202611,1,0.153333454580185,0,202611,final_validation_catboost_trial_006
20973,202611,0,0.260333954673227,0,202611,final_validation_catboost_trial_006
20975,202611,0,0.121077402308871,0,202611,final_validation_catboost_trial_006
20976,202611,0,0.165906551707556,0,202611,final_validation_catboost_trial_006
20977,202611,1,0.125873730553975,0,202611,final_validation_catboost_trial_006
20981,202611,1,0.130894489868303,0,202611,final_validation_catboost_trial_006
20982,202611,1,0.219084719506896,0,202611,final_validation_catboost_trial_006
20984,202611,0,0.164902914116057,0,202611,final_validation_catboost_trial_006
20985,202611,0,0.134498524210946,0,202611,final_validation_catboost_trial_006
20987,202611,1,0.150643250059679,0,202611,final_validation_catboost_trial_006
20988,202611,1,0.17212597520977,0,202611,final_validation_catboost_trial_006
20989,202611,1,0.369372886947654,0,202611,final_validation_catboost_trial_006
20991,202611,0,0.259385724873462,0,202611,final_validation_catboost_trial_006
20994,202611,0,0.0561945274757143,0,202611,final_validation_catboost_trial_006
20996,202611,1,0.151462649244866,0,202611,final_validation_catboost_trial_006
20997,202611,0,0.151287391707693,0,202611,final_validation_catboost_trial_006
20998,202611,0,0.143679535390641,0,202611,final_validation_catboost_trial_006
20999,202611,1,0.182455026726362,0,202611,final_validation_catboost_trial_006
21000,202611,1,0.377671270902381,0,202611,final_validation_catboost_trial_006
21003,202611,0,0.147393739947325,0,202611,final_validation_catboost_trial_006
21004,202611,0,0.157504243705408,0,202611,final_validation_catboost_trial_006
21005,202611,1,0.158190063780909,0,202611,final_validation_catboost_trial_006
21006,202611,0,0.116899770441546,0,202611,final_validation_catboost_trial_006
21008,202611,0,0.119126626886299,0,202611,final_validation_catboost_trial_006
21009,202611,0,0.0645559930614296,0,202611,final_validation_catboost_trial_006
21010,202611,0,0.142014813384687,0,202611,final_validation_catboost_trial_006
21012,202611,1,0.106481650122019,0,202611,final_validation_catboost_trial_006
21013,202611,0,0.268484811039113,0,202611,final_validation_catboost_trial_006
21014,202611,0,0.173802504224508,0,202611,final_validation_catboost_trial_006
21016,202611,0,0.14041953827361,0,202611,final_validation_catboost_trial_006
21017,202611,0,0.125982573291361,0,202611,final_validation_catboost_trial_006
21018,202611,1,0.333784803324097,0,202611,final_validation_catboost_trial_006
21021,202611,0,0.0577371602155741,0,202611,final_validation_catboost_trial_006
21023,202611,0,0.124558108913442,0,202611,final_validation_catboost_trial_006
21024,202611,0,0.146431976077485,0,202611,final_validation_catboost_trial_006
21025,202611,0,0.113552363721602,0,202611,final_validation_catboost_trial_006
21027,202611,0,0.160875082555898,0,202611,final_validation_catboost_trial_006
21029,202611,0,0.0839402274014824,0,202611,final_validation_catboost_trial_006
21030,202611,0,0.0792807352403704,0,202611,final_validation_catboost_trial_006
21031,202611,0,0.0573161080408467,0,202611,final_validation_catboost_trial_006
21032,202611,0,0.172057052318115,0,202611,final_validation_catboost_trial_006
21033,202611,0,0.154899440853143,0,202611,final_validation_catboost_trial_006
21034,202611,0,0.22772286350431,0,202611,final_validation_catboost_trial_006
21035,202611,0,0.0604978129845584,0,202611,final_validation_catboost_trial_006
21036,202611,1,0.201109455157092,0,202611,final_validation_catboost_trial_006
21038,202611,0,0.134558357264599,0,202611,final_validation_catboost_trial_006
21039,202611,0,0.113357827709375,0,202611,final_validation_catboost_trial_006
21042,202611,0,0.147801700628106,0,202611,final_validation_catboost_trial_006
21044,202611,1,0.0584767885962897,0,202611,final_validation_catboost_trial_006
21046,202611,0,0.136145929447883,0,202611,final_validation_catboost_trial_006
21047,202611,0,0.147238208478812,0,202611,final_validation_catboost_trial_006
21050,202611,0,0.0623861643397299,0,202611,final_validation_catboost_trial_006
21051,202611,0,0.22096097303494,0,202611,final_validation_catboost_trial_006
21052,202611,0,0.143976073987576,0,202611,final_validation_catboost_trial_006
21054,202611,0,0.050345425661567,0,202611,final_validation_catboost_trial_006
21056,202611,0,0.167573000570102,0,202611,final_validation_catboost_trial_006
21057,202611,0,0.138574763105293,0,202611,final_validation_catboost_trial_006
21058,202611,0,0.139877398781693,0,202611,final_validation_catboost_trial_006
21059,202611,0,0.100773408417257,0,202611,final_validation_catboost_trial_006
21060,202611,0,0.0637435055523411,0,202611,final_validation_catboost_trial_006
21062,202611,1,0.163348591558347,0,202611,final_validation_catboost_trial_006
21063,202611,0,0.0471807142603497,0,202611,final_validation_catboost_trial_006
21065,202611,1,0.13782617891939,0,202611,final_validation_catboost_trial_006
21066,202611,0,0.0670753555852198,0,202611,final_validation_catboost_trial_006
21068,202611,1,0.145884986111281,0,202611,final_validation_catboost_trial_006
21070,202611,1,0.128055881213279,0,202611,final_validation_catboost_trial_006
21073,202611,1,0.119248704607536,0,202611,final_validation_catboost_trial_006
21074,202611,0,0.158232071842978,0,202611,final_validation_catboost_trial_006
21075,202611,1,0.131419426514061,0,202611,final_validation_catboost_trial_006
21076,202611,0,0.138357411761619,0,202611,final_validation_catboost_trial_006
21077,202611,0,0.149308147634493,0,202611,final_validation_catboost_trial_006
21078,202611,0,0.1148940092484,0,202611,final_validation_catboost_trial_006
21080,202611,0,0.130058981767475,0,202611,final_validation_catboost_trial_006
21083,202611,1,0.14268303290828,0,202611,final_validation_catboost_trial_006
21084,202611,0,0.0459758812249126,0,202611,final_validation_catboost_trial_006
21088,202611,1,0.133066840214735,0,202611,final_validation_catboost_trial_006
21090,202611,0,0.221167156427981,0,202611,final_validation_catboost_trial_006
21093,202611,0,0.127314344745218,0,202611,final_validation_catboost_trial_006
21094,202611,0,0.13746016744987,0,202611,final_validation_catboost_trial_006
21095,202611,0,0.213655188098127,0,202611,final_validation_catboost_trial_006
21096,202611,0,0.164885436710074,0,202611,final_validation_catboost_trial_006
21097,202611,0,0.224259764635116,0,202611,final_validation_catboost_trial_006
21098,202611,0,0.0667699551460302,0,202611,final_validation_catboost_trial_006
21099,202611,0,0.143994335899877,0,202611,final_validation_catboost_trial_006
21102,202611,0,0.147560262045262,0,202611,final_validation_catboost_trial_006
21103,202611,0,0.143899402970126,0,202611,final_validation_catboost_trial_006
21104,202611,0,0.129169659323115,0,202611,final_validation_catboost_trial_006
21105,202611,0,0.136352771693304,0,202611,final_validation_catboost_trial_006
21106,202611,0,0.198000989923328,0,202611,final_validation_catboost_trial_006
21107,202611,0,0.181797226806598,0,202611,final_validation_catboost_trial_006
21108,202611,0,0.140461354555977,0,202611,final_validation_catboost_trial_006
21109,202611,0,0.0625349500901763,0,202611,final_validation_catboost_trial_006
21112,202611,1,0.340682139956889,0,202611,final_validation_catboost_trial_006
21113,202611,1,0.147401192440697,0,202611,final_validation_catboost_trial_006
21114,202611,0,0.0601421804879974,0,202611,final_validation_catboost_trial_006
21115,202611,1,0.132477483112286,0,202611,final_validation_catboost_trial_006
21116,202611,1,0.122089670844567,0,202611,final_validation_catboost_trial_006
21117,202611,1,0.136879593877163,0,202611,final_validation_catboost_trial_006
21119,202611,0,0.131948558570783,0,202611,final_validation_catboost_trial_006
21120,202611,0,0.124972628950148,0,202611,final_validation_catboost_trial_006
21121,202611,0,0.133067284087147,0,202611,final_validation_catboost_trial_006
21125,202611,0,0.174661312845651,0,202611,final_validation_catboost_trial_006
21126,202611,1,0.141707055444815,0,202611,final_validation_catboost_trial_006
21127,202611,1,0.0525837057867766,0,202611,final_validation_catboost_trial_006
21128,202611,0,0.144667787407159,0,202611,final_validation_catboost_trial_006
21129,202611,0,0.0717522201095872,0,202611,final_validation_catboost_trial_006
21130,202611,0,0.136487767490906,0,202611,final_validation_catboost_trial_006
21131,202611,0,0.14406369957813,0,202611,final_validation_catboost_trial_006
21133,202611,0,0.215224447865628,0,202611,final_validation_catboost_trial_006
21134,202611,0,0.140385435964219,0,202611,final_validation_catboost_trial_006
21135,202611,0,0.133566656963035,0,202611,final_validation_catboost_trial_006
21137,202611,0,0.105493877292718,0,202611,final_validation_catboost_trial_006
21138,202611,0,0.13275181372802,0,202611,final_validation_catboost_trial_006
21139,202611,0,0.0621879223706088,0,202611,final_validation_catboost_trial_006
21140,202611,0,0.125186073028963,0,202611,final_validation_catboost_trial_006
21141,202611,0,0.121594539181979,0,202611,final_validation_catboost_trial_006
21142,202611,0,0.137486465340344,0,202611,final_validation_catboost_trial_006
21143,202611,0,0.157181739864972,0,202611,final_validation_catboost_trial_006
21144,202611,0,0.114147559865129,0,202611,final_validation_catboost_trial_006
21146,202611,0,0.100961678567068,0,202611,final_validation_catboost_trial_006
21147,202611,0,0.182826789643522,0,202611,final_validation_catboost_trial_006
21149,202611,0,0.130761822933053,0,202611,final_validation_catboost_trial_006
21150,202611,0,0.137680945543662,0,202611,final_validation_catboost_trial_006
21152,202611,0,0.272661465836761,0,202611,final_validation_catboost_trial_006
21153,202611,0,0.153067855030385,0,202611,final_validation_catboost_trial_006
21155,202611,0,0.067113374133118,0,202611,final_validation_catboost_trial_006
21158,202611,0,0.110847201385395,0,202611,final_validation_catboost_trial_006
21159,202611,0,0.151620000941053,0,202611,final_validation_catboost_trial_006
21161,202611,0,0.167565997130645,0,202611,final_validation_catboost_trial_006
21162,202611,0,0.119352574005671,0,202611,final_validation_catboost_trial_006
21163,202611,0,0.13530839143154,0,202611,final_validation_catboost_trial_006
21166,202611,0,0.140477610591046,0,202611,final_validation_catboost_trial_006
21167,202611,0,0.17905940207533,0,202611,final_validation_catboost_trial_006
21169,202611,1,0.234572785349914,0,202611,final_validation_catboost_trial_006
21172,202611,1,0.2469143767378,0,202611,final_validation_catboost_trial_006
21173,202611,0,0.114258665866299,0,202611,final_validation_catboost_trial_006
21174,202611,0,0.144646559948498,0,202611,final_validation_catboost_trial_006
21177,202611,0,0.156969583782005,0,202611,final_validation_catboost_trial_006
21178,202611,0,0.145917914712779,0,202611,final_validation_catboost_trial_006
21180,202611,0,0.237680726038195,0,202611,final_validation_catboost_trial_006
21181,202611,0,0.0620457609288448,0,202611,final_validation_catboost_trial_006
21182,202611,0,0.0535355896328005,0,202611,final_validation_catboost_trial_006
21183,202611,0,0.152946490292587,0,202611,final_validation_catboost_trial_006
21184,202611,0,0.136371618784179,0,202611,final_validation_catboost_trial_006
21185,202611,1,0.151526155651735,0,202611,final_validation_catboost_trial_006
21186,202611,0,0.119769554379227,0,202611,final_validation_catboost_trial_006
21187,202611,0,0.209008187678058,0,202611,final_validation_catboost_trial_006
21188,202611,0,0.146833585177452,0,202611,final_validation_catboost_trial_006
21189,202611,0,0.153452983590025,0,202611,final_validation_catboost_trial_006
21192,202611,0,0.156134392199199,0,202611,final_validation_catboost_trial_006
21193,202611,0,0.160271875615435,0,202611,final_validation_catboost_trial_006
21196,202611,0,0.0563782336860682,0,202611,final_validation_catboost_trial_006
21198,202611,0,0.164457176366918,0,202611,final_validation_catboost_trial_006
21199,202611,0,0.129667126802841,0,202611,final_validation_catboost_trial_006
21200,202611,0,0.175932568198637,0,202611,final_validation_catboost_trial_006
21201,202611,1,0.223544769817046,0,202611,final_validation_catboost_trial_006
21204,202611,0,0.15852090723864,0,202611,final_validation_catboost_trial_006
21206,202611,0,0.142531274395987,0,202611,final_validation_catboost_trial_006
21207,202611,0,0.118584180457583,0,202611,final_validation_catboost_trial_006
21208,202611,0,0.163309882679503,0,202611,final_validation_catboost_trial_006
21210,202611,0,0.136602124498412,0,202611,final_validation_catboost_trial_006
21211,202611,0,0.055329978651963,0,202611,final_validation_catboost_trial_006
21212,202611,0,0.118150669539412,0,202611,final_validation_catboost_trial_006
21213,202611,0,0.112184206546239,0,202611,final_validation_catboost_trial_006
21214,202611,0,0.137805323474269,0,202611,final_validation_catboost_trial_006
21216,202611,0,0.213064102226889,0,202611,final_validation_catboost_trial_006
21217,202611,0,0.0600372399143571,0,202611,final_validation_catboost_trial_006
21218,202611,0,0.152600268331073,0,202611,final_validation_catboost_trial_006
21219,202611,0,0.215726956545343,0,202611,final_validation_catboost_trial_006
21220,202611,0,0.12693525170951,0,202611,final_validation_catboost_trial_006
21221,202611,1,0.139460050334187,0,202611,final_validation_catboost_trial_006
21223,202611,0,0.258686297810299,0,202611,final_validation_catboost_trial_006
21224,202611,0,0.169325447534624,0,202611,final_validation_catboost_trial_006
21225,202611,1,0.171931301569896,0,202611,final_validation_catboost_trial_006
21226,202611,0,0.273667880130481,0,202611,final_validation_catboost_trial_006
21227,202611,0,0.111439958735742,0,202611,final_validation_catboost_trial_006
21229,202611,0,0.0458018228946573,0,202611,final_validation_catboost_trial_006
21230,202611,1,0.103694640579344,0,202611,final_validation_catboost_trial_006
21231,202611,0,0.154242026674313,0,202611,final_validation_catboost_trial_006
21232,202611,0,0.177984291687262,0,202611,final_validation_catboost_trial_006
21233,202611,0,0.130803346567833,0,202611,final_validation_catboost_trial_006
21234,202611,1,0.26005151788034,0,202611,final_validation_catboost_trial_006
21235,202611,1,0.175558774161999,0,202611,final_validation_catboost_trial_006
21237,202611,0,0.125392242558745,0,202611,final_validation_catboost_trial_006
21238,202611,1,0.306625473173238,0,202611,final_validation_catboost_trial_006
21240,202611,0,0.137171578296823,0,202611,final_validation_catboost_trial_006
21243,202611,1,0.223588964206816,0,202611,final_validation_catboost_trial_006
21244,202611,1,0.127500225060076,0,202611,final_validation_catboost_trial_006
21245,202611,0,0.240646887383324,0,202611,final_validation_catboost_trial_006
21246,202611,0,0.1510464523021,0,202611,final_validation_catboost_trial_006
21247,202611,1,0.140388235426077,0,202611,final_validation_catboost_trial_006
21248,202611,0,0.161429365620211,0,202611,final_validation_catboost_trial_006
21251,202611,0,0.117655194014645,0,202611,final_validation_catboost_trial_006
21252,202611,0,0.122187662939552,0,202611,final_validation_catboost_trial_006
21253,202611,1,0.215867482554634,0,202611,final_validation_catboost_trial_006
21254,202611,0,0.123720811449465,0,202611,final_validation_catboost_trial_006
21255,202611,1,0.309065727131916,0,202611,final_validation_catboost_trial_006
21256,202611,0,0.143089496512923,0,202611,final_validation_catboost_trial_006
21257,202611,0,0.148905740182033,0,202611,final_validation_catboost_trial_006
21258,202611,0,0.195632445960386,0,202611,final_validation_catboost_trial_006
21259,202611,0,0.25930565898773,0,202611,final_validation_catboost_trial_006
21260,202611,0,0.17240058387799,0,202611,final_validation_catboost_trial_006
21262,202611,0,0.130011057397657,0,202611,final_validation_catboost_trial_006
21263,202611,0,0.195518891334861,0,202611,final_validation_catboost_trial_006
21264,202611,0,0.169483706757758,0,202611,final_validation_catboost_trial_006
21265,202611,0,0.136480599273019,0,202611,final_validation_catboost_trial_006
21266,202611,1,0.15197354844827,0,202611,final_validation_catboost_trial_006
21268,202611,0,0.0630654928981437,0,202611,final_validation_catboost_trial_006
21269,202611,0,0.0421182127884191,0,202611,final_validation_catboost_trial_006
21271,202611,0,0.26609228584892,0,202611,final_validation_catboost_trial_006
21272,202611,0,0.203607852260824,0,202611,final_validation_catboost_trial_006
21273,202611,1,0.161169968098908,0,202611,final_validation_catboost_trial_006
21274,202611,0,0.152445608267743,0,202611,final_validation_catboost_trial_006
21276,202611,0,0.111784285820329,0,202611,final_validation_catboost_trial_006
21279,202611,0,0.132800423384175,0,202611,final_validation_catboost_trial_006
21280,202611,1,0.126235702396667,0,202611,final_validation_catboost_trial_006
21281,202611,0,0.111292956576595,0,202611,final_validation_catboost_trial_006
21283,202611,0,0.218128718039911,0,202611,final_validation_catboost_trial_006
21285,202611,0,0.100848806080272,0,202611,final_validation_catboost_trial_006
21288,202611,0,0.128338845867756,0,202611,final_validation_catboost_trial_006
21289,202611,0,0.201525166154392,0,202611,final_validation_catboost_trial_006
21291,202611,0,0.132309986784294,0,202611,final_validation_catboost_trial_006
21292,202611,0,0.0582090749240909,0,202611,final_validation_catboost_trial_006
21294,202611,0,0.189084943463606,0,202611,final_validation_catboost_trial_006
21296,202611,0,0.127977990487278,0,202611,final_validation_catboost_trial_006
21299,202611,0,0.131017317387595,0,202611,final_validation_catboost_trial_006
21300,202611,0,0.141578867523504,0,202611,final_validation_catboost_trial_006
21301,202611,1,0.258656283819404,0,202611,final_validation_catboost_trial_006
21304,202611,0,0.0512987956625193,0,202611,final_validation_catboost_trial_006
21305,202611,1,0.245945538765564,0,202611,final_validation_catboost_trial_006
21306,202611,0,0.0719507173701986,0,202611,final_validation_catboost_trial_006
21307,202611,0,0.112540025777293,0,202611,final_validation_catboost_trial_006
21309,202611,0,0.166856953272929,0,202611,final_validation_catboost_trial_006
21312,202611,0,0.135998032641191,0,202611,final_validation_catboost_trial_006
21314,202611,0,0.145265843793154,0,202611,final_validation_catboost_trial_006
21315,202611,0,0.341118784952226,0,202611,final_validation_catboost_trial_006
21316,202611,0,0.122987624380873,0,202611,final_validation_catboost_trial_006
21317,202611,0,0.124158174531404,0,202611,final_validation_catboost_trial_006
21318,202611,0,0.0814611580871272,0,202611,final_validation_catboost_trial_006
21319,202611,0,0.165076806581609,0,202611,final_validation_catboost_trial_006
21320,202611,0,0.146788273129871,0,202611,final_validation_catboost_trial_006
21321,202611,0,0.134701039803621,0,202611,final_validation_catboost_trial_006
21322,202611,0,0.213784075596222,0,202611,final_validation_catboost_trial_006
21323,202611,0,0.174302578491429,0,202611,final_validation_catboost_trial_006
21324,202611,0,0.121426391152315,0,202611,final_validation_catboost_trial_006
21326,202611,0,0.286838062471063,0,202611,final_validation_catboost_trial_006
21327,202611,0,0.149186815153116,0,202611,final_validation_catboost_trial_006
21328,202611,0,0.164410193536748,0,202611,final_validation_catboost_trial_006
21330,202611,0,0.116216363034434,0,202611,final_validation_catboost_trial_006
21331,202611,0,0.132216934759836,0,202611,final_validation_catboost_trial_006
21332,202611,0,0.223675480254611,0,202611,final_validation_catboost_trial_006
21333,202611,0,0.142898015825239,0,202611,final_validation_catboost_trial_006
21334,202611,0,0.14078014911374,0,202611,final_validation_catboost_trial_006
21335,202611,1,0.140011258144911,0,202611,final_validation_catboost_trial_006
21339,202611,0,0.0706145346948756,0,202611,final_validation_catboost_trial_006
21340,202611,0,0.0446899809928858,0,202611,final_validation_catboost_trial_006
21341,202611,1,0.270775378993449,0,202611,final_validation_catboost_trial_006
21342,202611,0,0.0551859318191573,0,202611,final_validation_catboost_trial_006
21343,202611,1,0.391244436438319,0,202611,final_validation_catboost_trial_006
21344,202611,0,0.156784777060196,0,202611,final_validation_catboost_trial_006
21345,202611,0,0.262548779671321,0,202611,final_validation_catboost_trial_006
21346,202611,0,0.263705232639082,0,202611,final_validation_catboost_trial_006
21347,202611,0,0.062480896707151,0,202611,final_validation_catboost_trial_006
21348,202611,0,0.0513283550237272,0,202611,final_validation_catboost_trial_006
21349,202611,0,0.14381347571787,0,202611,final_validation_catboost_trial_006
21350,202611,0,0.147491424887063,0,202611,final_validation_catboost_trial_006
21351,202611,1,0.133411766264972,0,202611,final_validation_catboost_trial_006
21352,202611,0,0.0590514321177545,0,202611,final_validation_catboost_trial_006
21355,202611,0,0.065374291682131,0,202611,final_validation_catboost_trial_006
21356,202611,1,0.12989524733062,0,202611,final_validation_catboost_trial_006
21359,202611,0,0.186030227131501,0,202611,final_validation_catboost_trial_006
21361,202611,0,0.134673269881894,0,202611,final_validation_catboost_trial_006
21362,202611,0,0.127209699687348,0,202611,final_validation_catboost_trial_006
21364,202611,0,0.131168334305142,0,202611,final_validation_catboost_trial_006
21366,202611,0,0.116460109250014,0,202611,final_validation_catboost_trial_006
21367,202611,0,0.160423597245478,0,202611,final_validation_catboost_trial_006
21368,202611,0,0.145074717332855,0,202611,final_validation_catboost_trial_006
21372,202611,1,0.245698041918107,0,202611,final_validation_catboost_trial_006
21374,202611,0,0.205353413702998,0,202611,final_validation_catboost_trial_006
21376,202611,1,0.218387373597163,0,202611,final_validation_catboost_trial_006
21377,202611,1,0.138846960647772,0,202611,final_validation_catboost_trial_006
21379,202611,0,0.114188706713485,0,202611,final_validation_catboost_trial_006
21380,202611,0,0.0736035477341316,0,202611,final_validation_catboost_trial_006
21382,202611,0,0.12749451501568,0,202611,final_validation_catboost_trial_006
21383,202611,0,0.122037041678497,0,202611,final_validation_catboost_trial_006
21385,202611,0,0.137664036294938,0,202611,final_validation_catboost_trial_006
21388,202611,0,0.17082052391118,0,202611,final_validation_catboost_trial_006
21391,202611,0,0.159330138406308,0,202611,final_validation_catboost_trial_006
21393,202611,0,0.138227468301542,0,202611,final_validation_catboost_trial_006
21394,202611,0,0.225533191402591,0,202611,final_validation_catboost_trial_006
21395,202611,0,0.120467405363787,0,202611,final_validation_catboost_trial_006
21398,202611,0,0.158247625325869,0,202611,final_validation_catboost_trial_006
21399,202611,0,0.0602028103343663,0,202611,final_validation_catboost_trial_006
21400,202611,0,0.176924830886669,0,202611,final_validation_catboost_trial_006
21401,202611,0,0.129422853073616,0,202611,final_validation_catboost_trial_006
21402,202611,0,0.212599762571267,0,202611,final_validation_catboost_trial_006
21403,202611,0,0.226635516406767,0,202611,final_validation_catboost_trial_006
21404,202611,0,0.0617194581994517,0,202611,final_validation_catboost_trial_006
21406,202611,0,0.139189401187185,0,202611,final_validation_catboost_trial_006
21409,202611,0,0.116261736670252,0,202611,final_validation_catboost_trial_006
21410,202611,0,0.146993772524037,0,202611,final_validation_catboost_trial_006
21412,202611,0,0.17964950941794,0,202611,final_validation_catboost_trial_006
21413,202611,0,0.122613906664389,0,202611,final_validation_catboost_trial_006
21414,202611,0,0.15311791786571,0,202611,final_validation_catboost_trial_006
21415,202611,0,0.154267546205896,0,202611,final_validation_catboost_trial_006
21417,202611,0,0.0535810261228951,0,202611,final_validation_catboost_trial_006
21418,202611,0,0.152630581018738,0,202611,final_validation_catboost_trial_006
21419,202611,0,0.107698029032247,0,202611,final_validation_catboost_trial_006
21420,202611,0,0.141801431344144,0,202611,final_validation_catboost_trial_006
21421,202611,0,0.246598006696264,0,202611,final_validation_catboost_trial_006
21422,202611,0,0.116311460706701,0,202611,final_validation_catboost_trial_006
21423,202611,0,0.0695327795619611,0,202611,final_validation_catboost_trial_006
21425,202611,1,0.139051373966323,0,202611,final_validation_catboost_trial_006
21426,202611,0,0.180791745567654,0,202611,final_validation_catboost_trial_006
21429,202611,0,0.066505815254327,0,202611,final_validation_catboost_trial_006
21432,202611,0,0.156495155786991,0,202611,final_validation_catboost_trial_006
21433,202611,0,0.134000455233911,0,202611,final_validation_catboost_trial_006
21434,202611,0,0.130956156115322,0,202611,final_validation_catboost_trial_006
21435,202611,0,0.15924904279911,0,202611,final_validation_catboost_trial_006
21436,202611,0,0.0571038453761062,0,202611,final_validation_catboost_trial_006
21437,202611,0,0.200299241564406,0,202611,final_validation_catboost_trial_006
21438,202611,0,0.127241869333846,0,202611,final_validation_catboost_trial_006
21440,202611,1,0.163689131346832,0,202611,final_validation_catboost_trial_006
21443,202611,0,0.178085461348686,0,202611,final_validation_catboost_trial_006
21445,202611,0,0.146949191629784,0,202611,final_validation_catboost_trial_006
21446,202611,0,0.116718071204625,0,202611,final_validation_catboost_trial_006
21447,202611,1,0.127675372800385,0,202611,final_validation_catboost_trial_006
21448,202611,0,0.160494786452346,0,202611,final_validation_catboost_trial_006
21449,202611,1,0.123467828627885,0,202611,final_validation_catboost_trial_006
21450,202611,0,0.0553528584042723,0,202611,final_validation_catboost_trial_006
21451,202611,0,0.146206686652582,0,202611,final_validation_catboost_trial_006
21452,202611,0,0.138083611683359,0,202611,final_validation_catboost_trial_006
21453,202611,0,0.14325143305682,0,202611,final_validation_catboost_trial_006
21455,202611,0,0.162249108383273,0,202611,final_validation_catboost_trial_006
21456,202611,0,0.15726388164909,0,202611,final_validation_catboost_trial_006
21458,202611,0,0.0597264094841915,0,202611,final_validation_catboost_trial_006
21459,202611,0,0.162454717316772,0,202611,final_validation_catboost_trial_006
21461,202611,1,0.144748416413497,0,202611,final_validation_catboost_trial_006
21463,202611,0,0.145765672213567,0,202611,final_validation_catboost_trial_006
21464,202611,0,0.370691309959603,0,202611,final_validation_catboost_trial_006
21465,202611,1,0.295438257998436,0,202611,final_validation_catboost_trial_006
21466,202611,0,0.0480816746238295,0,202611,final_validation_catboost_trial_006
21468,202611,0,0.12290302606017,0,202611,final_validation_catboost_trial_006
21470,202611,0,0.112185300334466,0,202611,final_validation_catboost_trial_006
21473,202611,0,0.168100041016057,0,202611,final_validation_catboost_trial_006
21474,202611,0,0.150490713024588,0,202611,final_validation_catboost_trial_006
21476,202611,0,0.150460004078268,0,202611,final_validation_catboost_trial_006
21477,202611,1,0.164498355902215,0,202611,final_validation_catboost_trial_006
21478,202611,0,0.120221477878612,0,202611,final_validation_catboost_trial_006
21479,202611,0,0.152731968867188,0,202611,final_validation_catboost_trial_006
21481,202611,1,0.224948216818024,0,202611,final_validation_catboost_trial_006
21482,202611,0,0.120547773894141,0,202611,final_validation_catboost_trial_006
21486,202611,0,0.11571715530579,0,202611,final_validation_catboost_trial_006
21487,202611,0,0.132625463456367,0,202611,final_validation_catboost_trial_006
21488,202611,0,0.121892908785724,0,202611,final_validation_catboost_trial_006
21489,202611,0,0.0668706192284002,0,202611,final_validation_catboost_trial_006
21490,202611,0,0.145733210673282,0,202611,final_validation_catboost_trial_006
21491,202611,1,0.135420668891121,0,202611,final_validation_catboost_trial_006
21492,202611,0,0.256284195472341,0,202611,final_validation_catboost_trial_006
21493,202611,0,0.266711466235801,0,202611,final_validation_catboost_trial_006
21495,202611,0,0.168280752682943,0,202611,final_validation_catboost_trial_006
21498,202611,1,0.249558221603138,0,202611,final_validation_catboost_trial_006
21499,202611,0,0.15274383366415,0,202611,final_validation_catboost_trial_006
21500,202611,0,0.121363883859681,0,202611,final_validation_catboost_trial_006
21503,202611,0,0.15871973391655,0,202611,final_validation_catboost_trial_006
21504,202611,0,0.153402044664746,0,202611,final_validation_catboost_trial_006
21506,202611,1,0.126730731209493,0,202611,final_validation_catboost_trial_006
21507,202611,1,0.138806272362527,0,202611,final_validation_catboost_trial_006
21509,202611,1,0.128720674763887,0,202611,final_validation_catboost_trial_006
21511,202611,0,0.0576870932548744,0,202611,final_validation_catboost_trial_006
21513,202611,0,0.14592948217563,0,202611,final_validation_catboost_trial_006
21514,202611,0,0.0434671077163366,0,202611,final_validation_catboost_trial_006
21515,202611,0,0.242104857088573,0,202611,final_validation_catboost_trial_006
21516,202611,0,0.123458985476667,0,202611,final_validation_catboost_trial_006
21517,202611,0,0.0442785825457721,0,202611,final_validation_catboost_trial_006
21518,202611,1,0.141259508360128,0,202611,final_validation_catboost_trial_006
21519,202611,0,0.120883175673262,0,202611,final_validation_catboost_trial_006
21520,202611,1,0.178573697712061,0,202611,final_validation_catboost_trial_006
21521,202611,0,0.151592056559425,0,202611,final_validation_catboost_trial_006
21522,202611,0,0.260083935927933,0,202611,final_validation_catboost_trial_006
21525,202611,0,0.0726511791234336,0,202611,final_validation_catboost_trial_006
21526,202611,0,0.201290234920401,0,202611,final_validation_catboost_trial_006
21527,202611,0,0.133544935196724,0,202611,final_validation_catboost_trial_006
21529,202611,0,0.15667092968733,0,202611,final_validation_catboost_trial_006
21530,202611,0,0.078480244402553,0,202611,final_validation_catboost_trial_006
21531,202611,0,0.263480075305054,0,202611,final_validation_catboost_trial_006
21532,202611,0,0.222558072756595,0,202611,final_validation_catboost_trial_006
21533,202611,0,0.121604048740657,0,202611,final_validation_catboost_trial_006
21534,202611,0,0.166506571785509,0,202611,final_validation_catboost_trial_006
21537,202611,1,0.132355941162765,0,202611,final_validation_catboost_trial_006
21538,202611,0,0.0896727313273148,0,202611,final_validation_catboost_trial_006
21540,202611,0,0.133293409534482,0,202611,final_validation_catboost_trial_006
21542,202611,0,0.121987171764176,0,202611,final_validation_catboost_trial_006
21543,202611,1,0.137767778999565,0,202611,final_validation_catboost_trial_006
21544,202611,0,0.145713464827058,0,202611,final_validation_catboost_trial_006
21545,202611,0,0.0734612129481468,0,202611,final_validation_catboost_trial_006
21547,202611,0,0.134475873972525,0,202611,final_validation_catboost_trial_006
21548,202611,0,0.122380253789284,0,202611,final_validation_catboost_trial_006
21551,202611,0,0.123383049844142,0,202611,final_validation_catboost_trial_006
21552,202611,0,0.165356752387918,0,202611,final_validation_catboost_trial_006
21554,202611,1,0.228566470557092,0,202611,final_validation_catboost_trial_006
21556,202611,0,0.116475198665713,0,202611,final_validation_catboost_trial_006
21557,202611,0,0.129094875129326,0,202611,final_validation_catboost_trial_006
21558,202611,0,0.127285885161773,0,202611,final_validation_catboost_trial_006
21559,202611,0,0.225778814574052,0,202611,final_validation_catboost_trial_006
21560,202611,0,0.104112212653872,0,202611,final_validation_catboost_trial_006
21563,202611,0,0.067701317461338,0,202611,final_validation_catboost_trial_006
21567,202611,0,0.162851050218034,0,202611,final_validation_catboost_trial_006
21568,202611,0,0.149946582299134,0,202611,final_validation_catboost_trial_006
21570,202611,0,0.0754004162842738,0,202611,final_validation_catboost_trial_006
21571,202611,1,0.121440092020514,0,202611,final_validation_catboost_trial_006
21574,202611,1,0.262239165237991,0,202611,final_validation_catboost_trial_006
21575,202611,0,0.15260272774149,0,202611,final_validation_catboost_trial_006
21576,202611,0,0.335962643383258,0,202611,final_validation_catboost_trial_006
21577,202611,0,0.0554708491976346,0,202611,final_validation_catboost_trial_006
21579,202611,0,0.135192824850841,0,202611,final_validation_catboost_trial_006
21580,202611,0,0.0593831137328297,0,202611,final_validation_catboost_trial_006
21581,202611,0,0.12270173158334,0,202611,final_validation_catboost_trial_006
21582,202611,0,0.117882252984235,0,202611,final_validation_catboost_trial_006
21586,202611,0,0.158813561652906,0,202611,final_validation_catboost_trial_006
21587,202611,1,0.131141728814819,0,202611,final_validation_catboost_trial_006
21588,202611,0,0.139702099144297,0,202611,final_validation_catboost_trial_006
21589,202611,0,0.142926687632848,0,202611,final_validation_catboost_trial_006
21590,202611,0,0.118659106226842,0,202611,final_validation_catboost_trial_006
21592,202611,0,0.149205833819054,0,202611,final_validation_catboost_trial_006
21593,202611,0,0.151957582353248,0,202611,final_validation_catboost_trial_006
21594,202611,0,0.181763535664619,0,202611,final_validation_catboost_trial_006
21595,202611,0,0.0811519895454634,0,202611,final_validation_catboost_trial_006
21596,202611,0,0.152368776851466,0,202611,final_validation_catboost_trial_006
21597,202611,0,0.124759237058778,0,202611,final_validation_catboost_trial_006
21599,202611,0,0.147591974751929,0,202611,final_validation_catboost_trial_006
21600,202611,0,0.0680353107986772,0,202611,final_validation_catboost_trial_006
21603,202611,1,0.318505061184488,0,202611,final_validation_catboost_trial_006
21604,202611,0,0.0581244179201021,0,202611,final_validation_catboost_trial_006
21605,202611,0,0.160054903547191,0,202611,final_validation_catboost_trial_006
21606,202611,0,0.313120598937098,0,202611,final_validation_catboost_trial_006
21607,202611,0,0.142382280293032,0,202611,final_validation_catboost_trial_006
21608,202611,0,0.158954808717478,0,202611,final_validation_catboost_trial_006
21611,202611,0,0.0675131537936406,0,202611,final_validation_catboost_trial_006
21612,202611,0,0.244115189825251,0,202611,final_validation_catboost_trial_006
21613,202611,0,0.133661332310813,0,202611,final_validation_catboost_trial_006
21614,202611,0,0.158770071378872,0,202611,final_validation_catboost_trial_006
21617,202611,0,0.140161700951582,0,202611,final_validation_catboost_trial_006
21618,202611,0,0.136181025696857,0,202611,final_validation_catboost_trial_006
21621,202611,0,0.139485925072767,0,202611,final_validation_catboost_trial_006
21622,202611,1,0.29992958155536,0,202611,final_validation_catboost_trial_006
21623,202611,0,0.167901241083503,0,202611,final_validation_catboost_trial_006
21624,202611,0,0.119968128064937,0,202611,final_validation_catboost_trial_006
21625,202611,0,0.356167194654795,0,202611,final_validation_catboost_trial_006
21626,202611,0,0.141249978080104,0,202611,final_validation_catboost_trial_006
21627,202611,1,0.145558733989543,0,202611,final_validation_catboost_trial_006
21628,202611,1,0.170974883298876,0,202611,final_validation_catboost_trial_006
21633,202611,1,0.115989139260583,0,202611,final_validation_catboost_trial_006
21634,202611,0,0.116993152561242,0,202611,final_validation_catboost_trial_006
21636,202611,0,0.145249422787964,0,202611,final_validation_catboost_trial_006
21637,202611,1,0.317532178161918,0,202611,final_validation_catboost_trial_006
21638,202611,0,0.144023830060731,0,202611,final_validation_catboost_trial_006
21641,202611,0,0.142460665109435,0,202611,final_validation_catboost_trial_006
21642,202611,1,0.155116466011032,0,202611,final_validation_catboost_trial_006
21643,202611,0,0.146777058215723,0,202611,final_validation_catboost_trial_006
21645,202611,0,0.0568214345481248,0,202611,final_validation_catboost_trial_006
21646,202611,0,0.0627639966652236,0,202611,final_validation_catboost_trial_006
21649,202611,0,0.148008656270926,0,202611,final_validation_catboost_trial_006
21650,202611,0,0.138897547305894,0,202611,final_validation_catboost_trial_006
21651,202611,0,0.0627050481355351,0,202611,final_validation_catboost_trial_006
21652,202611,0,0.14087361900206,0,202611,final_validation_catboost_trial_006
21653,202611,0,0.146652895198472,0,202611,final_validation_catboost_trial_006
21654,202611,0,0.150601747789509,0,202611,final_validation_catboost_trial_006
21659,202611,0,0.136675245103132,0,202611,final_validation_catboost_trial_006
21660,202611,0,0.0398497613435904,0,202611,final_validation_catboost_trial_006
21661,202611,0,0.123955754475577,0,202611,final_validation_catboost_trial_006
21664,202611,0,0.147174533991413,0,202611,final_validation_catboost_trial_006
21665,202611,0,0.122265717089866,0,202611,final_validation_catboost_trial_006
21666,202611,0,0.355197154066157,0,202611,final_validation_catboost_trial_006
21669,202611,0,0.144314818421945,0,202611,final_validation_catboost_trial_006
21671,202611,0,0.124609476815376,0,202611,final_validation_catboost_trial_006
21673,202611,0,0.225423382157613,0,202611,final_validation_catboost_trial_006
21675,202611,0,0.143470118693867,0,202611,final_validation_catboost_trial_006
21676,202611,0,0.134643667073886,0,202611,final_validation_catboost_trial_006
21677,202611,0,0.115533573623877,0,202611,final_validation_catboost_trial_006
21678,202611,0,0.187774942332633,0,202611,final_validation_catboost_trial_006
21680,202611,0,0.138320001894974,0,202611,final_validation_catboost_trial_006
21681,202611,0,0.157889079844101,0,202611,final_validation_catboost_trial_006
21683,202611,0,0.113770860725618,0,202611,final_validation_catboost_trial_006
21684,202611,0,0.113957100186065,0,202611,final_validation_catboost_trial_006
21685,202611,0,0.0565638384279043,0,202611,final_validation_catboost_trial_006
21686,202611,0,0.151943556157818,0,202611,final_validation_catboost_trial_006
21688,202611,0,0.136223293520902,0,202611,final_validation_catboost_trial_006
21689,202611,0,0.140675308819802,0,202611,final_validation_catboost_trial_006
21690,202611,0,0.149760184798864,0,202611,final_validation_catboost_trial_006
21692,202611,0,0.146303707230831,0,202611,final_validation_catboost_trial_006
21693,202611,0,0.139590203629202,0,202611,final_validation_catboost_trial_006
21694,202611,0,0.0579156980245733,0,202611,final_validation_catboost_trial_006
21695,202611,0,0.114431764494629,0,202611,final_validation_catboost_trial_006
21696,202611,0,0.12796502240945,0,202611,final_validation_catboost_trial_006
21697,202611,0,0.13999352772868,0,202611,final_validation_catboost_trial_006
21698,202611,0,0.206687716137328,0,202611,final_validation_catboost_trial_006
21699,202611,0,0.133095838456123,0,202611,final_validation_catboost_trial_006
21700,202611,1,0.145713355611227,0,202611,final_validation_catboost_trial_006
21705,202611,0,0.137020518711102,0,202611,final_validation_catboost_trial_006
21707,202611,1,0.140971112361918,0,202611,final_validation_catboost_trial_006
21709,202611,0,0.145171251686158,0,202611,final_validation_catboost_trial_006
21710,202611,0,0.165646647175679,0,202611,final_validation_catboost_trial_006
21711,202611,0,0.275118495139546,0,202611,final_validation_catboost_trial_006
21714,202611,0,0.140880744352664,0,202611,final_validation_catboost_trial_006
21715,202611,0,0.174121762308202,0,202611,final_validation_catboost_trial_006
21716,202611,0,0.139354192490762,0,202611,final_validation_catboost_trial_006
21719,202611,0,0.229220369081278,0,202611,final_validation_catboost_trial_006
21720,202611,1,0.155001204235552,0,202611,final_validation_catboost_trial_006
21721,202611,0,0.176355585234666,0,202611,final_validation_catboost_trial_006
21723,202611,0,0.178727286585305,0,202611,final_validation_catboost_trial_006
21724,202611,1,0.128910742577321,0,202611,final_validation_catboost_trial_006
21727,202611,0,0.241707803546826,0,202611,final_validation_catboost_trial_006
21728,202611,0,0.117217481398864,0,202611,final_validation_catboost_trial_006
21729,202611,0,0.132801650020156,0,202611,final_validation_catboost_trial_006
21730,202611,0,0.0629221725215897,0,202611,final_validation_catboost_trial_006
21731,202611,0,0.181886240382677,0,202611,final_validation_catboost_trial_006
21732,202611,0,0.0876210612316204,0,202611,final_validation_catboost_trial_006
21733,202611,0,0.147454757223254,0,202611,final_validation_catboost_trial_006
21734,202611,0,0.151714840444703,0,202611,final_validation_catboost_trial_006
21735,202611,1,0.159867297013151,0,202611,final_validation_catboost_trial_006
21736,202611,0,0.128393950004904,0,202611,final_validation_catboost_trial_006
21737,202611,0,0.137772695115015,0,202611,final_validation_catboost_trial_006
21738,202611,0,0.181490850346145,0,202611,final_validation_catboost_trial_006
21739,202611,0,0.172240742761728,0,202611,final_validation_catboost_trial_006
21741,202611,0,0.172994879089339,0,202611,final_validation_catboost_trial_006
21742,202611,0,0.167582967058248,0,202611,final_validation_catboost_trial_006
21743,202611,1,0.145342447667459,0,202611,final_validation_catboost_trial_006
21745,202611,0,0.232896585062866,0,202611,final_validation_catboost_trial_006
21746,202611,0,0.0563185139157691,0,202611,final_validation_catboost_trial_006
21747,202611,0,0.152218664747045,0,202611,final_validation_catboost_trial_006
21749,202611,1,0.114419163075161,0,202611,final_validation_catboost_trial_006
21750,202611,0,0.102610728571974,0,202611,final_validation_catboost_trial_006
21751,202611,0,0.120001957844237,0,202611,final_validation_catboost_trial_006
21754,202611,0,0.141940867774557,0,202611,final_validation_catboost_trial_006
21756,202611,0,0.169710400356083,0,202611,final_validation_catboost_trial_006
21757,202611,0,0.158483089106649,0,202611,final_validation_catboost_trial_006
21758,202611,0,0.150719462217702,0,202611,final_validation_catboost_trial_006
21760,202611,0,0.113309103773443,0,202611,final_validation_catboost_trial_006
21765,202611,0,0.136570581466576,0,202611,final_validation_catboost_trial_006
21767,202611,0,0.126121531196111,0,202611,final_validation_catboost_trial_006
21768,202611,0,0.119713617509154,0,202611,final_validation_catboost_trial_006
21769,202611,0,0.154388208170561,0,202611,final_validation_catboost_trial_006
21770,202611,0,0.129226100707641,0,202611,final_validation_catboost_trial_006
21771,202611,0,0.112237654899761,0,202611,final_validation_catboost_trial_006
21772,202611,0,0.172664613029578,0,202611,final_validation_catboost_trial_006
21773,202611,0,0.145114882102727,0,202611,final_validation_catboost_trial_006
21774,202611,0,0.152336656539643,0,202611,final_validation_catboost_trial_006
21775,202611,0,0.116551611453327,0,202611,final_validation_catboost_trial_006
21777,202611,1,0.353779210528068,0,202611,final_validation_catboost_trial_006
21778,202611,1,0.173884621214066,0,202611,final_validation_catboost_trial_006
21779,202611,1,0.120319907862075,0,202611,final_validation_catboost_trial_006
21780,202611,0,0.145930661166675,0,202611,final_validation_catboost_trial_006
21781,202611,0,0.168583397180866,0,202611,final_validation_catboost_trial_006
21782,202611,0,0.151998094708612,0,202611,final_validation_catboost_trial_006
21783,202611,1,0.316099365418968,0,202611,final_validation_catboost_trial_006
21790,202611,0,0.143161521336675,0,202611,final_validation_catboost_trial_006
21791,202611,0,0.15960862907684,0,202611,final_validation_catboost_trial_006
21792,202611,0,0.146900151811976,0,202611,final_validation_catboost_trial_006
21793,202611,0,0.233501718598132,0,202611,final_validation_catboost_trial_006
21794,202611,0,0.11468277676815,0,202611,final_validation_catboost_trial_006
21795,202611,1,0.139159092108597,0,202611,final_validation_catboost_trial_006
21796,202611,0,0.0511376532518507,0,202611,final_validation_catboost_trial_006
21798,202611,0,0.165612277527032,0,202611,final_validation_catboost_trial_006
21799,202611,0,0.129109882546476,0,202611,final_validation_catboost_trial_006
21800,202611,0,0.14254102616661,0,202611,final_validation_catboost_trial_006
21801,202611,1,0.126096346510922,0,202611,final_validation_catboost_trial_006
21802,202611,0,0.135568804667234,0,202611,final_validation_catboost_trial_006
21803,202611,0,0.14255584717846,0,202611,final_validation_catboost_trial_006
21804,202611,0,0.157218813923143,0,202611,final_validation_catboost_trial_006
21805,202611,0,0.127115528932777,0,202611,final_validation_catboost_trial_006
21806,202611,0,0.151663197415403,0,202611,final_validation_catboost_trial_006
21807,202611,0,0.204591069770474,0,202611,final_validation_catboost_trial_006
21808,202611,0,0.147559277319759,0,202611,final_validation_catboost_trial_006
21810,202611,1,0.134926522309435,0,202611,final_validation_catboost_trial_006
21812,202611,0,0.1162622789692,0,202611,final_validation_catboost_trial_006
21813,202611,0,0.0484746013194454,0,202611,final_validation_catboost_trial_006
21816,202611,0,0.168628426167518,0,202611,final_validation_catboost_trial_006
21817,202611,0,0.113923228335343,0,202611,final_validation_catboost_trial_006
21819,202611,0,0.135125858247393,0,202611,final_validation_catboost_trial_006
21820,202611,1,0.234932194530538,0,202611,final_validation_catboost_trial_006
21821,202611,0,0.0556358171445144,0,202611,final_validation_catboost_trial_006
21823,202611,0,0.146962105688351,0,202611,final_validation_catboost_trial_006
21825,202611,1,0.335055513158803,0,202611,final_validation_catboost_trial_006
21826,202611,0,0.144384108098249,0,202611,final_validation_catboost_trial_006
21827,202611,0,0.126858364656896,0,202611,final_validation_catboost_trial_006
21828,202611,0,0.142982670376083,0,202611,final_validation_catboost_trial_006
21829,202611,0,0.103047102805869,0,202611,final_validation_catboost_trial_006
21831,202611,0,0.150006633967257,0,202611,final_validation_catboost_trial_006
21833,202611,0,0.127783692616591,0,202611,final_validation_catboost_trial_006
21835,202611,1,0.145774016622418,0,202611,final_validation_catboost_trial_006
21836,202611,0,0.212544904764646,0,202611,final_validation_catboost_trial_006
21837,202611,0,0.162425881795244,0,202611,final_validation_catboost_trial_006
21838,202611,0,0.1538255715325,0,202611,final_validation_catboost_trial_006
21839,202611,0,0.156909054436222,0,202611,final_validation_catboost_trial_006
21840,202611,0,0.118553431498018,0,202611,final_validation_catboost_trial_006
21842,202611,1,0.139304662481948,0,202611,final_validation_catboost_trial_006
21844,202611,0,0.148405152813481,0,202611,final_validation_catboost_trial_006
21846,202611,0,0.133794329274635,0,202611,final_validation_catboost_trial_006
21847,202611,0,0.146853274160877,0,202611,final_validation_catboost_trial_006
21848,202611,0,0.216205847512317,0,202611,final_validation_catboost_trial_006
21851,202611,0,0.154479378257521,0,202611,final_validation_catboost_trial_006
21852,202611,0,0.18336141323119,0,202611,final_validation_catboost_trial_006
21853,202611,0,0.178607423103463,0,202611,final_validation_catboost_trial_006
21855,202611,0,0.11235787402048,0,202611,final_validation_catboost_trial_006
21856,202611,0,0.223998625587799,0,202611,final_validation_catboost_trial_006
21859,202611,0,0.157827588658755,0,202611,final_validation_catboost_trial_006
21861,202611,1,0.0715513423507939,0,202611,final_validation_catboost_trial_006
21862,202611,0,0.0845187028356867,0,202611,final_validation_catboost_trial_006
21864,202611,0,0.0838618206407952,0,202611,final_validation_catboost_trial_006
21865,202611,1,0.120028994360433,0,202611,final_validation_catboost_trial_006
21866,202611,0,0.258311408003724,0,202611,final_validation_catboost_trial_006
21867,202611,0,0.142615175087199,0,202611,final_validation_catboost_trial_006
21868,202611,0,0.154900617564221,0,202611,final_validation_catboost_trial_006
21869,202611,0,0.129646503165606,0,202611,final_validation_catboost_trial_006
21870,202611,0,0.113627583539085,0,202611,final_validation_catboost_trial_006
21871,202611,0,0.182830444701635,0,202611,final_validation_catboost_trial_006
21872,202611,0,0.0572231913069432,0,202611,final_validation_catboost_trial_006
21873,202611,0,0.2191717815318,0,202611,final_validation_catboost_trial_006
21874,202611,0,0.111389715372346,0,202611,final_validation_catboost_trial_006
21876,202611,0,0.118197482037067,0,202611,final_validation_catboost_trial_006
21877,202611,0,0.203336137526037,0,202611,final_validation_catboost_trial_006
21879,202611,0,0.165371216146798,0,202611,final_validation_catboost_trial_006
21882,202611,0,0.240113915272373,0,202611,final_validation_catboost_trial_006
21885,202611,0,0.141580499970579,0,202611,final_validation_catboost_trial_006
21886,202611,0,0.0975411395077523,0,202611,final_validation_catboost_trial_006
21887,202611,0,0.133622449222498,0,202611,final_validation_catboost_trial_006
21888,202611,0,0.176420960694389,0,202611,final_validation_catboost_trial_006
21889,202611,0,0.142821592059585,0,202611,final_validation_catboost_trial_006
21890,202611,0,0.14496629152203,0,202611,final_validation_catboost_trial_006
21891,202611,1,0.131679949759881,0,202611,final_validation_catboost_trial_006
21892,202611,1,0.12884070667506,0,202611,final_validation_catboost_trial_006
21893,202611,0,0.148391285041085,0,202611,final_validation_catboost_trial_006
21894,202611,0,0.141563133491922,0,202611,final_validation_catboost_trial_006
21895,202611,0,0.125901965540094,0,202611,final_validation_catboost_trial_006
21896,202611,0,0.212801171370378,0,202611,final_validation_catboost_trial_006
21898,202611,1,0.191605177765024,0,202611,final_validation_catboost_trial_006
21899,202611,0,0.237165911874919,0,202611,final_validation_catboost_trial_006
21900,202611,0,0.137868829158108,0,202611,final_validation_catboost_trial_006
21901,202611,0,0.127595347873202,0,202611,final_validation_catboost_trial_006
21902,202611,1,0.243629638746297,0,202611,final_validation_catboost_trial_006
21903,202611,0,0.137489071326899,0,202611,final_validation_catboost_trial_006
21905,202611,0,0.146969443744207,0,202611,final_validation_catboost_trial_006
21906,202611,0,0.208269638837563,0,202611,final_validation_catboost_trial_006
21908,202611,0,0.0955249406049428,0,202611,final_validation_catboost_trial_006
21909,202611,1,0.385987585153501,0,202611,final_validation_catboost_trial_006
21910,202611,0,0.163220954592515,0,202611,final_validation_catboost_trial_006
21911,202611,0,0.116382240344815,0,202611,final_validation_catboost_trial_006
21913,202611,0,0.154704249092333,0,202611,final_validation_catboost_trial_006
21914,202611,0,0.124795563240651,0,202611,final_validation_catboost_trial_006
21916,202611,0,0.115820451962798,0,202611,final_validation_catboost_trial_006
21918,202611,0,0.0523173972922425,0,202611,final_validation_catboost_trial_006
21919,202611,0,0.116627479271758,0,202611,final_validation_catboost_trial_006
21921,202611,0,0.154740453037436,0,202611,final_validation_catboost_trial_006
21922,202611,1,0.132407340470765,0,202611,final_validation_catboost_trial_006
21923,202611,0,0.124997961145075,0,202611,final_validation_catboost_trial_006
21925,202611,0,0.0620840482924782,0,202611,final_validation_catboost_trial_006
21926,202611,0,0.17323085768968,0,202611,final_validation_catboost_trial_006
21927,202611,0,0.152100988177203,0,202611,final_validation_catboost_trial_006
21928,202611,0,0.1271281914029,0,202611,final_validation_catboost_trial_006
21930,202611,0,0.154910253691051,0,202611,final_validation_catboost_trial_006
21931,202611,0,0.127835831046916,0,202611,final_validation_catboost_trial_006
21934,202611,0,0.134675788755673,0,202611,final_validation_catboost_trial_006
21935,202611,0,0.131762116597658,0,202611,final_validation_catboost_trial_006
21936,202611,0,0.349801129296634,0,202611,final_validation_catboost_trial_006
21937,202611,0,0.126760504758361,0,202611,final_validation_catboost_trial_006
21938,202611,0,0.258322201438717,0,202611,final_validation_catboost_trial_006
21939,202611,0,0.33968280873656,0,202611,final_validation_catboost_trial_006
21940,202611,1,0.335196531694193,0,202611,final_validation_catboost_trial_006
21941,202611,0,0.114966112448268,0,202611,final_validation_catboost_trial_006
21942,202611,0,0.145839425964246,0,202611,final_validation_catboost_trial_006
21943,202611,1,0.262248423536859,0,202611,final_validation_catboost_trial_006
21945,202611,0,0.160816469053972,0,202611,final_validation_catboost_trial_006
21946,202611,0,0.115403671051237,0,202611,final_validation_catboost_trial_006
21947,202611,0,0.168074421219329,0,202611,final_validation_catboost_trial_006
21948,202611,0,0.140836449291108,0,202611,final_validation_catboost_trial_006
21952,202611,0,0.0677725013595497,0,202611,final_validation_catboost_trial_006
21953,202611,0,0.153650243228927,0,202611,final_validation_catboost_trial_006
21957,202611,0,0.153528271420875,0,202611,final_validation_catboost_trial_006
21958,202611,0,0.0529370783927232,0,202611,final_validation_catboost_trial_006
21959,202611,0,0.132499027554048,0,202611,final_validation_catboost_trial_006
21961,202611,0,0.127655546157482,0,202611,final_validation_catboost_trial_006
21962,202611,0,0.149163399500545,0,202611,final_validation_catboost_trial_006
21963,202611,0,0.0626790213573622,0,202611,final_validation_catboost_trial_006
21964,202611,0,0.156895196759108,0,202611,final_validation_catboost_trial_006
21967,202611,0,0.169214975480801,0,202611,final_validation_catboost_trial_006
21969,202611,0,0.0693821228827077,0,202611,final_validation_catboost_trial_006
21970,202611,0,0.141256556560636,0,202611,final_validation_catboost_trial_006
21971,202611,0,0.0523518917879123,0,202611,final_validation_catboost_trial_006
21973,202611,0,0.193792326917364,0,202611,final_validation_catboost_trial_006
21974,202611,0,0.112843778090173,0,202611,final_validation_catboost_trial_006
21978,202611,1,0.318094206346943,0,202611,final_validation_catboost_trial_006
21980,202611,0,0.122723058405734,0,202611,final_validation_catboost_trial_006
21981,202611,0,0.0633739060865674,0,202611,final_validation_catboost_trial_006
21982,202611,1,0.334292118433878,0,202611,final_validation_catboost_trial_006
21983,202611,0,0.120872477271831,0,202611,final_validation_catboost_trial_006
21984,202611,0,0.106995343550585,0,202611,final_validation_catboost_trial_006
21985,202611,0,0.124144213611807,0,202611,final_validation_catboost_trial_006
21986,202611,0,0.151859687823813,0,202611,final_validation_catboost_trial_006
21987,202611,1,0.122257311150122,0,202611,final_validation_catboost_trial_006
21990,202611,0,0.152608647533408,0,202611,final_validation_catboost_trial_006
21991,202611,0,0.125273610862777,0,202611,final_validation_catboost_trial_006
21992,202611,0,0.110697333198177,0,202611,final_validation_catboost_trial_006
21994,202611,0,0.17388876986389,0,202611,final_validation_catboost_trial_006
21995,202611,0,0.118219707761767,0,202611,final_validation_catboost_trial_006
21996,202611,0,0.0685277320586038,0,202611,final_validation_catboost_trial_006
21997,202611,0,0.145543955902414,0,202611,final_validation_catboost_trial_006
21998,202611,0,0.157320571650464,0,202611,final_validation_catboost_trial_006
21999,202611,0,0.139147888224223,0,202611,final_validation_catboost_trial_006
22002,202611,0,0.0549469392423047,0,202611,final_validation_catboost_trial_006
22004,202611,0,0.141751544178171,0,202611,final_validation_catboost_trial_006
22005,202611,0,0.270546741850872,0,202611,final_validation_catboost_trial_006
22006,202611,1,0.129216548060139,0,202611,final_validation_catboost_trial_006
22007,202611,0,0.131573062592189,0,202611,final_validation_catboost_trial_006
22008,202611,0,0.134059324433683,0,202611,final_validation_catboost_trial_006
22009,202611,0,0.116052068103111,0,202611,final_validation_catboost_trial_006
22010,202611,1,0.22922965609843,0,202611,final_validation_catboost_trial_006
22011,202611,1,0.241178976679526,0,202611,final_validation_catboost_trial_006
22012,202611,0,0.316666023096209,0,202611,final_validation_catboost_trial_006
22013,202611,0,0.132899284371036,0,202611,final_validation_catboost_trial_006
22014,202611,1,0.150923772807504,0,202611,final_validation_catboost_trial_006
22015,202611,0,0.0723489417667509,0,202611,final_validation_catboost_trial_006
22016,202611,0,0.126789661198885,0,202611,final_validation_catboost_trial_006
22017,202611,0,0.0620404724348443,0,202611,final_validation_catboost_trial_006
22019,202611,0,0.238240726680739,0,202611,final_validation_catboost_trial_006
22020,202611,0,0.176451455340804,0,202611,final_validation_catboost_trial_006
22021,202611,0,0.0390064123826909,0,202611,final_validation_catboost_trial_006
22022,202611,0,0.119450054808992,0,202611,final_validation_catboost_trial_006
22023,202611,0,0.14735736760487,0,202611,final_validation_catboost_trial_006
22024,202611,1,0.384330436141722,0,202611,final_validation_catboost_trial_006
22025,202611,0,0.180757633275319,0,202611,final_validation_catboost_trial_006
22027,202611,0,0.181484258286634,0,202611,final_validation_catboost_trial_006
22028,202611,0,0.0639160805855404,0,202611,final_validation_catboost_trial_006
22029,202611,1,0.244241293951076,0,202611,final_validation_catboost_trial_006
22030,202611,1,0.156950081149121,0,202611,final_validation_catboost_trial_006
22031,202611,1,0.260512578404724,0,202611,final_validation_catboost_trial_006
22032,202611,1,0.0562930622528026,0,202611,final_validation_catboost_trial_006
22033,202611,0,0.140517495766037,0,202611,final_validation_catboost_trial_006
22034,202611,0,0.189687757661464,0,202611,final_validation_catboost_trial_006
22035,202611,0,0.142738429492664,0,202611,final_validation_catboost_trial_006
22036,202611,0,0.134930172943141,0,202611,final_validation_catboost_trial_006
22038,202611,0,0.0450942646028957,0,202611,final_validation_catboost_trial_006
22039,202611,0,0.148401319007079,0,202611,final_validation_catboost_trial_006
22041,202611,1,0.170234388321413,0,202611,final_validation_catboost_trial_006
22042,202611,0,0.204577788308381,0,202611,final_validation_catboost_trial_006
22044,202611,0,0.120281338324908,0,202611,final_validation_catboost_trial_006
22045,202611,0,0.14589330366636,0,202611,final_validation_catboost_trial_006
22046,202611,1,0.130026138094824,0,202611,final_validation_catboost_trial_006
22048,202611,0,0.259837794084327,0,202611,final_validation_catboost_trial_006
22049,202611,0,0.134648117927261,0,202611,final_validation_catboost_trial_006
22050,202611,1,0.137554510874146,0,202611,final_validation_catboost_trial_006
22051,202611,0,0.120973235644004,0,202611,final_validation_catboost_trial_006
22052,202611,0,0.0714514169112553,0,202611,final_validation_catboost_trial_006
22053,202611,0,0.146955941417469,0,202611,final_validation_catboost_trial_006
22054,202611,0,0.151796361458932,0,202611,final_validation_catboost_trial_006
22055,202611,0,0.12910620426388,0,202611,final_validation_catboost_trial_006
22056,202611,0,0.140330963167238,0,202611,final_validation_catboost_trial_006
22057,202611,1,0.264995499624825,0,202611,final_validation_catboost_trial_006
22058,202611,0,0.225688002416304,0,202611,final_validation_catboost_trial_006
22059,202611,0,0.153509131227921,0,202611,final_validation_catboost_trial_006
22061,202611,0,0.0651633507798281,0,202611,final_validation_catboost_trial_006
22062,202611,0,0.133574754564748,0,202611,final_validation_catboost_trial_006
22065,202611,0,0.137618056597668,0,202611,final_validation_catboost_trial_006
22066,202611,0,0.118583917902638,0,202611,final_validation_catboost_trial_006
22067,202611,1,0.125321071250471,0,202611,final_validation_catboost_trial_006
22068,202611,0,0.197137802379712,0,202611,final_validation_catboost_trial_006
22069,202611,0,0.148150244942161,0,202611,final_validation_catboost_trial_006
22072,202611,1,0.165156378001447,0,202611,final_validation_catboost_trial_006
22074,202611,0,0.196726917577643,0,202611,final_validation_catboost_trial_006
22076,202611,0,0.160475460603556,0,202611,final_validation_catboost_trial_006
22077,202611,0,0.124823745791341,0,202611,final_validation_catboost_trial_006
22078,202611,0,0.146797603478069,0,202611,final_validation_catboost_trial_006
22079,202611,0,0.225022121318777,0,202611,final_validation_catboost_trial_006
22080,202611,0,0.156584125648817,0,202611,final_validation_catboost_trial_006
22082,202611,0,0.0527902626502585,0,202611,final_validation_catboost_trial_006
22083,202611,1,0.224133566610876,0,202611,final_validation_catboost_trial_006
22084,202611,0,0.135776832973621,0,202611,final_validation_catboost_trial_006
22085,202611,0,0.156612983589939,0,202611,final_validation_catboost_trial_006
22086,202611,0,0.161042912842703,0,202611,final_validation_catboost_trial_006
22090,202611,0,0.22313133352717,0,202611,final_validation_catboost_trial_006
22091,202611,0,0.161548324300741,0,202611,final_validation_catboost_trial_006
22092,202611,1,0.151171956278197,0,202611,final_validation_catboost_trial_006
22093,202611,0,0.138584192190882,0,202611,final_validation_catboost_trial_006
22094,202611,1,0.137249689565991,0,202611,final_validation_catboost_trial_006
22095,202611,0,0.059569806495811,0,202611,final_validation_catboost_trial_006
22097,202611,1,0.0644595417650785,0,202611,final_validation_catboost_trial_006
22098,202611,0,0.123185169855015,0,202611,final_validation_catboost_trial_006
22099,202611,0,0.0702964328226429,0,202611,final_validation_catboost_trial_006
22100,202611,0,0.102952124490242,0,202611,final_validation_catboost_trial_006
22101,202611,0,0.17663363169618,0,202611,final_validation_catboost_trial_006
22102,202611,0,0.373472108052963,0,202611,final_validation_catboost_trial_006
22103,202611,0,0.135346737598401,0,202611,final_validation_catboost_trial_006
22104,202611,1,0.127449342688105,0,202611,final_validation_catboost_trial_006
22106,202611,0,0.155074460340164,0,202611,final_validation_catboost_trial_006
22107,202611,0,0.155398842945782,0,202611,final_validation_catboost_trial_006
22109,202611,1,0.128799618044924,0,202611,final_validation_catboost_trial_006
22111,202611,0,0.143511152578099,0,202611,final_validation_catboost_trial_006
22112,202611,0,0.205717059270725,0,202611,final_validation_catboost_trial_006
22114,202611,1,0.229304482971741,0,202611,final_validation_catboost_trial_006
22116,202611,0,0.0727540071384365,0,202611,final_validation_catboost_trial_006
22121,202611,0,0.200426302822944,0,202611,final_validation_catboost_trial_006
22123,202611,0,0.0607119227807035,0,202611,final_validation_catboost_trial_006
22124,202611,0,0.0773564379350099,0,202611,final_validation_catboost_trial_006
22125,202611,0,0.116692378910154,0,202611,final_validation_catboost_trial_006
22126,202611,0,0.16597992782833,0,202611,final_validation_catboost_trial_006
22127,202611,0,0.0943801020002165,0,202611,final_validation_catboost_trial_006
22128,202611,1,0.114380541526247,0,202611,final_validation_catboost_trial_006
22129,202611,1,0.120758739496852,0,202611,final_validation_catboost_trial_006
22130,202611,0,0.140032132654856,0,202611,final_validation_catboost_trial_006
22131,202611,0,0.179914008058572,0,202611,final_validation_catboost_trial_006
22132,202611,0,0.0702485549480561,0,202611,final_validation_catboost_trial_006
22134,202611,0,0.260822470046396,0,202611,final_validation_catboost_trial_006
22135,202611,0,0.157670962777355,0,202611,final_validation_catboost_trial_006
22136,202611,0,0.225083168048431,0,202611,final_validation_catboost_trial_006
22137,202611,0,0.181867003473769,0,202611,final_validation_catboost_trial_006
22140,202611,1,0.14456699666247,0,202611,final_validation_catboost_trial_006
22141,202611,0,0.161714475156804,0,202611,final_validation_catboost_trial_006
22142,202611,1,0.160057781744605,0,202611,final_validation_catboost_trial_006
22143,202611,0,0.149003131124702,0,202611,final_validation_catboost_trial_006
22144,202611,1,0.138703946537609,0,202611,final_validation_catboost_trial_006
22146,202611,0,0.134637701465463,0,202611,final_validation_catboost_trial_006
22147,202611,0,0.131508028234402,0,202611,final_validation_catboost_trial_006
22148,202611,0,0.230477277026354,0,202611,final_validation_catboost_trial_006
22149,202611,0,0.127454522474178,0,202611,final_validation_catboost_trial_006
22151,202611,0,0.14521622095934,0,202611,final_validation_catboost_trial_006
22152,202611,0,0.144523545857664,0,202611,final_validation_catboost_trial_006
22153,202611,0,0.145682515522207,0,202611,final_validation_catboost_trial_006
22154,202611,0,0.135253781138594,0,202611,final_validation_catboost_trial_006
22155,202611,1,0.127639716649319,0,202611,final_validation_catboost_trial_006
22156,202611,0,0.189165601829367,0,202611,final_validation_catboost_trial_006
22158,202611,0,0.135427731086292,0,202611,final_validation_catboost_trial_006
22159,202611,0,0.164787568464293,0,202611,final_validation_catboost_trial_006
22160,202611,0,0.149179641949578,0,202611,final_validation_catboost_trial_006
22161,202611,0,0.134669100745141,0,202611,final_validation_catboost_trial_006
22162,202611,1,0.107778488518021,0,202611,final_validation_catboost_trial_006
22163,202611,0,0.0799362784280031,0,202611,final_validation_catboost_trial_006
22164,202611,0,0.204322843317419,0,202611,final_validation_catboost_trial_006
22166,202611,0,0.136320625686477,0,202611,final_validation_catboost_trial_006
22167,202611,0,0.0729442862542438,0,202611,final_validation_catboost_trial_006
22168,202611,0,0.256389595836959,0,202611,final_validation_catboost_trial_006
22169,202611,0,0.186221916760302,0,202611,final_validation_catboost_trial_006
22172,202611,0,0.166343759979033,0,202611,final_validation_catboost_trial_006
22173,202611,1,0.143772232231617,0,202611,final_validation_catboost_trial_006
22174,202611,1,0.249563760901439,0,202611,final_validation_catboost_trial_006
22175,202611,0,0.133688998530075,0,202611,final_validation_catboost_trial_006
22176,202611,0,0.0649572396667404,0,202611,final_validation_catboost_trial_006
22177,202611,0,0.116544376946629,0,202611,final_validation_catboost_trial_006
22178,202611,0,0.299573638540915,0,202611,final_validation_catboost_trial_006
22179,202611,1,0.16139462879088,0,202611,final_validation_catboost_trial_006
22180,202611,1,0.181378987178995,0,202611,final_validation_catboost_trial_006
22181,202611,0,0.155727675904862,0,202611,final_validation_catboost_trial_006
22182,202611,0,0.127835978453378,0,202611,final_validation_catboost_trial_006
22183,202611,0,0.0615839945983998,0,202611,final_validation_catboost_trial_006
22184,202611,0,0.128981028121264,0,202611,final_validation_catboost_trial_006
22186,202611,0,0.323763442593682,0,202611,final_validation_catboost_trial_006
22187,202611,0,0.164302526974866,0,202611,final_validation_catboost_trial_006
22188,202611,1,0.286972098844783,0,202611,final_validation_catboost_trial_006
22190,202611,0,0.179581748588908,0,202611,final_validation_catboost_trial_006
22192,202611,1,0.159321305201592,0,202611,final_validation_catboost_trial_006
22193,202611,0,0.129006323851616,0,202611,final_validation_catboost_trial_006
22194,202611,0,0.136984771917873,0,202611,final_validation_catboost_trial_006
22195,202611,0,0.17538755107551,0,202611,final_validation_catboost_trial_006
22196,202611,0,0.0633652353958899,0,202611,final_validation_catboost_trial_006
22197,202611,0,0.218897358177984,0,202611,final_validation_catboost_trial_006
22198,202611,0,0.0548043545509367,0,202611,final_validation_catboost_trial_006
22199,202611,0,0.190425622732387,0,202611,final_validation_catboost_trial_006
22200,202611,0,0.155674754521394,0,202611,final_validation_catboost_trial_006
22201,202611,1,0.106265440831511,0,202611,final_validation_catboost_trial_006
22202,202611,0,0.250758239608668,0,202611,final_validation_catboost_trial_006
22203,202611,0,0.130231964551623,0,202611,final_validation_catboost_trial_006
22204,202611,0,0.150081270878291,0,202611,final_validation_catboost_trial_006
22205,202611,0,0.121670876963503,0,202611,final_validation_catboost_trial_006
22206,202611,0,0.126328874266281,0,202611,final_validation_catboost_trial_006
22207,202611,1,0.337179570436004,0,202611,final_validation_catboost_trial_006
22208,202611,0,0.15798669120762,0,202611,final_validation_catboost_trial_006
22210,202611,0,0.110294102506878,0,202611,final_validation_catboost_trial_006
22212,202611,0,0.240452425140318,0,202611,final_validation_catboost_trial_006
22213,202611,1,0.135582917766991,0,202611,final_validation_catboost_trial_006
22214,202611,0,0.138467745274763,0,202611,final_validation_catboost_trial_006
22215,202611,1,0.362521212671628,0,202611,final_validation_catboost_trial_006
22216,202611,0,0.163346177032597,0,202611,final_validation_catboost_trial_006
22217,202611,1,0.114565783691562,0,202611,final_validation_catboost_trial_006
22219,202611,0,0.169177031700452,0,202611,final_validation_catboost_trial_006
22221,202611,1,0.135279472101427,0,202611,final_validation_catboost_trial_006
22222,202611,0,0.158834036679513,0,202611,final_validation_catboost_trial_006
22223,202611,0,0.287429817220208,0,202611,final_validation_catboost_trial_006
22224,202611,0,0.131977989611186,0,202611,final_validation_catboost_trial_006
22225,202611,0,0.156274590023182,0,202611,final_validation_catboost_trial_006
22226,202611,0,0.0548802056376969,0,202611,final_validation_catboost_trial_006
22227,202611,0,0.247152056606376,0,202611,final_validation_catboost_trial_006
22229,202611,0,0.117426282650888,0,202611,final_validation_catboost_trial_006
22231,202611,0,0.140502697254637,0,202611,final_validation_catboost_trial_006
22232,202611,1,0.226555214891413,0,202611,final_validation_catboost_trial_006
22233,202611,0,0.15532882026747,0,202611,final_validation_catboost_trial_006
22234,202611,0,0.287020797982818,0,202611,final_validation_catboost_trial_006
22235,202611,0,0.116896235803328,0,202611,final_validation_catboost_trial_006
22236,202611,0,0.159583184796616,0,202611,final_validation_catboost_trial_006
22237,202611,0,0.16211279037529,0,202611,final_validation_catboost_trial_006
22240,202611,0,0.123265841678484,0,202611,final_validation_catboost_trial_006
22241,202611,0,0.170317053083571,0,202611,final_validation_catboost_trial_006
22242,202611,0,0.151013863758492,0,202611,final_validation_catboost_trial_006
22243,202611,0,0.137221149790818,0,202611,final_validation_catboost_trial_006
22244,202611,1,0.123491754523076,0,202611,final_validation_catboost_trial_006
22245,202611,0,0.150014704719887,0,202611,final_validation_catboost_trial_006
22246,202611,1,0.116431640972258,0,202611,final_validation_catboost_trial_006
22248,202611,0,0.166324367810295,0,202611,final_validation_catboost_trial_006
22249,202611,0,0.13725461133685,0,202611,final_validation_catboost_trial_006
22250,202611,0,0.182273507606902,0,202611,final_validation_catboost_trial_006
22251,202611,0,0.147328999810481,0,202611,final_validation_catboost_trial_006
22252,202611,0,0.0602114618139651,0,202611,final_validation_catboost_trial_006
22253,202611,0,0.140871289527522,0,202611,final_validation_catboost_trial_006
22254,202611,0,0.115568311302415,0,202611,final_validation_catboost_trial_006
22255,202611,0,0.156014086214765,0,202611,final_validation_catboost_trial_006
22257,202611,0,0.0883596909707773,0,202611,final_validation_catboost_trial_006
22258,202611,1,0.226820474506415,0,202611,final_validation_catboost_trial_006
22260,202611,0,0.138014535407856,0,202611,final_validation_catboost_trial_006
22262,202611,0,0.167193965576168,0,202611,final_validation_catboost_trial_006
22263,202611,0,0.158679850138866,0,202611,final_validation_catboost_trial_006
22264,202611,0,0.141301025052548,0,202611,final_validation_catboost_trial_006
22265,202611,0,0.150160429967602,0,202611,final_validation_catboost_trial_006
22267,202611,0,0.333774660818831,0,202611,final_validation_catboost_trial_006
22268,202611,0,0.201778586100908,0,202611,final_validation_catboost_trial_006
22269,202611,0,0.219532101904558,0,202611,final_validation_catboost_trial_006
22270,202611,1,0.115485023568974,0,202611,final_validation_catboost_trial_006
22271,202611,0,0.0619915775621254,0,202611,final_validation_catboost_trial_006
22272,202611,0,0.142886696814222,0,202611,final_validation_catboost_trial_006
22273,202611,0,0.139265976779482,0,202611,final_validation_catboost_trial_006
22274,202611,0,0.179799606087995,0,202611,final_validation_catboost_trial_006
22275,202611,0,0.0811123937837552,0,202611,final_validation_catboost_trial_006
22277,202611,0,0.373846936682563,0,202611,final_validation_catboost_trial_006
22279,202611,1,0.133847914312045,0,202611,final_validation_catboost_trial_006
22280,202611,1,0.145222335768211,0,202611,final_validation_catboost_trial_006
22281,202611,1,0.169827058386408,0,202611,final_validation_catboost_trial_006
22282,202611,0,0.14442591727138,0,202611,final_validation_catboost_trial_006
22283,202611,0,0.0852302514087021,0,202611,final_validation_catboost_trial_006
22284,202611,0,0.0557022251492591,0,202611,final_validation_catboost_trial_006
22285,202611,1,0.1699066390441,0,202611,final_validation_catboost_trial_006
22286,202611,0,0.164277952867111,0,202611,final_validation_catboost_trial_006
22287,202611,0,0.0612714077380122,0,202611,final_validation_catboost_trial_006
22288,202611,0,0.140319401008963,0,202611,final_validation_catboost_trial_006
22289,202611,0,0.17553088814717,0,202611,final_validation_catboost_trial_006
22290,202611,0,0.118076514311809,0,202611,final_validation_catboost_trial_006
22291,202611,0,0.13549317648442,0,202611,final_validation_catboost_trial_006
22292,202611,0,0.0569668078314862,0,202611,final_validation_catboost_trial_006
22293,202611,0,0.141027076374085,0,202611,final_validation_catboost_trial_006
22294,202611,1,0.1688225567057,0,202611,final_validation_catboost_trial_006
22295,202611,0,0.148156855034817,0,202611,final_validation_catboost_trial_006
22296,202611,0,0.14905013649379,0,202611,final_validation_catboost_trial_006
22297,202611,0,0.152984829350746,0,202611,final_validation_catboost_trial_006
22298,202611,0,0.131976854901201,0,202611,final_validation_catboost_trial_006
22299,202611,0,0.128670505763338,0,202611,final_validation_catboost_trial_006
22300,202611,0,0.203077430311253,0,202611,final_validation_catboost_trial_006
22301,202611,1,0.151170242260179,0,202611,final_validation_catboost_trial_006
22302,202611,0,0.200627527852864,0,202611,final_validation_catboost_trial_006
22303,202611,0,0.219869729990578,0,202611,final_validation_catboost_trial_006
22305,202611,0,0.115584916864602,0,202611,final_validation_catboost_trial_006
22306,202611,0,0.154139964274196,0,202611,final_validation_catboost_trial_006
22307,202611,0,0.221312208864187,0,202611,final_validation_catboost_trial_006
22308,202611,0,0.129238352837762,0,202611,final_validation_catboost_trial_006
22309,202611,0,0.164837027873306,0,202611,final_validation_catboost_trial_006
22311,202611,1,0.268815291041192,0,202611,final_validation_catboost_trial_006
22312,202611,0,0.254463841707225,0,202611,final_validation_catboost_trial_006
22313,202611,0,0.123096289075487,0,202611,final_validation_catboost_trial_006
22314,202611,0,0.163320031252847,0,202611,final_validation_catboost_trial_006
22315,202611,0,0.113160298310744,0,202611,final_validation_catboost_trial_006
22316,202611,0,0.245382587841848,0,202611,final_validation_catboost_trial_006
22317,202611,0,0.0608704256238771,0,202611,final_validation_catboost_trial_006
22318,202611,0,0.160323788835953,0,202611,final_validation_catboost_trial_006
22319,202611,0,0.252580010501523,0,202611,final_validation_catboost_trial_006
22320,202611,0,0.164674473342245,0,202611,final_validation_catboost_trial_006
22322,202611,0,0.17676525320604,0,202611,final_validation_catboost_trial_006
22323,202611,0,0.248834967809973,0,202611,final_validation_catboost_trial_006
22324,202611,0,0.137553763899565,0,202611,final_validation_catboost_trial_006
22326,202611,1,0.223512479342806,0,202611,final_validation_catboost_trial_006
22327,202611,1,0.17644793991092,0,202611,final_validation_catboost_trial_006
22328,202611,0,0.147730506599351,0,202611,final_validation_catboost_trial_006
22329,202611,0,0.126698934199458,0,202611,final_validation_catboost_trial_006
22330,202611,0,0.130261260792777,0,202611,final_validation_catboost_trial_006
22331,202611,0,0.16536013698783,0,202611,final_validation_catboost_trial_006
22332,202611,0,0.130171252814734,0,202611,final_validation_catboost_trial_006
22333,202611,0,0.0526457415188296,0,202611,final_validation_catboost_trial_006
22334,202611,0,0.149483079041032,0,202611,final_validation_catboost_trial_006
22335,202611,0,0.141200116491721,0,202611,final_validation_catboost_trial_006
22336,202611,0,0.182987709996144,0,202611,final_validation_catboost_trial_006
22337,202611,1,0.237300922485082,0,202611,final_validation_catboost_trial_006
22338,202611,0,0.240407002967938,0,202611,final_validation_catboost_trial_006
22339,202611,0,0.123616475837001,0,202611,final_validation_catboost_trial_006
22341,202611,0,0.12521241451921,0,202611,final_validation_catboost_trial_006
22342,202611,0,0.138160467220597,0,202611,final_validation_catboost_trial_006
22343,202611,0,0.159742311203311,0,202611,final_validation_catboost_trial_006
22344,202611,0,0.0747941404445431,0,202611,final_validation_catboost_trial_006
22345,202611,0,0.165696116049457,0,202611,final_validation_catboost_trial_006
22346,202611,0,0.0781991729563914,0,202611,final_validation_catboost_trial_006
22347,202611,1,0.157035260069519,0,202611,final_validation_catboost_trial_006
22349,202611,1,0.148559801718149,0,202611,final_validation_catboost_trial_006
22350,202611,0,0.131841316454261,0,202611,final_validation_catboost_trial_006
22351,202611,0,0.132582182063097,0,202611,final_validation_catboost_trial_006
22353,202611,0,0.137592453040693,0,202611,final_validation_catboost_trial_006
22354,202611,0,0.183132876818957,0,202611,final_validation_catboost_trial_006
22355,202611,0,0.129873525698995,0,202611,final_validation_catboost_trial_006
22358,202611,0,0.122508034818964,0,202611,final_validation_catboost_trial_006
22359,202611,1,0.335351511033287,0,202611,final_validation_catboost_trial_006
22360,202611,1,0.138296510786886,0,202611,final_validation_catboost_trial_006
22362,202611,0,0.160957637497995,0,202611,final_validation_catboost_trial_006
22364,202611,1,0.126357934683204,0,202611,final_validation_catboost_trial_006
22365,202611,0,0.148589277860106,0,202611,final_validation_catboost_trial_006
22366,202611,0,0.146422774240634,0,202611,final_validation_catboost_trial_006
22367,202611,1,0.18466797365421,0,202611,final_validation_catboost_trial_006
22368,202611,0,0.120224416947138,0,202611,final_validation_catboost_trial_006
22369,202611,0,0.103938549542314,0,202611,final_validation_catboost_trial_006
22370,202611,0,0.057211506820486,0,202611,final_validation_catboost_trial_006
22371,202611,0,0.116496271263506,0,202611,final_validation_catboost_trial_006
22372,202611,0,0.232557035989557,0,202611,final_validation_catboost_trial_006
22373,202611,0,0.134042986822843,0,202611,final_validation_catboost_trial_006
22374,202611,0,0.122381538866064,0,202611,final_validation_catboost_trial_006
22375,202611,0,0.14160655759966,0,202611,final_validation_catboost_trial_006
22376,202611,0,0.159786729949172,0,202611,final_validation_catboost_trial_006
22377,202611,0,0.12109287618733,0,202611,final_validation_catboost_trial_006
22378,202611,0,0.144516804631777,0,202611,final_validation_catboost_trial_006
22379,202611,0,0.154211329307068,0,202611,final_validation_catboost_trial_006
22382,202611,0,0.138785917140791,0,202611,final_validation_catboost_trial_006
22385,202611,1,0.148457576853877,0,202611,final_validation_catboost_trial_006
22386,202611,0,0.122284330190324,0,202611,final_validation_catboost_trial_006
22387,202611,0,0.238402433489419,0,202611,final_validation_catboost_trial_006
22388,202611,0,0.119276345531154,0,202611,final_validation_catboost_trial_006
22390,202611,0,0.147403562245798,0,202611,final_validation_catboost_trial_006
22391,202611,0,0.111188089770988,0,202611,final_validation_catboost_trial_006
22392,202611,0,0.106899620946841,0,202611,final_validation_catboost_trial_006
22393,202611,0,0.304974697432551,0,202611,final_validation_catboost_trial_006
22394,202611,0,0.188359084952094,0,202611,final_validation_catboost_trial_006
22395,202611,0,0.165136196093915,0,202611,final_validation_catboost_trial_006
22397,202611,0,0.165024705190513,0,202611,final_validation_catboost_trial_006
22398,202611,1,0.240531028881917,0,202611,final_validation_catboost_trial_006
22399,202611,0,0.197622351062441,0,202611,final_validation_catboost_trial_006
22401,202611,0,0.145726076768469,0,202611,final_validation_catboost_trial_006
22402,202611,0,0.153479281944447,0,202611,final_validation_catboost_trial_006
22403,202611,0,0.152171255381594,0,202611,final_validation_catboost_trial_006
22404,202611,1,0.123008158086807,0,202611,final_validation_catboost_trial_006
22405,202611,0,0.19961356612373,0,202611,final_validation_catboost_trial_006
22406,202611,0,0.131989253617348,0,202611,final_validation_catboost_trial_006
22407,202611,0,0.180073161124479,0,202611,final_validation_catboost_trial_006
22408,202611,0,0.158718465945028,0,202611,final_validation_catboost_trial_006
22409,202611,0,0.0567437798043341,0,202611,final_validation_catboost_trial_006
22410,202611,0,0.11643339611759,0,202611,final_validation_catboost_trial_006
22411,202611,0,0.277336016210961,0,202611,final_validation_catboost_trial_006
22413,202611,0,0.175330438599791,0,202611,final_validation_catboost_trial_006
22414,202611,1,0.251674824016038,0,202611,final_validation_catboost_trial_006
22415,202611,0,0.143998565220134,0,202611,final_validation_catboost_trial_006
22416,202611,0,0.167293242952011,0,202611,final_validation_catboost_trial_006
22417,202611,1,0.127881666085245,0,202611,final_validation_catboost_trial_006
22419,202611,0,0.17403331835932,0,202611,final_validation_catboost_trial_006
22420,202611,1,0.128814470652883,0,202611,final_validation_catboost_trial_006
22421,202611,1,0.124864352600562,0,202611,final_validation_catboost_trial_006
22422,202611,0,0.157493635985091,0,202611,final_validation_catboost_trial_006
22423,202611,1,0.145019409574324,0,202611,final_validation_catboost_trial_006
22424,202611,0,0.168609863604736,0,202611,final_validation_catboost_trial_006
22425,202611,0,0.24559219673543,0,202611,final_validation_catboost_trial_006
22426,202611,0,0.134921475551047,0,202611,final_validation_catboost_trial_006
22427,202611,0,0.162439578769339,0,202611,final_validation_catboost_trial_006
22428,202611,0,0.147501146582737,0,202611,final_validation_catboost_trial_006
22429,202611,0,0.16390365525858,0,202611,final_validation_catboost_trial_006
22430,202611,0,0.112589198091254,0,202611,final_validation_catboost_trial_006
22431,202611,0,0.13533534037296,0,202611,final_validation_catboost_trial_006
22432,202611,0,0.136499075097903,0,202611,final_validation_catboost_trial_006
22433,202611,0,0.0618755723425712,0,202611,final_validation_catboost_trial_006
22434,202611,1,0.104137153608099,0,202611,final_validation_catboost_trial_006
22436,202611,0,0.118430228193078,0,202611,final_validation_catboost_trial_006
22437,202611,0,0.151034035991335,0,202611,final_validation_catboost_trial_006
22438,202611,0,0.15724608077703,0,202611,final_validation_catboost_trial_006
22439,202611,0,0.125109679531939,0,202611,final_validation_catboost_trial_006
22440,202611,0,0.1644629929327,0,202611,final_validation_catboost_trial_006
22441,202611,0,0.118908796691629,0,202611,final_validation_catboost_trial_006
22442,202611,0,0.122114692222309,0,202611,final_validation_catboost_trial_006
22443,202611,0,0.148954476720731,0,202611,final_validation_catboost_trial_006
22444,202611,0,0.124805214084622,0,202611,final_validation_catboost_trial_006
22445,202611,1,0.159578777830617,0,202611,final_validation_catboost_trial_006
22446,202611,0,0.0553338544790396,0,202611,final_validation_catboost_trial_006
22447,202611,0,0.133545362735414,0,202611,final_validation_catboost_trial_006
22448,202611,0,0.163418358873993,0,202611,final_validation_catboost_trial_006
22449,202611,0,0.136555765030888,0,202611,final_validation_catboost_trial_006
22450,202611,0,0.153379192287674,0,202611,final_validation_catboost_trial_006
22451,202611,0,0.136287148316901,0,202611,final_validation_catboost_trial_006
22452,202611,0,0.220419861591131,0,202611,final_validation_catboost_trial_006
22453,202611,1,0.120354931381618,0,202611,final_validation_catboost_trial_006
22454,202611,0,0.061196484626039,0,202611,final_validation_catboost_trial_006
22455,202611,0,0.387687442291787,0,202611,final_validation_catboost_trial_006
22457,202611,0,0.144227309519832,0,202611,final_validation_catboost_trial_006
22459,202611,0,0.111197311420757,0,202611,final_validation_catboost_trial_006
22460,202611,0,0.151257145481667,0,202611,final_validation_catboost_trial_006
22461,202611,0,0.130595566135026,0,202611,final_validation_catboost_trial_006
22462,202611,0,0.18395745027484,0,202611,final_validation_catboost_trial_006
22464,202611,0,0.151077015438856,0,202611,final_validation_catboost_trial_006
22465,202611,0,0.141581504239732,0,202611,final_validation_catboost_trial_006
22466,202611,0,0.205954601476616,0,202611,final_validation_catboost_trial_006
22467,202611,1,0.129095100346193,0,202611,final_validation_catboost_trial_006
22470,202611,0,0.248268140442603,0,202611,final_validation_catboost_trial_006
22471,202611,1,0.148538292262166,0,202611,final_validation_catboost_trial_006
22473,202611,1,0.127446616951029,0,202611,final_validation_catboost_trial_006
22474,202611,0,0.190731476929242,0,202611,final_validation_catboost_trial_006
22475,202611,1,0.368192874567788,0,202611,final_validation_catboost_trial_006
22476,202611,0,0.113983316142833,0,202611,final_validation_catboost_trial_006
22477,202611,0,0.150005333200741,0,202611,final_validation_catboost_trial_006
22479,202611,0,0.16452411239866,0,202611,final_validation_catboost_trial_006
22480,202611,0,0.284488493910682,0,202611,final_validation_catboost_trial_006
22482,202611,0,0.135965028968744,0,202611,final_validation_catboost_trial_006
22484,202611,1,0.163680782531474,0,202611,final_validation_catboost_trial_006
22485,202611,0,0.123980991608436,0,202611,final_validation_catboost_trial_006
22486,202611,0,0.171023869240549,0,202611,final_validation_catboost_trial_006
22487,202611,0,0.120365506197768,0,202611,final_validation_catboost_trial_006
22488,202611,0,0.0773475239333044,0,202611,final_validation_catboost_trial_006
22489,202611,0,0.125322506151089,0,202611,final_validation_catboost_trial_006
22492,202611,0,0.14160898361444,0,202611,final_validation_catboost_trial_006
22493,202611,0,0.158893560162923,0,202611,final_validation_catboost_trial_006
22494,202611,1,0.125190442302627,0,202611,final_validation_catboost_trial_006
22495,202611,0,0.127019145140059,0,202611,final_validation_catboost_trial_006
22496,202611,1,0.143487681135319,0,202611,final_validation_catboost_trial_006
22497,202611,0,0.147758777080037,0,202611,final_validation_catboost_trial_006
22499,202611,0,0.110201739805346,0,202611,final_validation_catboost_trial_006
22500,202611,0,0.11162021404074,0,202611,final_validation_catboost_trial_006
22501,202611,1,0.342644368737003,0,202611,final_validation_catboost_trial_006
22502,202611,0,0.156251245114127,0,202611,final_validation_catboost_trial_006
22506,202611,1,0.130171358276601,0,202611,final_validation_catboost_trial_006
22507,202611,0,0.137758864884579,0,202611,final_validation_catboost_trial_006
22508,202611,0,0.0496641303716282,0,202611,final_validation_catboost_trial_006
22509,202611,1,0.361885447187254,0,202611,final_validation_catboost_trial_006
22510,202611,0,0.122160747303607,0,202611,final_validation_catboost_trial_006
22512,202611,0,0.148786469944765,0,202611,final_validation_catboost_trial_006
22513,202611,0,0.125260649514175,0,202611,final_validation_catboost_trial_006
22514,202611,1,0.149276736628987,0,202611,final_validation_catboost_trial_006
22515,202611,0,0.148096914587121,0,202611,final_validation_catboost_trial_006
22516,202611,1,0.120893295391642,0,202611,final_validation_catboost_trial_006
22517,202611,1,0.147088881741268,0,202611,final_validation_catboost_trial_006
22518,202611,0,0.14666622123986,0,202611,final_validation_catboost_trial_006
22519,202611,0,0.150255633266094,0,202611,final_validation_catboost_trial_006
22520,202611,0,0.139985319039812,0,202611,final_validation_catboost_trial_006
22521,202611,0,0.0846535475793485,0,202611,final_validation_catboost_trial_006
22523,202611,0,0.172854050341911,0,202611,final_validation_catboost_trial_006
22524,202611,0,0.386699895146167,0,202611,final_validation_catboost_trial_006
22525,202611,0,0.143661645728977,0,202611,final_validation_catboost_trial_006
22526,202611,0,0.255228806821976,0,202611,final_validation_catboost_trial_006
22527,202611,0,0.13754489009566,0,202611,final_validation_catboost_trial_006
22528,202611,0,0.135530096565549,0,202611,final_validation_catboost_trial_006
22529,202611,0,0.0944913073784316,0,202611,final_validation_catboost_trial_006
22530,202611,0,0.191973404435228,0,202611,final_validation_catboost_trial_006
22531,202611,0,0.133727010926626,0,202611,final_validation_catboost_trial_006
22533,202611,0,0.158227494648727,0,202611,final_validation_catboost_trial_006
22536,202611,1,0.374857652824402,0,202611,final_validation_catboost_trial_006
22537,202611,1,0.143380610882753,0,202611,final_validation_catboost_trial_006
22538,202611,0,0.128587840520779,0,202611,final_validation_catboost_trial_006
22539,202611,1,0.138765520269199,0,202611,final_validation_catboost_trial_006
22540,202611,0,0.0546091596075943,0,202611,final_validation_catboost_trial_006
22542,202611,0,0.138331373234848,0,202611,final_validation_catboost_trial_006
22544,202611,0,0.141732417922525,0,202611,final_validation_catboost_trial_006
22545,202611,1,0.142746604428066,0,202611,final_validation_catboost_trial_006
22546,202611,0,0.0838901369534537,0,202611,final_validation_catboost_trial_006
22547,202611,0,0.26916452933514,0,202611,final_validation_catboost_trial_006
22548,202611,1,0.145630784229017,0,202611,final_validation_catboost_trial_006
22549,202611,0,0.12823164693962,0,202611,final_validation_catboost_trial_006
22550,202611,0,0.299854778894932,0,202611,final_validation_catboost_trial_006
22551,202611,0,0.293448620870767,0,202611,final_validation_catboost_trial_006
22552,202611,0,0.152987836135701,0,202611,final_validation_catboost_trial_006
22553,202611,0,0.0439872899168181,0,202611,final_validation_catboost_trial_006
22554,202611,0,0.233674687997513,0,202611,final_validation_catboost_trial_006
22557,202611,1,0.151581594527998,0,202611,final_validation_catboost_trial_006
22558,202611,0,0.0665279875640657,0,202611,final_validation_catboost_trial_006
22560,202611,0,0.11107366297459,0,202611,final_validation_catboost_trial_006
22561,202611,0,0.201449761894713,0,202611,final_validation_catboost_trial_006
22562,202611,0,0.182433449498147,0,202611,final_validation_catboost_trial_006
22563,202611,0,0.273353135653598,0,202611,final_validation_catboost_trial_006
22564,202611,0,0.22666899711772,0,202611,final_validation_catboost_trial_006
22565,202611,0,0.140917079525187,0,202611,final_validation_catboost_trial_006
22566,202611,0,0.129355213732233,0,202611,final_validation_catboost_trial_006
22567,202611,0,0.149287788244449,0,202611,final_validation_catboost_trial_006
22568,202611,1,0.129705483092677,0,202611,final_validation_catboost_trial_006
22570,202611,0,0.122029502462294,0,202611,final_validation_catboost_trial_006
22572,202611,1,0.388176435611711,0,202611,final_validation_catboost_trial_006
22573,202611,0,0.177326953023503,0,202611,final_validation_catboost_trial_006
22574,202611,1,0.0572482139234473,0,202611,final_validation_catboost_trial_006
22577,202611,0,0.167330183273573,0,202611,final_validation_catboost_trial_006
22578,202611,1,0.167159210970719,0,202611,final_validation_catboost_trial_006
22580,202611,0,0.128421266043428,0,202611,final_validation_catboost_trial_006
22581,202611,0,0.150780598112431,0,202611,final_validation_catboost_trial_006
22582,202611,1,0.234922250638423,0,202611,final_validation_catboost_trial_006
22583,202611,0,0.223905086503049,0,202611,final_validation_catboost_trial_006
22584,202611,0,0.161889541866618,0,202611,final_validation_catboost_trial_006
22585,202611,0,0.124311906927676,0,202611,final_validation_catboost_trial_006
22586,202611,1,0.121751473182778,0,202611,final_validation_catboost_trial_006
22587,202611,0,0.104648757880846,0,202611,final_validation_catboost_trial_006
22588,202611,0,0.129063494732699,0,202611,final_validation_catboost_trial_006
22591,202611,0,0.243593493494418,0,202611,final_validation_catboost_trial_006
22592,202611,0,0.206230861185598,0,202611,final_validation_catboost_trial_006
22593,202611,0,0.179516222286846,0,202611,final_validation_catboost_trial_006
22594,202611,1,0.181249052618515,0,202611,final_validation_catboost_trial_006
22595,202611,0,0.221064019616435,0,202611,final_validation_catboost_trial_006
22596,202611,0,0.212645613593124,0,202611,final_validation_catboost_trial_006
22597,202611,0,0.145838502480617,0,202611,final_validation_catboost_trial_006
22598,202611,0,0.150331696540974,0,202611,final_validation_catboost_trial_006
22599,202611,0,0.0615122909084531,0,202611,final_validation_catboost_trial_006
22600,202611,0,0.153259729254787,0,202611,final_validation_catboost_trial_006
22601,202611,0,0.137707552331174,0,202611,final_validation_catboost_trial_006
22602,202611,0,0.168082661885792,0,202611,final_validation_catboost_trial_006
22603,202611,0,0.218999266726504,0,202611,final_validation_catboost_trial_006
22604,202611,0,0.235863733547106,0,202611,final_validation_catboost_trial_006
22605,202611,0,0.119285383297355,0,202611,final_validation_catboost_trial_006
22606,202611,0,0.0784052026005168,0,202611,final_validation_catboost_trial_006
22607,202611,0,0.139625978754566,0,202611,final_validation_catboost_trial_006
22608,202611,0,0.133863933499158,0,202611,final_validation_catboost_trial_006
22609,202611,0,0.144704650252386,0,202611,final_validation_catboost_trial_006
22610,202611,0,0.170324710798096,0,202611,final_validation_catboost_trial_006
22611,202611,0,0.164855158743781,0,202611,final_validation_catboost_trial_006
22612,202611,0,0.155628690331055,0,202611,final_validation_catboost_trial_006
22613,202611,0,0.271227841277132,0,202611,final_validation_catboost_trial_006
22614,202611,0,0.226490501472475,0,202611,final_validation_catboost_trial_006
22615,202611,0,0.0674640465120687,0,202611,final_validation_catboost_trial_006
22618,202611,0,0.146263473933845,0,202611,final_validation_catboost_trial_006
22619,202611,1,0.248617666578502,0,202611,final_validation_catboost_trial_006
22621,202611,0,0.138285997993962,0,202611,final_validation_catboost_trial_006
22622,202611,0,0.135607228492671,0,202611,final_validation_catboost_trial_006
22624,202611,0,0.136681756316024,0,202611,final_validation_catboost_trial_006
22625,202611,1,0.124554739197199,0,202611,final_validation_catboost_trial_006
22626,202611,0,0.177393877116701,0,202611,final_validation_catboost_trial_006
22627,202611,0,0.125522474279677,0,202611,final_validation_catboost_trial_006
22628,202611,0,0.11493298465226,0,202611,final_validation_catboost_trial_006
22629,202611,0,0.137060649129526,0,202611,final_validation_catboost_trial_006
22630,202611,0,0.105386208059878,0,202611,final_validation_catboost_trial_006
22631,202611,0,0.117573709853131,0,202611,final_validation_catboost_trial_006
22633,202611,0,0.136458254447066,0,202611,final_validation_catboost_trial_006
22634,202611,0,0.128767102317655,0,202611,final_validation_catboost_trial_006
22635,202611,0,0.151523983103507,0,202611,final_validation_catboost_trial_006
22636,202611,1,0.246306901055323,0,202611,final_validation_catboost_trial_006
22637,202611,0,0.115196654952772,0,202611,final_validation_catboost_trial_006
22639,202611,0,0.19171853372751,0,202611,final_validation_catboost_trial_006
22640,202611,1,0.13558168344365,0,202611,final_validation_catboost_trial_006
22641,202611,0,0.129956626460092,0,202611,final_validation_catboost_trial_006
22642,202611,0,0.17575890811736,0,202611,final_validation_catboost_trial_006
22643,202611,0,0.151056865231353,0,202611,final_validation_catboost_trial_006
22644,202611,0,0.379983441497753,0,202611,final_validation_catboost_trial_006
22646,202611,0,0.110289976540059,0,202611,final_validation_catboost_trial_006
22647,202611,0,0.250238250583831,0,202611,final_validation_catboost_trial_006
22648,202611,0,0.139448402929544,0,202611,final_validation_catboost_trial_006
22649,202611,1,0.339265375762092,0,202611,final_validation_catboost_trial_006
22650,202611,0,0.252498470311037,0,202611,final_validation_catboost_trial_006
22651,202611,1,0.248491412410622,0,202611,final_validation_catboost_trial_006
22652,202611,0,0.12228686481027,0,202611,final_validation_catboost_trial_006
22653,202611,0,0.135111965378521,0,202611,final_validation_catboost_trial_006
22655,202611,0,0.251866027941819,0,202611,final_validation_catboost_trial_006
22657,202611,0,0.0426001475049561,0,202611,final_validation_catboost_trial_006
22658,202611,0,0.149824827347914,0,202611,final_validation_catboost_trial_006
22659,202611,1,0.146714801802996,0,202611,final_validation_catboost_trial_006
22660,202611,1,0.0799728177249868,0,202611,final_validation_catboost_trial_006
22661,202611,1,0.112201435915128,0,202611,final_validation_catboost_trial_006
22662,202611,0,0.138982950736218,0,202611,final_validation_catboost_trial_006
22663,202611,0,0.126803758470309,0,202611,final_validation_catboost_trial_006
22664,202611,0,0.219704162561287,0,202611,final_validation_catboost_trial_006
22665,202611,0,0.157492866252807,0,202611,final_validation_catboost_trial_006
22666,202611,0,0.236518782069828,0,202611,final_validation_catboost_trial_006
22668,202611,0,0.15105478972094,0,202611,final_validation_catboost_trial_006
22669,202611,0,0.155366853996393,0,202611,final_validation_catboost_trial_006
22670,202611,0,0.174161510059844,0,202611,final_validation_catboost_trial_006
22671,202611,0,0.163145948535308,0,202611,final_validation_catboost_trial_006
22672,202611,0,0.0925982574717362,0,202611,final_validation_catboost_trial_006
22673,202611,0,0.0702017655988807,0,202611,final_validation_catboost_trial_006
22675,202611,1,0.218311666827035,0,202611,final_validation_catboost_trial_006
22676,202611,0,0.122199876440525,0,202611,final_validation_catboost_trial_006
22677,202611,1,0.340276876493056,0,202611,final_validation_catboost_trial_006
22678,202611,0,0.147858113873811,0,202611,final_validation_catboost_trial_006
22679,202611,1,0.124526965126881,0,202611,final_validation_catboost_trial_006
22680,202611,1,0.142540226191848,0,202611,final_validation_catboost_trial_006
22681,202611,1,0.127471777013492,0,202611,final_validation_catboost_trial_006
22682,202611,0,0.158626472206396,0,202611,final_validation_catboost_trial_006
22683,202611,0,0.137020751047438,0,202611,final_validation_catboost_trial_006
22684,202611,0,0.124792008585057,0,202611,final_validation_catboost_trial_006
22685,202611,0,0.123738337818904,0,202611,final_validation_catboost_trial_006
22686,202611,0,0.163413986522082,0,202611,final_validation_catboost_trial_006
22687,202611,0,0.236183647722715,0,202611,final_validation_catboost_trial_006
22688,202611,0,0.113924322766223,0,202611,final_validation_catboost_trial_006
22690,202611,0,0.145657972705689,0,202611,final_validation_catboost_trial_006
22691,202611,0,0.135194472498598,0,202611,final_validation_catboost_trial_006
22692,202611,0,0.159434604499442,0,202611,final_validation_catboost_trial_006
22693,202611,1,0.148842644367808,0,202611,final_validation_catboost_trial_006
22694,202611,0,0.135801946920735,0,202611,final_validation_catboost_trial_006
22695,202611,0,0.151059774407611,0,202611,final_validation_catboost_trial_006
22696,202611,0,0.0629100402295508,0,202611,final_validation_catboost_trial_006
22697,202611,0,0.285500716266316,0,202611,final_validation_catboost_trial_006
22698,202611,1,0.142092575545515,0,202611,final_validation_catboost_trial_006
22699,202611,0,0.244977134511331,0,202611,final_validation_catboost_trial_006
22701,202611,1,0.370167951248188,0,202611,final_validation_catboost_trial_006
22702,202611,0,0.285680961914762,0,202611,final_validation_catboost_trial_006
22704,202611,0,0.0953357337526569,0,202611,final_validation_catboost_trial_006
22705,202611,0,0.165456667764236,0,202611,final_validation_catboost_trial_006
22706,202611,0,0.191012407630497,0,202611,final_validation_catboost_trial_006
22707,202611,1,0.14445575291892,0,202611,final_validation_catboost_trial_006
22708,202611,1,0.149473835379633,0,202611,final_validation_catboost_trial_006
22709,202611,0,0.0625758993007074,0,202611,final_validation_catboost_trial_006
22711,202611,0,0.241778372888851,0,202611,final_validation_catboost_trial_006
22712,202611,0,0.147120761067217,0,202611,final_validation_catboost_trial_006
22713,202611,1,0.33332465721249,0,202611,final_validation_catboost_trial_006
22714,202611,0,0.15286406942844,0,202611,final_validation_catboost_trial_006
22715,202611,0,0.1241415928843,0,202611,final_validation_catboost_trial_006
22716,202611,0,0.123223082125443,0,202611,final_validation_catboost_trial_006
22717,202611,0,0.202504710338645,0,202611,final_validation_catboost_trial_006
22718,202611,0,0.0586680312143723,0,202611,final_validation_catboost_trial_006
22720,202611,0,0.330322253096255,0,202611,final_validation_catboost_trial_006
22721,202611,0,0.0620791978575788,0,202611,final_validation_catboost_trial_006
22722,202611,1,0.14887691378863,0,202611,final_validation_catboost_trial_006
22724,202611,0,0.148408731399215,0,202611,final_validation_catboost_trial_006
22725,202611,0,0.150214559073794,0,202611,final_validation_catboost_trial_006
22726,202611,0,0.261879762063948,0,202611,final_validation_catboost_trial_006
22728,202611,0,0.116719523928479,0,202611,final_validation_catboost_trial_006
22729,202611,0,0.0794233919605269,0,202611,final_validation_catboost_trial_006
22730,202611,0,0.172277888930564,0,202611,final_validation_catboost_trial_006
22732,202611,0,0.180698827228273,0,202611,final_validation_catboost_trial_006
22733,202611,0,0.218759335779799,0,202611,final_validation_catboost_trial_006
22734,202611,0,0.148977702604352,0,202611,final_validation_catboost_trial_006
22735,202611,0,0.329542021535352,0,202611,final_validation_catboost_trial_006
22736,202611,0,0.145822318751027,0,202611,final_validation_catboost_trial_006
22737,202611,0,0.128718475489649,0,202611,final_validation_catboost_trial_006
22738,202611,0,0.0449135839243682,0,202611,final_validation_catboost_trial_006
22739,202611,0,0.269223506370185,0,202611,final_validation_catboost_trial_006
22740,202611,0,0.249176074943092,0,202611,final_validation_catboost_trial_006
22742,202611,0,0.156626515295825,0,202611,final_validation_catboost_trial_006
22743,202611,0,0.188461590878094,0,202611,final_validation_catboost_trial_006
22745,202611,0,0.138360746228304,0,202611,final_validation_catboost_trial_006
22746,202611,0,0.0504671398933453,0,202611,final_validation_catboost_trial_006
22748,202611,0,0.357500242373184,0,202611,final_validation_catboost_trial_006
22749,202611,0,0.188630642609638,0,202611,final_validation_catboost_trial_006
22751,202611,0,0.0965620693786652,0,202611,final_validation_catboost_trial_006
22752,202611,0,0.152520187526567,0,202611,final_validation_catboost_trial_006
22753,202611,0,0.336816814739783,0,202611,final_validation_catboost_trial_006
22755,202611,1,0.135398697693656,0,202611,final_validation_catboost_trial_006
22756,202611,0,0.112725778727731,0,202611,final_validation_catboost_trial_006
22757,202611,0,0.0521656870898473,0,202611,final_validation_catboost_trial_006
22758,202611,0,0.207704144701841,0,202611,final_validation_catboost_trial_006
22759,202611,0,0.142924913916359,0,202611,final_validation_catboost_trial_006
22760,202611,1,0.132556276380785,0,202611,final_validation_catboost_trial_006
22762,202611,0,0.110818636212479,0,202611,final_validation_catboost_trial_006
22763,202611,0,0.244262517327701,0,202611,final_validation_catboost_trial_006
22764,202611,0,0.147694080273081,0,202611,final_validation_catboost_trial_006
22765,202611,1,0.354086657974228,0,202611,final_validation_catboost_trial_006
22766,202611,0,0.0695667243999079,0,202611,final_validation_catboost_trial_006
22768,202611,0,0.0659492019130768,0,202611,final_validation_catboost_trial_006
22769,202611,0,0.119420678346341,0,202611,final_validation_catboost_trial_006
22770,202611,0,0.11139134256403,0,202611,final_validation_catboost_trial_006
22772,202611,0,0.248823920058619,0,202611,final_validation_catboost_trial_006
22773,202611,0,0.11640543845676,0,202611,final_validation_catboost_trial_006
22775,202611,0,0.137821484286742,0,202611,final_validation_catboost_trial_006
22776,202611,0,0.210138292921328,0,202611,final_validation_catboost_trial_006
22777,202611,0,0.124334927295343,0,202611,final_validation_catboost_trial_006
22779,202611,0,0.0719108394458968,0,202611,final_validation_catboost_trial_006
22780,202611,0,0.160307936991149,0,202611,final_validation_catboost_trial_006
22781,202611,0,0.362387516090775,0,202611,final_validation_catboost_trial_006
22782,202611,1,0.134358174937829,0,202611,final_validation_catboost_trial_006
22783,202611,0,0.19292840694874,0,202611,final_validation_catboost_trial_006
22784,202611,0,0.154374334122771,0,202611,final_validation_catboost_trial_006
22785,202611,1,0.148168564243872,0,202611,final_validation_catboost_trial_006
22786,202611,0,0.178310482328128,0,202611,final_validation_catboost_trial_006
22787,202611,1,0.182036159507105,0,202611,final_validation_catboost_trial_006
22789,202611,0,0.137098952072153,0,202611,final_validation_catboost_trial_006
22791,202611,0,0.0700078497186106,0,202611,final_validation_catboost_trial_006
22792,202611,1,0.338227450299207,0,202611,final_validation_catboost_trial_006
22793,202611,0,0.154414629309036,0,202611,final_validation_catboost_trial_006
22794,202611,0,0.144885104789073,0,202611,final_validation_catboost_trial_006
22795,202611,0,0.0698656518526238,0,202611,final_validation_catboost_trial_006
22796,202611,0,0.0721478292384726,0,202611,final_validation_catboost_trial_006
22798,202611,0,0.156589030619718,0,202611,final_validation_catboost_trial_006
22799,202611,1,0.127771648654083,0,202611,final_validation_catboost_trial_006
22800,202611,0,0.147233920603952,0,202611,final_validation_catboost_trial_006
22801,202611,0,0.167344869410737,0,202611,final_validation_catboost_trial_006
22802,202611,0,0.181940224368859,0,202611,final_validation_catboost_trial_006
22804,202611,0,0.0690010638235547,0,202611,final_validation_catboost_trial_006
22808,202611,0,0.118189272394462,0,202611,final_validation_catboost_trial_006
22809,202611,1,0.326941779311549,0,202611,final_validation_catboost_trial_006
22810,202611,0,0.330400239831823,0,202611,final_validation_catboost_trial_006
22811,202611,0,0.133136537057779,0,202611,final_validation_catboost_trial_006
22812,202611,0,0.0573532835007275,0,202611,final_validation_catboost_trial_006
22813,202611,0,0.137789408290974,0,202611,final_validation_catboost_trial_006
22814,202611,0,0.152554930524797,0,202611,final_validation_catboost_trial_006
22815,202611,1,0.120279480106907,0,202611,final_validation_catboost_trial_006
22816,202611,0,0.12767992412179,0,202611,final_validation_catboost_trial_006
22818,202611,0,0.14827721356836,0,202611,final_validation_catboost_trial_006
22820,202611,0,0.253290375659679,0,202611,final_validation_catboost_trial_006
22821,202611,0,0.0648229147537641,0,202611,final_validation_catboost_trial_006
22823,202611,0,0.136274700087914,0,202611,final_validation_catboost_trial_006
22824,202611,0,0.135959716544087,0,202611,final_validation_catboost_trial_006
22825,202611,0,0.125239104524958,0,202611,final_validation_catboost_trial_006
22826,202611,0,0.253392231919137,0,202611,final_validation_catboost_trial_006
22828,202611,0,0.122743054768884,0,202611,final_validation_catboost_trial_006
22829,202611,0,0.23120967449019,0,202611,final_validation_catboost_trial_006
22830,202611,0,0.184027466681274,0,202611,final_validation_catboost_trial_006
22831,202611,0,0.174082101597672,0,202611,final_validation_catboost_trial_006
22832,202611,0,0.141647475028589,0,202611,final_validation_catboost_trial_006
22833,202611,0,0.0623642541419964,0,202611,final_validation_catboost_trial_006
22836,202611,0,0.131308805525903,0,202611,final_validation_catboost_trial_006
22839,202611,0,0.118420659529428,0,202611,final_validation_catboost_trial_006
22840,202611,0,0.0685637586200068,0,202611,final_validation_catboost_trial_006
22841,202611,0,0.134075152920339,0,202611,final_validation_catboost_trial_006
22842,202611,0,0.130357401056013,0,202611,final_validation_catboost_trial_006
22844,202611,1,0.113764475929469,0,202611,final_validation_catboost_trial_006
22845,202611,0,0.206995511429675,0,202611,final_validation_catboost_trial_006
22846,202611,0,0.118479048692595,0,202611,final_validation_catboost_trial_006
22847,202611,0,0.144322660626754,0,202611,final_validation_catboost_trial_006
22848,202611,0,0.134866437189718,0,202611,final_validation_catboost_trial_006
22849,202611,1,0.334975067517879,0,202611,final_validation_catboost_trial_006
22851,202611,0,0.139980255512565,0,202611,final_validation_catboost_trial_006
22853,202611,0,0.112516806393562,0,202611,final_validation_catboost_trial_006
22855,202611,0,0.130674010321885,0,202611,final_validation_catboost_trial_006
22856,202611,1,0.140326685447099,0,202611,final_validation_catboost_trial_006
22857,202611,1,0.125356304988385,0,202611,final_validation_catboost_trial_006
22858,202611,1,0.15498719778635,0,202611,final_validation_catboost_trial_006
22859,202611,0,0.135048893024108,0,202611,final_validation_catboost_trial_006
22860,202611,0,0.363592649333733,0,202611,final_validation_catboost_trial_006
22861,202611,0,0.120030081218237,0,202611,final_validation_catboost_trial_006
22862,202611,0,0.213329478325142,0,202611,final_validation_catboost_trial_006
22863,202611,1,0.221360946929693,0,202611,final_validation_catboost_trial_006
22864,202611,0,0.13939776660565,0,202611,final_validation_catboost_trial_006
22865,202611,0,0.0453783761679004,0,202611,final_validation_catboost_trial_006
22866,202611,1,0.277140501353315,0,202611,final_validation_catboost_trial_006
22868,202611,1,0.150428939712525,0,202611,final_validation_catboost_trial_006
22869,202611,1,0.390603525739116,0,202611,final_validation_catboost_trial_006
22870,202611,0,0.146353060403931,0,202611,final_validation_catboost_trial_006
22871,202611,0,0.160809637553486,0,202611,final_validation_catboost_trial_006
22872,202611,1,0.220128397606332,0,202611,final_validation_catboost_trial_006
22873,202611,0,0.120473550722803,0,202611,final_validation_catboost_trial_006
22874,202611,0,0.155261302688122,0,202611,final_validation_catboost_trial_006
22875,202611,0,0.13584621244709,0,202611,final_validation_catboost_trial_006
22876,202611,0,0.16556584715477,0,202611,final_validation_catboost_trial_006
22877,202611,0,0.337176264300382,0,202611,final_validation_catboost_trial_006
22878,202611,0,0.141175841803663,0,202611,final_validation_catboost_trial_006
22879,202611,0,0.343405106199799,0,202611,final_validation_catboost_trial_006
22880,202611,0,0.154955254654301,0,202611,final_validation_catboost_trial_006
22881,202611,1,0.111806782359378,0,202611,final_validation_catboost_trial_006
22882,202611,0,0.127437225300135,0,202611,final_validation_catboost_trial_006
22883,202611,0,0.299156635750287,0,202611,final_validation_catboost_trial_006
22884,202611,0,0.137443708984894,0,202611,final_validation_catboost_trial_006
22886,202611,0,0.0429950530765714,0,202611,final_validation_catboost_trial_006
22887,202611,0,0.134055162615536,0,202611,final_validation_catboost_trial_006
22888,202611,0,0.141049751395131,0,202611,final_validation_catboost_trial_006
22889,202611,0,0.168070154795129,0,202611,final_validation_catboost_trial_006
22890,202611,0,0.217839880918173,0,202611,final_validation_catboost_trial_006
22891,202611,0,0.0513777159163568,0,202611,final_validation_catboost_trial_006
22894,202611,0,0.159595606128483,0,202611,final_validation_catboost_trial_006
22895,202611,1,0.056276790860951,0,202611,final_validation_catboost_trial_006
22897,202611,0,0.152936162184273,0,202611,final_validation_catboost_trial_006
22898,202611,0,0.228547095272323,0,202611,final_validation_catboost_trial_006
22899,202611,0,0.0557097345129546,0,202611,final_validation_catboost_trial_006
22900,202611,0,0.0526421881027716,0,202611,final_validation_catboost_trial_006
22901,202611,0,0.127500473368435,0,202611,final_validation_catboost_trial_006
22902,202611,1,0.163643022928997,0,202611,final_validation_catboost_trial_006
22903,202611,1,0.1283722383216,0,202611,final_validation_catboost_trial_006
22904,202611,0,0.114966058843552,0,202611,final_validation_catboost_trial_006
22905,202611,0,0.165429183230908,0,202611,final_validation_catboost_trial_006
22906,202611,0,0.177163613173541,0,202611,final_validation_catboost_trial_006
22907,202611,0,0.202286390916363,0,202611,final_validation_catboost_trial_006
22908,202611,0,0.151396017869302,0,202611,final_validation_catboost_trial_006
22909,202611,0,0.0706742319925937,0,202611,final_validation_catboost_trial_006
22910,202611,0,0.162139172465185,0,202611,final_validation_catboost_trial_006
22911,202611,0,0.14357323509206,0,202611,final_validation_catboost_trial_006
22913,202611,0,0.154971445783487,0,202611,final_validation_catboost_trial_006
22914,202611,1,0.0596444395401018,0,202611,final_validation_catboost_trial_006
22915,202611,0,0.155686067848466,0,202611,final_validation_catboost_trial_006
22916,202611,1,0.171506009396145,0,202611,final_validation_catboost_trial_006
22918,202611,0,0.114564764656111,0,202611,final_validation_catboost_trial_006
22919,202611,0,0.262094723890926,0,202611,final_validation_catboost_trial_006
22920,202611,1,0.0604053939576908,0,202611,final_validation_catboost_trial_006
22921,202611,0,0.278997800192573,0,202611,final_validation_catboost_trial_006
22922,202611,0,0.0621080454137914,0,202611,final_validation_catboost_trial_006
22923,202611,0,0.147168357752252,0,202611,final_validation_catboost_trial_006
22924,202611,1,0.341171154052431,0,202611,final_validation_catboost_trial_006
22925,202611,0,0.161295234740432,0,202611,final_validation_catboost_trial_006
22926,202611,0,0.106692939971337,0,202611,final_validation_catboost_trial_006
22927,202611,0,0.171753353182994,0,202611,final_validation_catboost_trial_006
22928,202611,0,0.141062584618689,0,202611,final_validation_catboost_trial_006
22929,202611,0,0.202787156467656,0,202611,final_validation_catboost_trial_006
22930,202611,0,0.126274010935105,0,202611,final_validation_catboost_trial_006
22933,202611,0,0.146016028524766,0,202611,final_validation_catboost_trial_006
22934,202611,0,0.161601725850832,0,202611,final_validation_catboost_trial_006
22935,202611,0,0.123494208657347,0,202611,final_validation_catboost_trial_006
22936,202611,0,0.182270086376416,0,202611,final_validation_catboost_trial_006
22937,202611,0,0.129571153349361,0,202611,final_validation_catboost_trial_006
22938,202611,0,0.156955907075626,0,202611,final_validation_catboost_trial_006
22940,202611,0,0.12109450510212,0,202611,final_validation_catboost_trial_006
22941,202611,0,0.377189058446792,0,202611,final_validation_catboost_trial_006
22943,202611,0,0.136894627141765,0,202611,final_validation_catboost_trial_006
22944,202611,1,0.211760457964476,0,202611,final_validation_catboost_trial_006
22945,202611,0,0.118801363861687,0,202611,final_validation_catboost_trial_006
22946,202611,0,0.140378317506632,0,202611,final_validation_catboost_trial_006
22947,202611,0,0.197784153239257,0,202611,final_validation_catboost_trial_006
22948,202611,0,0.24474677250043,0,202611,final_validation_catboost_trial_006
22949,202611,0,0.234120453206235,0,202611,final_validation_catboost_trial_006
22950,202611,0,0.150503091221496,0,202611,final_validation_catboost_trial_006
22951,202611,0,0.124752719482137,0,202611,final_validation_catboost_trial_006
22952,202611,0,0.154364366609237,0,202611,final_validation_catboost_trial_006
22953,202611,0,0.139643841325346,0,202611,final_validation_catboost_trial_006
22954,202611,0,0.122391494181455,0,202611,final_validation_catboost_trial_006
22955,202611,0,0.329081153088753,0,202611,final_validation_catboost_trial_006
22957,202611,0,0.385073636886267,0,202611,final_validation_catboost_trial_006
22958,202611,0,0.124699780837952,0,202611,final_validation_catboost_trial_006
22959,202611,0,0.124497002327305,0,202611,final_validation_catboost_trial_006
22960,202611,1,0.286158174513961,0,202611,final_validation_catboost_trial_006
22961,202611,0,0.165799981872485,0,202611,final_validation_catboost_trial_006
22962,202611,0,0.131049142625763,0,202611,final_validation_catboost_trial_006
22963,202611,0,0.111580621184321,0,202611,final_validation_catboost_trial_006
22964,202611,0,0.178143031380277,0,202611,final_validation_catboost_trial_006
22965,202611,0,0.136822839872289,0,202611,final_validation_catboost_trial_006
22966,202611,0,0.142210583350574,0,202611,final_validation_catboost_trial_006
22967,202611,0,0.159302379432809,0,202611,final_validation_catboost_trial_006
22968,202611,0,0.341454058101581,0,202611,final_validation_catboost_trial_006
22969,202611,0,0.125852438179991,0,202611,final_validation_catboost_trial_006
22970,202611,0,0.119645366131473,0,202611,final_validation_catboost_trial_006
22971,202611,0,0.171276411622191,0,202611,final_validation_catboost_trial_006
22972,202611,0,0.314531714294431,0,202611,final_validation_catboost_trial_006
22973,202611,0,0.182291862988626,0,202611,final_validation_catboost_trial_006
22974,202611,0,0.205008818419067,0,202611,final_validation_catboost_trial_006
22976,202611,0,0.135053094565439,0,202611,final_validation_catboost_trial_006
22977,202611,0,0.123533983163022,0,202611,final_validation_catboost_trial_006
22978,202611,0,0.154651594719787,0,202611,final_validation_catboost_trial_006
22980,202611,0,0.124332101466948,0,202611,final_validation_catboost_trial_006
22981,202611,0,0.0898426988267384,0,202611,final_validation_catboost_trial_006
22982,202611,1,0.243901080087982,0,202611,final_validation_catboost_trial_006
22983,202611,0,0.122967328391112,0,202611,final_validation_catboost_trial_006
22986,202611,0,0.133829939769051,0,202611,final_validation_catboost_trial_006
22987,202611,1,0.192651198184604,0,202611,final_validation_catboost_trial_006
22988,202611,0,0.185951162356311,0,202611,final_validation_catboost_trial_006
22989,202611,0,0.330266222419203,0,202611,final_validation_catboost_trial_006
22990,202611,0,0.14239064973433,0,202611,final_validation_catboost_trial_006
22991,202611,1,0.243751573867666,0,202611,final_validation_catboost_trial_006
22992,202611,0,0.120176873381011,0,202611,final_validation_catboost_trial_006
22993,202611,0,0.0398127501676397,0,202611,final_validation_catboost_trial_006
22994,202611,1,0.169126143261842,0,202611,final_validation_catboost_trial_006
22995,202611,0,0.138963569111092,0,202611,final_validation_catboost_trial_006
22996,202611,0,0.0833944644742806,0,202611,final_validation_catboost_trial_006
22997,202611,0,0.0670199003463745,0,202611,final_validation_catboost_trial_006
22998,202611,0,0.140116241827943,0,202611,final_validation_catboost_trial_006
22999,202611,1,0.103488700916473,0,202611,final_validation_catboost_trial_006
23000,202611,1,0.106970599382383,0,202611,final_validation_catboost_trial_006
23002,202611,0,0.134723051512216,0,202611,final_validation_catboost_trial_006
23003,202611,0,0.123229852566872,0,202611,final_validation_catboost_trial_006
23004,202611,1,0.144105345278361,0,202611,final_validation_catboost_trial_006
23005,202611,0,0.21032843514,0,202611,final_validation_catboost_trial_006
23006,202611,0,0.128358267025767,0,202611,final_validation_catboost_trial_006
23007,202611,0,0.123792652487342,0,202611,final_validation_catboost_trial_006
23008,202611,0,0.152745332640406,0,202611,final_validation_catboost_trial_006
23009,202611,1,0.333421457948416,0,202611,final_validation_catboost_trial_006
23010,202611,0,0.14432211157129,0,202611,final_validation_catboost_trial_006
23011,202611,0,0.0854190839446158,0,202611,final_validation_catboost_trial_006
23012,202611,0,0.175192542443529,0,202611,final_validation_catboost_trial_006
23013,202611,0,0.252155104284147,0,202611,final_validation_catboost_trial_006
23014,202611,0,0.105554463255327,0,202611,final_validation_catboost_trial_006
23015,202611,0,0.128723096371572,0,202611,final_validation_catboost_trial_006
23019,202611,1,0.325077108611839,0,202611,final_validation_catboost_trial_006
23020,202611,0,0.147322880509237,0,202611,final_validation_catboost_trial_006
23021,202611,0,0.145998682189154,0,202611,final_validation_catboost_trial_006
23022,202611,0,0.239099627920662,0,202611,final_validation_catboost_trial_006
23023,202611,0,0.0749163726939702,0,202611,final_validation_catboost_trial_006
23025,202611,0,0.252334264898197,0,202611,final_validation_catboost_trial_006
23026,202611,1,0.280594128715889,0,202611,final_validation_catboost_trial_006
23028,202611,0,0.251406337782821,0,202611,final_validation_catboost_trial_006
23031,202611,0,0.164966236525374,0,202611,final_validation_catboost_trial_006
23032,202611,0,0.326693000079777,0,202611,final_validation_catboost_trial_006
23033,202611,0,0.15099793554236,0,202611,final_validation_catboost_trial_006
23034,202611,0,0.129103395329217,0,202611,final_validation_catboost_trial_006
23035,202611,0,0.154197760583382,0,202611,final_validation_catboost_trial_006
23036,202611,0,0.164707431366732,0,202611,final_validation_catboost_trial_006
23037,202611,0,0.0641372961049463,0,202611,final_validation_catboost_trial_006
23039,202611,0,0.323784019719867,0,202611,final_validation_catboost_trial_006
23040,202611,0,0.119874707973696,0,202611,final_validation_catboost_trial_006
23041,202611,0,0.123269602675814,0,202611,final_validation_catboost_trial_006
23042,202611,1,0.169512857212309,0,202611,final_validation_catboost_trial_006
23043,202611,0,0.123678282840087,0,202611,final_validation_catboost_trial_006
23044,202611,1,0.248312078500873,0,202611,final_validation_catboost_trial_006
23046,202611,0,0.151962316787988,0,202611,final_validation_catboost_trial_006
23048,202611,0,0.0672056113765759,0,202611,final_validation_catboost_trial_006
23049,202611,1,0.341975385180277,0,202611,final_validation_catboost_trial_006
23050,202611,1,0.146192030631734,0,202611,final_validation_catboost_trial_006
23051,202611,0,0.1434438100622,0,202611,final_validation_catboost_trial_006
23052,202611,0,0.140340132280729,0,202611,final_validation_catboost_trial_006
23053,202611,0,0.145210354636202,0,202611,final_validation_catboost_trial_006
23054,202611,1,0.15097384981177,0,202611,final_validation_catboost_trial_006
23055,202611,0,0.182731620376005,0,202611,final_validation_catboost_trial_006
23056,202611,0,0.135671922233433,0,202611,final_validation_catboost_trial_006
23058,202611,1,0.135871508735802,0,202611,final_validation_catboost_trial_006
23059,202611,0,0.172718692232213,0,202611,final_validation_catboost_trial_006
23060,202611,0,0.126936061748937,0,202611,final_validation_catboost_trial_006
23061,202611,1,0.13945500512004,0,202611,final_validation_catboost_trial_006
23062,202611,0,0.126701966356714,0,202611,final_validation_catboost_trial_006
23063,202611,0,0.133422220280914,0,202611,final_validation_catboost_trial_006
23064,202611,1,0.139912318976807,0,202611,final_validation_catboost_trial_006
23065,202611,0,0.137309534211797,0,202611,final_validation_catboost_trial_006
23066,202611,0,0.132142266264817,0,202611,final_validation_catboost_trial_006
23067,202611,0,0.106573918726167,0,202611,final_validation_catboost_trial_006
23068,202611,1,0.184259809931127,0,202611,final_validation_catboost_trial_006
23069,202611,1,0.138779025275633,0,202611,final_validation_catboost_trial_006
23070,202611,0,0.167510630476094,0,202611,final_validation_catboost_trial_006
23071,202611,1,0.0520551703129192,0,202611,final_validation_catboost_trial_006
23072,202611,0,0.134313945805137,0,202611,final_validation_catboost_trial_006
23073,202611,0,0.124099205523555,0,202611,final_validation_catboost_trial_006
23074,202611,0,0.118797698858766,0,202611,final_validation_catboost_trial_006
23075,202611,0,0.137280482190172,0,202611,final_validation_catboost_trial_006
23077,202611,1,0.2487042269417,0,202611,final_validation_catboost_trial_006
23078,202611,0,0.152363243945887,0,202611,final_validation_catboost_trial_006
23079,202611,0,0.168940464360076,0,202611,final_validation_catboost_trial_006
23080,202611,0,0.156971245392035,0,202611,final_validation_catboost_trial_006
23081,202611,0,0.0547189995960558,0,202611,final_validation_catboost_trial_006
23082,202611,0,0.264749309687831,0,202611,final_validation_catboost_trial_006
23083,202611,1,0.134297462765646,0,202611,final_validation_catboost_trial_006
23084,202611,0,0.11703477064684,0,202611,final_validation_catboost_trial_006
23085,202611,1,0.137776362074797,0,202611,final_validation_catboost_trial_006
23086,202611,1,0.120595550627195,0,202611,final_validation_catboost_trial_006
23087,202611,0,0.134506163712678,0,202611,final_validation_catboost_trial_006
23088,202611,0,0.152072767040173,0,202611,final_validation_catboost_trial_006
23089,202611,0,0.166855231753778,0,202611,final_validation_catboost_trial_006
23090,202611,0,0.147972239312257,0,202611,final_validation_catboost_trial_006
23093,202611,1,0.148910778192582,0,202611,final_validation_catboost_trial_006
23095,202611,0,0.129853318735511,0,202611,final_validation_catboost_trial_006
23097,202611,0,0.140339360486456,0,202611,final_validation_catboost_trial_006
23098,202611,0,0.0539954991167707,0,202611,final_validation_catboost_trial_006
23099,202611,0,0.125850406861858,0,202611,final_validation_catboost_trial_006
23100,202611,0,0.13784677495867,0,202611,final_validation_catboost_trial_006
23101,202611,0,0.168120099835124,0,202611,final_validation_catboost_trial_006
23102,202611,0,0.188152729425167,0,202611,final_validation_catboost_trial_006
23103,202611,0,0.240016943929734,0,202611,final_validation_catboost_trial_006
23104,202611,1,0.119449192626815,0,202611,final_validation_catboost_trial_006
23105,202611,0,0.113980723259373,0,202611,final_validation_catboost_trial_006
23106,202611,0,0.100195532123543,0,202611,final_validation_catboost_trial_006
23107,202611,1,0.264892576809531,0,202611,final_validation_catboost_trial_006
23108,202611,0,0.0679705988215387,0,202611,final_validation_catboost_trial_006
23109,202611,0,0.162715577668851,0,202611,final_validation_catboost_trial_006
23110,202611,0,0.182524843249276,0,202611,final_validation_catboost_trial_006
23111,202611,0,0.113702849291354,0,202611,final_validation_catboost_trial_006
23112,202611,0,0.105698247786992,0,202611,final_validation_catboost_trial_006
23113,202611,0,0.0662680989837763,0,202611,final_validation_catboost_trial_006
23114,202611,0,0.161540703658764,0,202611,final_validation_catboost_trial_006
23115,202611,0,0.297318605260058,0,202611,final_validation_catboost_trial_006
23116,202611,0,0.0731817014734797,0,202611,final_validation_catboost_trial_006
23118,202611,0,0.207213763214041,0,202611,final_validation_catboost_trial_006
23119,202611,0,0.126732837494876,0,202611,final_validation_catboost_trial_006
23120,202611,0,0.154971748194908,0,202611,final_validation_catboost_trial_006
23121,202611,1,0.222739519680325,0,202611,final_validation_catboost_trial_006
23122,202611,0,0.176075369294534,0,202611,final_validation_catboost_trial_006
23123,202611,0,0.138511343584944,0,202611,final_validation_catboost_trial_006
23124,202611,0,0.14245326658927,0,202611,final_validation_catboost_trial_006
23125,202611,0,0.116513963855862,0,202611,final_validation_catboost_trial_006
23126,202611,0,0.137918835288612,0,202611,final_validation_catboost_trial_006
23127,202611,1,0.141857369376136,0,202611,final_validation_catboost_trial_006
23128,202611,0,0.150995557410964,0,202611,final_validation_catboost_trial_006
23129,202611,0,0.223074118645216,0,202611,final_validation_catboost_trial_006
23130,202611,1,0.119543843667195,0,202611,final_validation_catboost_trial_006
23131,202611,0,0.129211248766852,0,202611,final_validation_catboost_trial_006
23132,202611,0,0.156614468587124,0,202611,final_validation_catboost_trial_006
23133,202611,0,0.249177025010261,0,202611,final_validation_catboost_trial_006
23134,202611,0,0.152296927112975,0,202611,final_validation_catboost_trial_006
23135,202611,0,0.14203836541613,0,202611,final_validation_catboost_trial_006
23136,202611,0,0.138398184195361,0,202611,final_validation_catboost_trial_006
23137,202611,0,0.0771785014003211,0,202611,final_validation_catboost_trial_006
23138,202611,1,0.135524903265432,0,202611,final_validation_catboost_trial_006
23139,202611,0,0.148993346437172,0,202611,final_validation_catboost_trial_006
23142,202611,0,0.0473259773712245,0,202611,final_validation_catboost_trial_006
23143,202611,0,0.139950260398372,0,202611,final_validation_catboost_trial_006
23146,202611,0,0.180454208612764,0,202611,final_validation_catboost_trial_006
23147,202611,0,0.116903839262477,0,202611,final_validation_catboost_trial_006
23148,202611,0,0.124615063839239,0,202611,final_validation_catboost_trial_006
23149,202611,0,0.111352248050672,0,202611,final_validation_catboost_trial_006
23151,202611,0,0.132583354848325,0,202611,final_validation_catboost_trial_006
23152,202611,0,0.140228984604563,0,202611,final_validation_catboost_trial_006
23153,202611,0,0.328775652568328,0,202611,final_validation_catboost_trial_006
23154,202611,0,0.12786631161833,0,202611,final_validation_catboost_trial_006
23155,202611,1,0.140451702110791,0,202611,final_validation_catboost_trial_006
23156,202611,0,0.15423374079731,0,202611,final_validation_catboost_trial_006
23157,202611,0,0.114897145129033,0,202611,final_validation_catboost_trial_006
23158,202611,0,0.155061918902101,0,202611,final_validation_catboost_trial_006
23160,202611,1,0.140149299311136,0,202611,final_validation_catboost_trial_006
23161,202611,0,0.154510451187972,0,202611,final_validation_catboost_trial_006
23162,202611,0,0.167556032332175,0,202611,final_validation_catboost_trial_006
23163,202611,0,0.14765023418267,0,202611,final_validation_catboost_trial_006
23164,202611,0,0.204601593487956,0,202611,final_validation_catboost_trial_006
23166,202611,0,0.282000927375983,0,202611,final_validation_catboost_trial_006
23167,202611,0,0.179543171972299,0,202611,final_validation_catboost_trial_006
23168,202611,0,0.139617192638601,0,202611,final_validation_catboost_trial_006
23169,202611,0,0.148150850720746,0,202611,final_validation_catboost_trial_006
23170,202611,0,0.128055792703395,0,202611,final_validation_catboost_trial_006
23171,202611,0,0.160919583097927,0,202611,final_validation_catboost_trial_006
23172,202611,0,0.0537211380056714,0,202611,final_validation_catboost_trial_006
23173,202611,0,0.220137182381729,0,202611,final_validation_catboost_trial_006
23174,202611,0,0.147341973077743,0,202611,final_validation_catboost_trial_006
23175,202611,1,0.149223754558486,0,202611,final_validation_catboost_trial_006
23176,202611,0,0.154347890729851,0,202611,final_validation_catboost_trial_006
23177,202611,0,0.106948446633927,0,202611,final_validation_catboost_trial_006
23178,202611,0,0.136881735783366,0,202611,final_validation_catboost_trial_006
23179,202611,0,0.13073956929664,0,202611,final_validation_catboost_trial_006
23180,202611,0,0.128896949948451,0,202611,final_validation_catboost_trial_006
23181,202611,0,0.320316331169275,0,202611,final_validation_catboost_trial_006
23182,202611,0,0.162139350796808,0,202611,final_validation_catboost_trial_006
23183,202611,0,0.116467550327048,0,202611,final_validation_catboost_trial_006
23184,202611,0,0.124760460494769,0,202611,final_validation_catboost_trial_006
23185,202611,0,0.14253784247973,0,202611,final_validation_catboost_trial_006
23186,202611,0,0.123598777136274,0,202611,final_validation_catboost_trial_006
23187,202611,0,0.21727454290267,0,202611,final_validation_catboost_trial_006
23188,202611,0,0.147396321050788,0,202611,final_validation_catboost_trial_006
23191,202611,0,0.15082273674986,0,202611,final_validation_catboost_trial_006
23192,202611,0,0.148746312248627,0,202611,final_validation_catboost_trial_006
23193,202611,0,0.15450973058366,0,202611,final_validation_catboost_trial_006
23194,202611,0,0.123928387560134,0,202611,final_validation_catboost_trial_006
23196,202611,0,0.116726867493974,0,202611,final_validation_catboost_trial_006
23197,202611,0,0.121528835391818,0,202611,final_validation_catboost_trial_006
23198,202611,0,0.12014670493503,0,202611,final_validation_catboost_trial_006
23199,202611,0,0.0730662356313989,0,202611,final_validation_catboost_trial_006
23201,202611,0,0.232443431178175,0,202611,final_validation_catboost_trial_006
23202,202611,0,0.184224959812696,0,202611,final_validation_catboost_trial_006
23203,202611,0,0.131548947031905,0,202611,final_validation_catboost_trial_006
23204,202611,0,0.0640554024059913,0,202611,final_validation_catboost_trial_006
23205,202611,0,0.176553656072569,0,202611,final_validation_catboost_trial_006
23206,202611,0,0.129358144253435,0,202611,final_validation_catboost_trial_006
23207,202611,0,0.0646461232389417,0,202611,final_validation_catboost_trial_006
23209,202611,0,0.163433565746881,0,202611,final_validation_catboost_trial_006
23211,202611,0,0.150851213675146,0,202611,final_validation_catboost_trial_006
23212,202611,0,0.0692181438339519,0,202611,final_validation_catboost_trial_006
23214,202611,0,0.127097308179223,0,202611,final_validation_catboost_trial_006
23215,202611,0,0.120840437421385,0,202611,final_validation_catboost_trial_006
23216,202611,0,0.15889043014696,0,202611,final_validation_catboost_trial_006
23217,202611,1,0.124074946049963,0,202611,final_validation_catboost_trial_006
23218,202611,0,0.223857507520232,0,202611,final_validation_catboost_trial_006
23219,202611,0,0.153657828972079,0,202611,final_validation_catboost_trial_006
23220,202611,0,0.172809156557272,0,202611,final_validation_catboost_trial_006
23221,202611,0,0.0579301772961484,0,202611,final_validation_catboost_trial_006
23222,202611,0,0.142841214684643,0,202611,final_validation_catboost_trial_006
23223,202611,1,0.328859735127645,0,202611,final_validation_catboost_trial_006
23224,202611,0,0.14018450611539,0,202611,final_validation_catboost_trial_006
23225,202611,0,0.128379603845694,0,202611,final_validation_catboost_trial_006
23227,202611,0,0.124131742673679,0,202611,final_validation_catboost_trial_006
23228,202611,0,0.13984785499922,0,202611,final_validation_catboost_trial_006
23229,202611,0,0.270668443002619,0,202611,final_validation_catboost_trial_006
23230,202611,0,0.133189601485209,0,202611,final_validation_catboost_trial_006
23231,202611,0,0.314444367562622,0,202611,final_validation_catboost_trial_006
23232,202611,1,0.245556891456072,0,202611,final_validation_catboost_trial_006
23233,202611,0,0.170939830556991,0,202611,final_validation_catboost_trial_006
23234,202611,0,0.14050444992409,0,202611,final_validation_catboost_trial_006
23236,202611,0,0.137473484130982,0,202611,final_validation_catboost_trial_006
23238,202611,0,0.124858416595097,0,202611,final_validation_catboost_trial_006
23239,202611,0,0.0829725187537978,0,202611,final_validation_catboost_trial_006
23240,202611,0,0.151750286247176,0,202611,final_validation_catboost_trial_006
23241,202611,0,0.145261616171428,0,202611,final_validation_catboost_trial_006
23242,202611,0,0.327506068327291,0,202611,final_validation_catboost_trial_006
23243,202611,1,0.151755444152245,0,202611,final_validation_catboost_trial_006
23245,202611,0,0.16695288555352,0,202611,final_validation_catboost_trial_006
23246,202611,0,0.123923997675598,0,202611,final_validation_catboost_trial_006
23247,202611,1,0.270328190766304,0,202611,final_validation_catboost_trial_006
23248,202611,0,0.156140234137823,0,202611,final_validation_catboost_trial_006
23249,202611,0,0.242283700915492,0,202611,final_validation_catboost_trial_006
23250,202611,0,0.141910276137357,0,202611,final_validation_catboost_trial_006
23251,202611,0,0.156486540616504,0,202611,final_validation_catboost_trial_006
23253,202611,1,0.128804395962776,0,202611,final_validation_catboost_trial_006
23254,202611,0,0.156537153026502,0,202611,final_validation_catboost_trial_006
23255,202611,0,0.16971669288127,0,202611,final_validation_catboost_trial_006
23256,202611,1,0.138123398509464,0,202611,final_validation_catboost_trial_006
23257,202611,0,0.349199039799888,0,202611,final_validation_catboost_trial_006
23258,202611,0,0.188729058223952,0,202611,final_validation_catboost_trial_006
23259,202611,0,0.121304196512123,0,202611,final_validation_catboost_trial_006
23260,202611,0,0.136557414741157,0,202611,final_validation_catboost_trial_006
23262,202611,0,0.169748986276907,0,202611,final_validation_catboost_trial_006
23263,202611,1,0.144474768382221,0,202611,final_validation_catboost_trial_006
23264,202611,0,0.14919182647774,0,202611,final_validation_catboost_trial_006
23265,202611,1,0.257328118557049,0,202611,final_validation_catboost_trial_006
23267,202611,0,0.191856156832191,0,202611,final_validation_catboost_trial_006
23268,202611,1,0.350107640923955,0,202611,final_validation_catboost_trial_006
23270,202611,0,0.160378733327199,0,202611,final_validation_catboost_trial_006
23271,202611,0,0.148901448358058,0,202611,final_validation_catboost_trial_006
23273,202611,0,0.181620302108684,0,202611,final_validation_catboost_trial_006
23274,202611,0,0.127810262788748,0,202611,final_validation_catboost_trial_006
23275,202611,0,0.154216108628748,0,202611,final_validation_catboost_trial_006
23276,202611,0,0.156397025816665,0,202611,final_validation_catboost_trial_006
23277,202611,0,0.154861717970441,0,202611,final_validation_catboost_trial_006
23278,202611,0,0.141828301869555,0,202611,final_validation_catboost_trial_006
23280,202611,0,0.257419514517833,0,202611,final_validation_catboost_trial_006
23281,202611,1,0.145625535611289,0,202611,final_validation_catboost_trial_006
23282,202611,0,0.25202085233475,0,202611,final_validation_catboost_trial_006
23283,202611,0,0.131950759123086,0,202611,final_validation_catboost_trial_006
23284,202611,0,0.162682029917323,0,202611,final_validation_catboost_trial_006
23286,202611,0,0.117436186019063,0,202611,final_validation_catboost_trial_006
23287,202611,0,0.148830639781929,0,202611,final_validation_catboost_trial_006
23288,202611,0,0.149510835015274,0,202611,final_validation_catboost_trial_006
23289,202611,0,0.144555696746855,0,202611,final_validation_catboost_trial_006
23291,202611,0,0.0586756231061593,0,202611,final_validation_catboost_trial_006
23293,202611,0,0.216548920468396,0,202611,final_validation_catboost_trial_006
23294,202611,0,0.123909849273092,0,202611,final_validation_catboost_trial_006
23295,202611,0,0.148133430391984,0,202611,final_validation_catboost_trial_006
23296,202611,1,0.149129154405165,0,202611,final_validation_catboost_trial_006
23297,202611,0,0.143347628682763,0,202611,final_validation_catboost_trial_006
23298,202611,0,0.0920963513209358,0,202611,final_validation_catboost_trial_006
23299,202611,0,0.159014091245606,0,202611,final_validation_catboost_trial_006
23301,202611,1,0.156539696907344,0,202611,final_validation_catboost_trial_006
23302,202611,1,0.265642094664364,0,202611,final_validation_catboost_trial_006
23304,202611,0,0.210159688495729,0,202611,final_validation_catboost_trial_006
23305,202611,0,0.136216466980234,0,202611,final_validation_catboost_trial_006
23306,202611,0,0.121112918886237,0,202611,final_validation_catboost_trial_006
23307,202611,0,0.0573754896883487,0,202611,final_validation_catboost_trial_006
23309,202611,0,0.218548982529772,0,202611,final_validation_catboost_trial_006
23310,202611,0,0.150191603908035,0,202611,final_validation_catboost_trial_006
23311,202611,0,0.171125394440012,0,202611,final_validation_catboost_trial_006
23313,202611,0,0.137554983048634,0,202611,final_validation_catboost_trial_006
23314,202611,0,0.161503678895481,0,202611,final_validation_catboost_trial_006
23315,202611,0,0.140254128935196,0,202611,final_validation_catboost_trial_006
23318,202611,0,0.134303314602426,0,202611,final_validation_catboost_trial_006
23319,202611,0,0.0571168152609333,0,202611,final_validation_catboost_trial_006
23320,202611,0,0.138634225266103,0,202611,final_validation_catboost_trial_006
23321,202611,0,0.149637242160488,0,202611,final_validation_catboost_trial_006
23322,202611,0,0.132429256512739,0,202611,final_validation_catboost_trial_006
23323,202611,0,0.160878487639986,0,202611,final_validation_catboost_trial_006
23324,202611,1,0.205913051803029,0,202611,final_validation_catboost_trial_006
23325,202611,0,0.120261368701019,0,202611,final_validation_catboost_trial_006
23326,202611,0,0.136349587244677,0,202611,final_validation_catboost_trial_006
23328,202611,0,0.341818763621263,0,202611,final_validation_catboost_trial_006
23332,202611,0,0.0400078879317933,0,202611,final_validation_catboost_trial_006
23333,202611,0,0.0460210231306004,0,202611,final_validation_catboost_trial_006
23334,202611,0,0.372333764276297,0,202611,final_validation_catboost_trial_006
23335,202611,0,0.131596276523482,0,202611,final_validation_catboost_trial_006
23336,202611,0,0.130271509237905,0,202611,final_validation_catboost_trial_006
23337,202611,1,0.283910150491649,0,202611,final_validation_catboost_trial_006
23338,202611,0,0.073385132697645,0,202611,final_validation_catboost_trial_006
23339,202611,0,0.140659613812526,0,202611,final_validation_catboost_trial_006
23340,202611,0,0.173329226861897,0,202611,final_validation_catboost_trial_006
23343,202611,0,0.203170583079077,0,202611,final_validation_catboost_trial_006
23344,202611,0,0.118764705925173,0,202611,final_validation_catboost_trial_006
23345,202611,1,0.189992791484515,0,202611,final_validation_catboost_trial_006
23346,202611,0,0.0902379689436384,0,202611,final_validation_catboost_trial_006
23347,202611,0,0.143049213725686,0,202611,final_validation_catboost_trial_006
23348,202611,0,0.141590950805253,0,202611,final_validation_catboost_trial_006
23349,202611,0,0.21816131132842,0,202611,final_validation_catboost_trial_006
23351,202611,0,0.131517484758183,0,202611,final_validation_catboost_trial_006
23352,202611,0,0.237596713157606,0,202611,final_validation_catboost_trial_006
23353,202611,0,0.358583557609352,0,202611,final_validation_catboost_trial_006
23354,202611,0,0.140367072231456,0,202611,final_validation_catboost_trial_006
23355,202611,1,0.176627515020117,0,202611,final_validation_catboost_trial_006
23356,202611,0,0.317601774280491,0,202611,final_validation_catboost_trial_006
23357,202611,0,0.146000562382081,0,202611,final_validation_catboost_trial_006
23359,202611,0,0.120618623013767,0,202611,final_validation_catboost_trial_006
23360,202611,1,0.129936768534202,0,202611,final_validation_catboost_trial_006
23361,202611,0,0.147697928598465,0,202611,final_validation_catboost_trial_006
23362,202611,1,0.164740715288853,0,202611,final_validation_catboost_trial_006
23364,202611,0,0.152863012595131,0,202611,final_validation_catboost_trial_006
23365,202611,0,0.1349616210011,0,202611,final_validation_catboost_trial_006
23366,202611,0,0.261665112127458,0,202611,final_validation_catboost_trial_006
23367,202611,0,0.133416002830185,0,202611,final_validation_catboost_trial_006
23368,202611,0,0.186705647091393,0,202611,final_validation_catboost_trial_006
23369,202611,0,0.166740877580767,0,202611,final_validation_catboost_trial_006
23371,202611,0,0.172991798047952,0,202611,final_validation_catboost_trial_006
23372,202611,0,0.144275016319267,0,202611,final_validation_catboost_trial_006
23373,202611,0,0.1743600189689,0,202611,final_validation_catboost_trial_006
23376,202611,1,0.104363592142923,0,202611,final_validation_catboost_trial_006
23377,202611,0,0.103799713746594,0,202611,final_validation_catboost_trial_006
23378,202611,0,0.14190795343594,0,202611,final_validation_catboost_trial_006
23379,202611,1,0.136519519995303,0,202611,final_validation_catboost_trial_006
23380,202611,1,0.241666299084147,0,202611,final_validation_catboost_trial_006
23383,202611,1,0.154993656163942,0,202611,final_validation_catboost_trial_006
23385,202611,0,0.141701853023675,0,202611,final_validation_catboost_trial_006
23387,202611,0,0.0691976886534786,0,202611,final_validation_catboost_trial_006
23388,202611,0,0.21593978853601,0,202611,final_validation_catboost_trial_006
23389,202611,1,0.322127292654458,0,202611,final_validation_catboost_trial_006
23392,202611,0,0.0686403327167238,0,202611,final_validation_catboost_trial_006
23394,202611,0,0.305646233392807,0,202611,final_validation_catboost_trial_006
23395,202611,0,0.167338850959052,0,202611,final_validation_catboost_trial_006
23397,202611,0,0.281273067240012,0,202611,final_validation_catboost_trial_006
23398,202611,0,0.0582716255587001,0,202611,final_validation_catboost_trial_006
23399,202611,0,0.138212564745988,0,202611,final_validation_catboost_trial_006
23401,202611,0,0.153648159692867,0,202611,final_validation_catboost_trial_006
23402,202611,0,0.123913744777039,0,202611,final_validation_catboost_trial_006
23404,202611,0,0.172154583955744,0,202611,final_validation_catboost_trial_006
23406,202611,1,0.148375982276864,0,202611,final_validation_catboost_trial_006
23407,202611,0,0.229322497256212,0,202611,final_validation_catboost_trial_006
23409,202611,0,0.122965500758382,0,202611,final_validation_catboost_trial_006
23410,202611,0,0.159388353395211,0,202611,final_validation_catboost_trial_006
23411,202611,0,0.0541073340517211,0,202611,final_validation_catboost_trial_006
23412,202611,0,0.142296802780487,0,202611,final_validation_catboost_trial_006
23413,202611,0,0.0900220971373182,0,202611,final_validation_catboost_trial_006
23415,202611,0,0.144784809230239,0,202611,final_validation_catboost_trial_006
23416,202611,0,0.163229625362215,0,202611,final_validation_catboost_trial_006
23417,202611,0,0.122470474157239,0,202611,final_validation_catboost_trial_006
23419,202611,0,0.127731538807649,0,202611,final_validation_catboost_trial_006
23421,202611,0,0.0775632726268479,0,202611,final_validation_catboost_trial_006
23422,202611,0,0.13278332127663,0,202611,final_validation_catboost_trial_006
23423,202611,0,0.147329507090055,0,202611,final_validation_catboost_trial_006
23425,202611,1,0.153648110595121,0,202611,final_validation_catboost_trial_006
23426,202611,0,0.141209594746217,0,202611,final_validation_catboost_trial_006
23427,202611,0,0.139837501484459,0,202611,final_validation_catboost_trial_006
23428,202611,0,0.121262133124789,0,202611,final_validation_catboost_trial_006
23430,202611,0,0.186881206611513,0,202611,final_validation_catboost_trial_006
23431,202611,0,0.127789212887483,0,202611,final_validation_catboost_trial_006
23432,202611,0,0.139592297603741,0,202611,final_validation_catboost_trial_006
23433,202611,0,0.141174337547229,0,202611,final_validation_catboost_trial_006
23434,202611,1,0.275936580923924,0,202611,final_validation_catboost_trial_006
23435,202611,0,0.0499911392818828,0,202611,final_validation_catboost_trial_006
23436,202611,0,0.120606873868937,0,202611,final_validation_catboost_trial_006
23437,202611,1,0.128941979942868,0,202611,final_validation_catboost_trial_006
23438,202611,0,0.151083787313552,0,202611,final_validation_catboost_trial_006
23439,202611,0,0.0767497512725705,0,202611,final_validation_catboost_trial_006
23440,202611,0,0.139159188595693,0,202611,final_validation_catboost_trial_006
23441,202611,0,0.070805178935514,0,202611,final_validation_catboost_trial_006
23442,202611,0,0.134427244671882,0,202611,final_validation_catboost_trial_006
23443,202611,0,0.154696543542013,0,202611,final_validation_catboost_trial_006
23444,202611,0,0.141747033037608,0,202611,final_validation_catboost_trial_006
23446,202611,1,0.167051348271507,0,202611,final_validation_catboost_trial_006
23447,202611,0,0.0625050294737599,0,202611,final_validation_catboost_trial_006
23448,202611,1,0.248851456787289,0,202611,final_validation_catboost_trial_006
23449,202611,1,0.145037833998007,0,202611,final_validation_catboost_trial_006
23450,202611,0,0.145282674817016,0,202611,final_validation_catboost_trial_006
23451,202611,1,0.135502257263436,0,202611,final_validation_catboost_trial_006
23452,202611,0,0.131142876239722,0,202611,final_validation_catboost_trial_006
23453,202611,0,0.165991390102151,0,202611,final_validation_catboost_trial_006
23454,202611,0,0.137577707403574,0,202611,final_validation_catboost_trial_006
23455,202611,0,0.0531064182588645,0,202611,final_validation_catboost_trial_006
23456,202611,0,0.0641648712819717,0,202611,final_validation_catboost_trial_006
23457,202611,0,0.199681452334616,0,202611,final_validation_catboost_trial_006
23459,202611,0,0.117825763695437,0,202611,final_validation_catboost_trial_006
23461,202611,1,0.272668858733209,0,202611,final_validation_catboost_trial_006
23462,202611,0,0.136004126099163,0,202611,final_validation_catboost_trial_006
23463,202611,0,0.222300831226921,0,202611,final_validation_catboost_trial_006
23464,202611,1,0.156881341262429,0,202611,final_validation_catboost_trial_006
23466,202611,0,0.147465614479871,0,202611,final_validation_catboost_trial_006
23468,202611,0,0.134025012353652,0,202611,final_validation_catboost_trial_006
23469,202611,0,0.137053785358144,0,202611,final_validation_catboost_trial_006
23470,202611,0,0.135637215842972,0,202611,final_validation_catboost_trial_006
23471,202611,0,0.227974280721208,0,202611,final_validation_catboost_trial_006
23472,202611,0,0.249945513183957,0,202611,final_validation_catboost_trial_006
23473,202611,0,0.135840670640707,0,202611,final_validation_catboost_trial_006
23474,202611,0,0.239512543068206,0,202611,final_validation_catboost_trial_006
23475,202611,1,0.30891846860818,0,202611,final_validation_catboost_trial_006
23476,202611,0,0.138430130798736,0,202611,final_validation_catboost_trial_006
23477,202611,0,0.118832808830993,0,202611,final_validation_catboost_trial_006
23478,202611,0,0.14015073784333,0,202611,final_validation_catboost_trial_006
23479,202611,0,0.256212387909888,0,202611,final_validation_catboost_trial_006
23480,202611,0,0.159891614755179,0,202611,final_validation_catboost_trial_006
23481,202611,0,0.129880462673876,0,202611,final_validation_catboost_trial_006
23482,202611,0,0.124099590598838,0,202611,final_validation_catboost_trial_006
23483,202611,0,0.222632680570828,0,202611,final_validation_catboost_trial_006
23484,202611,0,0.151434723426548,0,202611,final_validation_catboost_trial_006
23486,202611,0,0.145367080609894,0,202611,final_validation_catboost_trial_006
23487,202611,0,0.133612978050661,0,202611,final_validation_catboost_trial_006
23488,202611,0,0.14726653780458,0,202611,final_validation_catboost_trial_006
23489,202611,0,0.129446079091616,0,202611,final_validation_catboost_trial_006
23490,202611,0,0.224389251522888,0,202611,final_validation_catboost_trial_006
23492,202611,0,0.136929377058886,0,202611,final_validation_catboost_trial_006
23493,202611,0,0.0414124084027937,0,202611,final_validation_catboost_trial_006
23494,202611,0,0.245428844546587,0,202611,final_validation_catboost_trial_006
23495,202611,0,0.359368068232907,0,202611,final_validation_catboost_trial_006
23496,202611,0,0.172990174142994,0,202611,final_validation_catboost_trial_006
23497,202611,0,0.136238164490981,0,202611,final_validation_catboost_trial_006
23498,202611,0,0.107170703780594,0,202611,final_validation_catboost_trial_006
23499,202611,0,0.124826420630965,0,202611,final_validation_catboost_trial_006
23500,202611,0,0.116746997068797,0,202611,final_validation_catboost_trial_006
23501,202611,0,0.05585253741997,0,202611,final_validation_catboost_trial_006
23504,202611,0,0.200365085504814,0,202611,final_validation_catboost_trial_006
23505,202611,0,0.117434528433875,0,202611,final_validation_catboost_trial_006
23506,202611,0,0.124185580844538,0,202611,final_validation_catboost_trial_006
23507,202611,0,0.241376122592796,0,202611,final_validation_catboost_trial_006
23508,202611,0,0.148257923254253,0,202611,final_validation_catboost_trial_006
23509,202611,0,0.113926097786396,0,202611,final_validation_catboost_trial_006
23512,202611,1,0.207057021663973,0,202611,final_validation_catboost_trial_006
23513,202611,1,0.13170782006418,0,202611,final_validation_catboost_trial_006
23514,202611,0,0.166625441640614,0,202611,final_validation_catboost_trial_006
23515,202611,0,0.0626374679106314,0,202611,final_validation_catboost_trial_006
23516,202611,0,0.0687172239445633,0,202611,final_validation_catboost_trial_006
23517,202611,0,0.237154320496032,0,202611,final_validation_catboost_trial_006
23518,202611,1,0.223298812351724,0,202611,final_validation_catboost_trial_006
23519,202611,0,0.250303424866334,0,202611,final_validation_catboost_trial_006
23520,202611,0,0.12147062134013,0,202611,final_validation_catboost_trial_006
23521,202611,0,0.147893736874337,0,202611,final_validation_catboost_trial_006
23522,202611,1,0.237779708901022,0,202611,final_validation_catboost_trial_006
23523,202611,0,0.1156935704543,0,202611,final_validation_catboost_trial_006
23524,202611,0,0.150562639914801,0,202611,final_validation_catboost_trial_006
23525,202611,0,0.135296871944918,0,202611,final_validation_catboost_trial_006
23526,202611,0,0.135817857167304,0,202611,final_validation_catboost_trial_006
23527,202611,1,0.224162181386294,0,202611,final_validation_catboost_trial_006
23528,202611,0,0.142528374457996,0,202611,final_validation_catboost_trial_006
23529,202611,0,0.131270622009887,0,202611,final_validation_catboost_trial_006
23530,202611,0,0.141123031237908,0,202611,final_validation_catboost_trial_006
23531,202611,0,0.162815969982068,0,202611,final_validation_catboost_trial_006
23532,202611,0,0.0475915603427165,0,202611,final_validation_catboost_trial_006
23533,202611,0,0.0570021253492461,0,202611,final_validation_catboost_trial_006
23534,202611,0,0.0473546553348698,0,202611,final_validation_catboost_trial_006
23535,202611,0,0.129079197928413,0,202611,final_validation_catboost_trial_006
23538,202611,0,0.0874483955102957,0,202611,final_validation_catboost_trial_006
23540,202611,0,0.0683813223754624,0,202611,final_validation_catboost_trial_006
23542,202611,0,0.0528057412238841,0,202611,final_validation_catboost_trial_006
23543,202611,1,0.322668342968205,0,202611,final_validation_catboost_trial_006
23544,202611,0,0.163923315316736,0,202611,final_validation_catboost_trial_006
23545,202611,1,0.118189578119388,0,202611,final_validation_catboost_trial_006
23548,202611,1,0.224842262576476,0,202611,final_validation_catboost_trial_006
23550,202611,0,0.229800520188455,0,202611,final_validation_catboost_trial_006
23551,202611,0,0.224203914313653,0,202611,final_validation_catboost_trial_006
23552,202611,0,0.210079731828186,0,202611,final_validation_catboost_trial_006
23553,202611,0,0.127449615167837,0,202611,final_validation_catboost_trial_006
23554,202611,0,0.14885766134032,0,202611,final_validation_catboost_trial_006
23555,202611,1,0.119308690162923,0,202611,final_validation_catboost_trial_006
23556,202611,0,0.157585981606087,0,202611,final_validation_catboost_trial_006
23557,202611,0,0.142170580982567,0,202611,final_validation_catboost_trial_006
23560,202611,0,0.143585998557556,0,202611,final_validation_catboost_trial_006
23561,202611,0,0.122443920340351,0,202611,final_validation_catboost_trial_006
23564,202611,0,0.119512110083418,0,202611,final_validation_catboost_trial_006
23565,202611,0,0.158632793768144,0,202611,final_validation_catboost_trial_006
23566,202611,0,0.134543177663913,0,202611,final_validation_catboost_trial_006
23568,202611,0,0.23596714165305,0,202611,final_validation_catboost_trial_006
23569,202611,0,0.0446638461283326,0,202611,final_validation_catboost_trial_006
23570,202611,1,0.143493685018403,0,202611,final_validation_catboost_trial_006
23571,202611,0,0.174029067872075,0,202611,final_validation_catboost_trial_006
23572,202611,0,0.0574403384637188,0,202611,final_validation_catboost_trial_006
23573,202611,0,0.142595649595302,0,202611,final_validation_catboost_trial_006
23574,202611,0,0.141817314145674,0,202611,final_validation_catboost_trial_006
23575,202611,0,0.124870469920729,0,202611,final_validation_catboost_trial_006
23576,202611,0,0.193239173596332,0,202611,final_validation_catboost_trial_006
23577,202611,0,0.135691284586421,0,202611,final_validation_catboost_trial_006
23578,202611,0,0.20626307117383,0,202611,final_validation_catboost_trial_006
23579,202611,1,0.110247314857579,0,202611,final_validation_catboost_trial_006
23581,202611,0,0.229268270947487,0,202611,final_validation_catboost_trial_006
23582,202611,0,0.13635418979793,0,202611,final_validation_catboost_trial_006
23583,202611,0,0.14150459564878,0,202611,final_validation_catboost_trial_006
23584,202611,0,0.147205209020048,0,202611,final_validation_catboost_trial_006
23585,202611,0,0.0862390870868695,0,202611,final_validation_catboost_trial_006
23586,202611,0,0.146940876685587,0,202611,final_validation_catboost_trial_006
23587,202611,1,0.0725426567075154,0,202611,final_validation_catboost_trial_006
23588,202611,1,0.252112416414694,0,202611,final_validation_catboost_trial_006
23589,202611,1,0.169902983090171,0,202611,final_validation_catboost_trial_006
23590,202611,0,0.102877639401268,0,202611,final_validation_catboost_trial_006
23591,202611,1,0.0645863366287899,0,202611,final_validation_catboost_trial_006
23592,202611,0,0.0722309182653003,0,202611,final_validation_catboost_trial_006
23593,202611,0,0.123312630013561,0,202611,final_validation_catboost_trial_006
23595,202611,1,0.34168662716988,0,202611,final_validation_catboost_trial_006
23596,202611,0,0.170192961191593,0,202611,final_validation_catboost_trial_006
23598,202611,0,0.143689990641921,0,202611,final_validation_catboost_trial_006
23599,202611,0,0.118655578639368,0,202611,final_validation_catboost_trial_006
23602,202611,0,0.12969181716722,0,202611,final_validation_catboost_trial_006
23603,202611,0,0.270898516995103,0,202611,final_validation_catboost_trial_006
23604,202611,0,0.243554511235926,0,202611,final_validation_catboost_trial_006
23606,202611,0,0.105611666552058,0,202611,final_validation_catboost_trial_006
23607,202611,0,0.120587955914259,0,202611,final_validation_catboost_trial_006
23608,202611,0,0.0844936634797993,0,202611,final_validation_catboost_trial_006
23609,202611,0,0.263169537483989,0,202611,final_validation_catboost_trial_006
23610,202611,0,0.163751401001561,0,202611,final_validation_catboost_trial_006
23611,202611,0,0.0795676301931415,0,202611,final_validation_catboost_trial_006
23612,202611,0,0.0691262771756193,0,202611,final_validation_catboost_trial_006
23614,202611,0,0.069656513551588,0,202611,final_validation_catboost_trial_006
23615,202611,0,0.13045192188864,0,202611,final_validation_catboost_trial_006
23616,202611,0,0.136494434310374,0,202611,final_validation_catboost_trial_006
23617,202611,1,0.181029206748535,0,202611,final_validation_catboost_trial_006
23618,202611,0,0.147161750550508,0,202611,final_validation_catboost_trial_006
23619,202611,0,0.124243694490544,0,202611,final_validation_catboost_trial_006
23621,202611,0,0.122653479123694,0,202611,final_validation_catboost_trial_006
23622,202611,0,0.139443453052706,0,202611,final_validation_catboost_trial_006
23625,202611,0,0.142095851817868,0,202611,final_validation_catboost_trial_006
23626,202611,0,0.142152812181491,0,202611,final_validation_catboost_trial_006
23627,202611,1,0.15636387439684,0,202611,final_validation_catboost_trial_006
23628,202611,1,0.124783443176906,0,202611,final_validation_catboost_trial_006
23629,202611,0,0.128565040514989,0,202611,final_validation_catboost_trial_006
23632,202611,0,0.136712364953957,0,202611,final_validation_catboost_trial_006
23633,202611,0,0.146899287747306,0,202611,final_validation_catboost_trial_006
23634,202611,0,0.12404896941079,0,202611,final_validation_catboost_trial_006
23636,202611,0,0.151975863409534,0,202611,final_validation_catboost_trial_006
23638,202611,1,0.21620345528832,0,202611,final_validation_catboost_trial_006
23641,202611,1,0.156202640257921,0,202611,final_validation_catboost_trial_006
23642,202611,0,0.138536694680897,0,202611,final_validation_catboost_trial_006
23643,202611,0,0.149635930047649,0,202611,final_validation_catboost_trial_006
23645,202611,0,0.148294289654647,0,202611,final_validation_catboost_trial_006
23646,202611,0,0.175521544502388,0,202611,final_validation_catboost_trial_006
23647,202611,0,0.167362014493671,0,202611,final_validation_catboost_trial_006
23648,202611,1,0.170475757109352,0,202611,final_validation_catboost_trial_006
23649,202611,0,0.214722897829106,0,202611,final_validation_catboost_trial_006
23650,202611,1,0.135425287815783,0,202611,final_validation_catboost_trial_006
23651,202611,0,0.115568662751909,0,202611,final_validation_catboost_trial_006
23652,202611,0,0.1245341516721,0,202611,final_validation_catboost_trial_006
23653,202611,0,0.110354694751368,0,202611,final_validation_catboost_trial_006
23654,202611,0,0.351930029198456,0,202611,final_validation_catboost_trial_006
23655,202611,0,0.156962920106176,0,202611,final_validation_catboost_trial_006
23656,202611,0,0.159461012351331,0,202611,final_validation_catboost_trial_006
23657,202611,1,0.0818409022655349,0,202611,final_validation_catboost_trial_006
23658,202611,1,0.121788670802587,0,202611,final_validation_catboost_trial_006
23659,202611,0,0.139837660377158,0,202611,final_validation_catboost_trial_006
23660,202611,1,0.129683101814571,0,202611,final_validation_catboost_trial_006
23661,202611,0,0.0595959382173749,0,202611,final_validation_catboost_trial_006
23662,202611,0,0.143140865888712,0,202611,final_validation_catboost_trial_006
23663,202611,0,0.169085967377281,0,202611,final_validation_catboost_trial_006
23664,202611,0,0.181260242176529,0,202611,final_validation_catboost_trial_006
23665,202611,0,0.127458330537225,0,202611,final_validation_catboost_trial_006
23666,202611,0,0.177965830093092,0,202611,final_validation_catboost_trial_006
23667,202611,0,0.13471999148812,0,202611,final_validation_catboost_trial_006
23668,202611,0,0.0552094811470088,0,202611,final_validation_catboost_trial_006
23669,202611,0,0.1669190539722,0,202611,final_validation_catboost_trial_006
23670,202611,0,0.126139668283512,0,202611,final_validation_catboost_trial_006
23671,202611,0,0.144869257852453,0,202611,final_validation_catboost_trial_006
23672,202611,1,0.176627052979465,0,202611,final_validation_catboost_trial_006
23673,202611,0,0.131676920646384,0,202611,final_validation_catboost_trial_006
23674,202611,0,0.126262491121096,0,202611,final_validation_catboost_trial_006
23675,202611,0,0.145047662615477,0,202611,final_validation_catboost_trial_006
23676,202611,0,0.210443169875557,0,202611,final_validation_catboost_trial_006
23677,202611,1,0.22802238676384,0,202611,final_validation_catboost_trial_006
23679,202611,0,0.206987860443583,0,202611,final_validation_catboost_trial_006
23680,202611,0,0.153512810138279,0,202611,final_validation_catboost_trial_006
23681,202611,0,0.140925455629052,0,202611,final_validation_catboost_trial_006
23684,202611,0,0.341449004416904,0,202611,final_validation_catboost_trial_006
23686,202611,0,0.149767622971673,0,202611,final_validation_catboost_trial_006
23687,202611,0,0.122642956189536,0,202611,final_validation_catboost_trial_006
23688,202611,0,0.0398376123244155,0,202611,final_validation_catboost_trial_006
23689,202611,0,0.166767532108074,0,202611,final_validation_catboost_trial_006
23691,202611,1,0.16145232629713,0,202611,final_validation_catboost_trial_006
23692,202611,0,0.365904140664242,0,202611,final_validation_catboost_trial_006
23693,202611,0,0.131997844017059,0,202611,final_validation_catboost_trial_006
23694,202611,0,0.163906046348026,0,202611,final_validation_catboost_trial_006
23695,202611,1,0.212030737392154,0,202611,final_validation_catboost_trial_006
23696,202611,0,0.109861708833229,0,202611,final_validation_catboost_trial_006
23697,202611,0,0.145808144153163,0,202611,final_validation_catboost_trial_006
23698,202611,0,0.145207129222734,0,202611,final_validation_catboost_trial_006
23700,202611,0,0.112504809812202,0,202611,final_validation_catboost_trial_006
23701,202611,0,0.161892788162621,0,202611,final_validation_catboost_trial_006
23703,202611,0,0.200941083575804,0,202611,final_validation_catboost_trial_006
23704,202611,0,0.116734518063986,0,202611,final_validation_catboost_trial_006
23705,202611,1,0.289085806280884,0,202611,final_validation_catboost_trial_006
23706,202611,0,0.0664520557885299,0,202611,final_validation_catboost_trial_006
23707,202611,0,0.13234896776916,0,202611,final_validation_catboost_trial_006
23710,202611,1,0.189767100286799,0,202611,final_validation_catboost_trial_006
23711,202611,0,0.125885442729831,0,202611,final_validation_catboost_trial_006
23713,202611,0,0.321242038356997,0,202611,final_validation_catboost_trial_006
23714,202611,0,0.158001908457778,0,202611,final_validation_catboost_trial_006
23715,202611,1,0.219099270835141,0,202611,final_validation_catboost_trial_006
23716,202611,0,0.122057343500983,0,202611,final_validation_catboost_trial_006
23719,202611,0,0.16067206103482,0,202611,final_validation_catboost_trial_006
23721,202611,0,0.137312756204829,0,202611,final_validation_catboost_trial_006
23722,202611,0,0.144156049041951,0,202611,final_validation_catboost_trial_006
23723,202611,0,0.165819402858694,0,202611,final_validation_catboost_trial_006
23724,202611,0,0.157493413056349,0,202611,final_validation_catboost_trial_006
23726,202611,0,0.0534115911912794,0,202611,final_validation_catboost_trial_006
23728,202611,0,0.120222954768834,0,202611,final_validation_catboost_trial_006
23729,202611,0,0.241733096006941,0,202611,final_validation_catboost_trial_006
23730,202611,0,0.379514402574803,0,202611,final_validation_catboost_trial_006
23731,202611,0,0.15095974108958,0,202611,final_validation_catboost_trial_006
23733,202611,0,0.138597088790959,0,202611,final_validation_catboost_trial_006
23734,202611,1,0.168233474910858,0,202611,final_validation_catboost_trial_006
23735,202611,0,0.132032514016037,0,202611,final_validation_catboost_trial_006
23736,202611,0,0.0799355426613396,0,202611,final_validation_catboost_trial_006
23737,202611,0,0.0825526621275649,0,202611,final_validation_catboost_trial_006
23738,202611,0,0.222556156525471,0,202611,final_validation_catboost_trial_006
23740,202611,0,0.153731954887267,0,202611,final_validation_catboost_trial_006
23742,202611,0,0.120960408045346,0,202611,final_validation_catboost_trial_006
23743,202611,0,0.215632178729333,0,202611,final_validation_catboost_trial_006
23744,202611,0,0.12703437727889,0,202611,final_validation_catboost_trial_006
23745,202611,0,0.224479668157732,0,202611,final_validation_catboost_trial_006
23748,202611,0,0.150435350692358,0,202611,final_validation_catboost_trial_006
23749,202611,0,0.302934230968012,0,202611,final_validation_catboost_trial_006
23751,202611,0,0.211728340619532,0,202611,final_validation_catboost_trial_006
23752,202611,0,0.243106605525758,0,202611,final_validation_catboost_trial_006
23753,202611,0,0.138232427135113,0,202611,final_validation_catboost_trial_006
23754,202611,0,0.14436223258073,0,202611,final_validation_catboost_trial_006
23755,202611,0,0.0821895273757355,0,202611,final_validation_catboost_trial_006
23756,202611,0,0.129831405777487,0,202611,final_validation_catboost_trial_006
23758,202611,0,0.147281818790466,0,202611,final_validation_catboost_trial_006
23759,202611,0,0.230367409000042,0,202611,final_validation_catboost_trial_006
23760,202611,0,0.135428505412521,0,202611,final_validation_catboost_trial_006
23761,202611,0,0.272619466180628,0,202611,final_validation_catboost_trial_006
23762,202611,1,0.246554091458655,0,202611,final_validation_catboost_trial_006
23763,202611,0,0.0740161835145715,0,202611,final_validation_catboost_trial_006
23764,202611,0,0.267980121663041,0,202611,final_validation_catboost_trial_006
23765,202611,0,0.097388490793872,0,202611,final_validation_catboost_trial_006
23766,202611,1,0.184008782289186,0,202611,final_validation_catboost_trial_006
23767,202611,0,0.109362319271094,0,202611,final_validation_catboost_trial_006
23768,202611,0,0.129408804012512,0,202611,final_validation_catboost_trial_006
23769,202611,0,0.125459908386958,0,202611,final_validation_catboost_trial_006
23771,202611,0,0.161639335495057,0,202611,final_validation_catboost_trial_006
23772,202611,0,0.125368782834832,0,202611,final_validation_catboost_trial_006
23773,202611,0,0.0737224309622147,0,202611,final_validation_catboost_trial_006
23774,202611,0,0.288463206411633,0,202611,final_validation_catboost_trial_006
23775,202611,0,0.0547101413695203,0,202611,final_validation_catboost_trial_006
23776,202611,0,0.082534842005643,0,202611,final_validation_catboost_trial_006
23777,202611,0,0.0415868945253175,0,202611,final_validation_catboost_trial_006
23778,202611,1,0.149073320265097,0,202611,final_validation_catboost_trial_006
23779,202611,0,0.105481203293448,0,202611,final_validation_catboost_trial_006
23780,202611,0,0.0765975410382148,0,202611,final_validation_catboost_trial_006
23781,202611,1,0.115826909121936,0,202611,final_validation_catboost_trial_006
23782,202611,0,0.113357689999123,0,202611,final_validation_catboost_trial_006
23783,202611,0,0.122533831732157,0,202611,final_validation_catboost_trial_006
23785,202611,0,0.200255438660183,0,202611,final_validation_catboost_trial_006
23787,202611,1,0.0506705594003238,0,202611,final_validation_catboost_trial_006
23788,202611,0,0.0883852842166473,0,202611,final_validation_catboost_trial_006
23789,202611,1,0.207273629532755,0,202611,final_validation_catboost_trial_006
23790,202611,0,0.160274583264614,0,202611,final_validation_catboost_trial_006
23791,202611,0,0.125484234954832,0,202611,final_validation_catboost_trial_006
23792,202611,1,0.286053357247987,0,202611,final_validation_catboost_trial_006
23793,202611,0,0.176715753274821,0,202611,final_validation_catboost_trial_006
23794,202611,0,0.172462243135789,0,202611,final_validation_catboost_trial_006
23795,202611,0,0.138266536313148,0,202611,final_validation_catboost_trial_006
23796,202611,0,0.131513571271875,0,202611,final_validation_catboost_trial_006
23797,202611,0,0.117959345974326,0,202611,final_validation_catboost_trial_006
23798,202611,0,0.0347116228054514,0,202611,final_validation_catboost_trial_006
23799,202611,0,0.132320430017646,0,202611,final_validation_catboost_trial_006
23800,202611,0,0.202015568092936,0,202611,final_validation_catboost_trial_006
23801,202611,0,0.144696482292468,0,202611,final_validation_catboost_trial_006
23803,202611,0,0.122627839481151,0,202611,final_validation_catboost_trial_006
23804,202611,0,0.0720243700816274,0,202611,final_validation_catboost_trial_006
23806,202611,0,0.11735068371433,0,202611,final_validation_catboost_trial_006
23807,202611,0,0.170031756169467,0,202611,final_validation_catboost_trial_006
23808,202611,0,0.0544817963924954,0,202611,final_validation_catboost_trial_006
23809,202611,0,0.127651537721956,0,202611,final_validation_catboost_trial_006
23810,202611,0,0.187442145198675,0,202611,final_validation_catboost_trial_006
23813,202611,1,0.14371446441068,0,202611,final_validation_catboost_trial_006
23815,202611,0,0.187957241041916,0,202611,final_validation_catboost_trial_006
23816,202611,0,0.190371875050245,0,202611,final_validation_catboost_trial_006
23818,202611,0,0.121706683951864,0,202611,final_validation_catboost_trial_006
23819,202611,0,0.348030210417287,0,202611,final_validation_catboost_trial_006
23821,202611,0,0.152612083788632,0,202611,final_validation_catboost_trial_006
23822,202611,1,0.32292955984949,0,202611,final_validation_catboost_trial_006
23823,202611,0,0.155691718222719,0,202611,final_validation_catboost_trial_006
23824,202611,0,0.135469405083359,0,202611,final_validation_catboost_trial_006
23825,202611,0,0.159067251047964,0,202611,final_validation_catboost_trial_006
23828,202611,1,0.300678343147218,0,202611,final_validation_catboost_trial_006
23829,202611,0,0.149257382604042,0,202611,final_validation_catboost_trial_006
23830,202611,0,0.171364971163617,0,202611,final_validation_catboost_trial_006
23831,202611,0,0.0543623725825411,0,202611,final_validation_catboost_trial_006
23832,202611,0,0.136902332021642,0,202611,final_validation_catboost_trial_006
23833,202611,0,0.231209402112836,0,202611,final_validation_catboost_trial_006
23834,202611,1,0.220916536859972,0,202611,final_validation_catboost_trial_006
23835,202611,0,0.128647511429103,0,202611,final_validation_catboost_trial_006
23836,202611,0,0.127526167772976,0,202611,final_validation_catboost_trial_006
23837,202611,0,0.149660577540229,0,202611,final_validation_catboost_trial_006
23839,202611,0,0.0760167764170934,0,202611,final_validation_catboost_trial_006
23842,202611,1,0.246524964385176,0,202611,final_validation_catboost_trial_006
23843,202611,0,0.213655443406711,0,202611,final_validation_catboost_trial_006
23844,202611,0,0.135116821421448,0,202611,final_validation_catboost_trial_006
23846,202611,0,0.168338236249284,0,202611,final_validation_catboost_trial_006
23847,202611,0,0.13332618723911,0,202611,final_validation_catboost_trial_006
23848,202611,0,0.131359542608075,0,202611,final_validation_catboost_trial_006
23849,202611,1,0.233145582258595,0,202611,final_validation_catboost_trial_006
23850,202611,1,0.338217582904085,0,202611,final_validation_catboost_trial_006
23851,202611,1,0.1596452880145,0,202611,final_validation_catboost_trial_006
23852,202611,0,0.161137201815166,0,202611,final_validation_catboost_trial_006
23853,202611,0,0.134607395683841,0,202611,final_validation_catboost_trial_006
23854,202611,0,0.132958380704796,0,202611,final_validation_catboost_trial_006
23856,202611,0,0.13469426751625,0,202611,final_validation_catboost_trial_006
23858,202611,0,0.154262726514686,0,202611,final_validation_catboost_trial_006
23859,202611,0,0.36978483945008,0,202611,final_validation_catboost_trial_006
23861,202611,0,0.147748775073815,0,202611,final_validation_catboost_trial_006
23863,202611,0,0.143227633882489,0,202611,final_validation_catboost_trial_006
23864,202611,0,0.145017552828224,0,202611,final_validation_catboost_trial_006
23865,202611,0,0.15512382189357,0,202611,final_validation_catboost_trial_006
23866,202611,0,0.130995894790719,0,202611,final_validation_catboost_trial_006
23867,202611,0,0.111949963070088,0,202611,final_validation_catboost_trial_006
23868,202611,0,0.150051262907453,0,202611,final_validation_catboost_trial_006
23869,202611,0,0.0438972135275603,0,202611,final_validation_catboost_trial_006
23872,202611,0,0.131527405972647,0,202611,final_validation_catboost_trial_006
23875,202611,0,0.116037768836373,0,202611,final_validation_catboost_trial_006
23876,202611,0,0.145843084668936,0,202611,final_validation_catboost_trial_006
23877,202611,1,0.138088643801903,0,202611,final_validation_catboost_trial_006
23878,202611,0,0.124763388996257,0,202611,final_validation_catboost_trial_006
23879,202611,0,0.140681217055337,0,202611,final_validation_catboost_trial_006
23880,202611,0,0.240909388508776,0,202611,final_validation_catboost_trial_006
23881,202611,0,0.151103117842,0,202611,final_validation_catboost_trial_006
23883,202611,0,0.171185977763057,0,202611,final_validation_catboost_trial_006
23884,202611,0,0.120044629203809,0,202611,final_validation_catboost_trial_006
23885,202611,0,0.156530176290012,0,202611,final_validation_catboost_trial_006
23888,202611,1,0.138875434413255,0,202611,final_validation_catboost_trial_006
23889,202611,0,0.235602043555109,0,202611,final_validation_catboost_trial_006
23890,202611,0,0.13636609124323,0,202611,final_validation_catboost_trial_006
23891,202611,0,0.134791291892943,0,202611,final_validation_catboost_trial_006
23892,202611,0,0.159984924566297,0,202611,final_validation_catboost_trial_006
23893,202611,0,0.211312762411701,0,202611,final_validation_catboost_trial_006
23894,202611,0,0.14243860978533,0,202611,final_validation_catboost_trial_006
23895,202611,0,0.119211305216203,0,202611,final_validation_catboost_trial_006
23896,202611,0,0.085655608662815,0,202611,final_validation_catboost_trial_006
23897,202611,0,0.142400462164586,0,202611,final_validation_catboost_trial_006
23898,202611,0,0.159621679393124,0,202611,final_validation_catboost_trial_006
23899,202611,0,0.0613474481078946,0,202611,final_validation_catboost_trial_006
23900,202611,0,0.0876526731817723,0,202611,final_validation_catboost_trial_006
23901,202611,0,0.171884565910566,1,202611,final_validation_catboost_trial_006
23902,202611,1,0.139274486785832,1,202611,final_validation_catboost_trial_006
23903,202611,1,0.17098663848793,1,202611,final_validation_catboost_trial_006
23904,202611,0,0.13915642170672,1,202611,final_validation_catboost_trial_006
23905,202611,1,0.160384538285176,1,202611,final_validation_catboost_trial_006
23906,202611,0,0.240891912403808,1,202611,final_validation_catboost_trial_006
23907,202611,1,0.271990256909261,1,202611,final_validation_catboost_trial_006
23908,202611,0,0.150123909727394,1,202611,final_validation_catboost_trial_006
23909,202611,0,0.141024200803492,1,202611,final_validation_catboost_trial_006
23910,202611,0,0.194968063417066,1,202611,final_validation_catboost_trial_006
23911,202611,0,0.171631791314689,1,202611,final_validation_catboost_trial_006
23912,202611,0,0.137992357183172,1,202611,final_validation_catboost_trial_006
23913,202611,0,0.175952563119744,1,202611,final_validation_catboost_trial_006
23914,202611,0,0.266550487126202,1,202611,final_validation_catboost_trial_006
23915,202611,0,0.140361045683003,1,202611,final_validation_catboost_trial_006
23916,202611,0,0.144619917310304,1,202611,final_validation_catboost_trial_006
23917,202611,0,0.154948629421114,1,202611,final_validation_catboost_trial_006
23918,202611,0,0.0946057027693179,1,202611,final_validation_catboost_trial_006
23919,202611,0,0.225994778617699,1,202611,final_validation_catboost_trial_006
23920,202611,0,0.119809399557765,1,202611,final_validation_catboost_trial_006
23921,202611,0,0.146647718270579,1,202611,final_validation_catboost_trial_006
23922,202611,0,0.239353431654417,1,202611,final_validation_catboost_trial_006
23923,202611,0,0.20206826952273,1,202611,final_validation_catboost_trial_006
23924,202611,0,0.136452559921238,1,202611,final_validation_catboost_trial_006
23925,202611,1,0.13004879641895,1,202611,final_validation_catboost_trial_006
23926,202611,0,0.140387251439648,1,202611,final_validation_catboost_trial_006
23927,202611,1,0.340357706264805,1,202611,final_validation_catboost_trial_006
23928,202611,0,0.271203414500622,1,202611,final_validation_catboost_trial_006
23929,202611,0,0.242834316677817,1,202611,final_validation_catboost_trial_006
23930,202611,0,0.153382897457056,1,202611,final_validation_catboost_trial_006
23931,202611,0,0.0594423786530968,1,202611,final_validation_catboost_trial_006
23932,202611,0,0.113204246362683,1,202611,final_validation_catboost_trial_006
23933,202611,0,0.124919497508657,1,202611,final_validation_catboost_trial_006
23934,202611,1,0.119014849568629,1,202611,final_validation_catboost_trial_006
23935,202611,0,0.166866166819952,1,202611,final_validation_catboost_trial_006
23936,202611,0,0.124047272154451,1,202611,final_validation_catboost_trial_006
23937,202611,0,0.11762822315004,1,202611,final_validation_catboost_trial_006
23938,202611,0,0.237779147043524,1,202611,final_validation_catboost_trial_006
23939,202611,0,0.133704475085565,1,202611,final_validation_catboost_trial_006
23940,202611,0,0.358559304737753,1,202611,final_validation_catboost_trial_006
23941,202611,0,0.145826045356032,1,202611,final_validation_catboost_trial_006
23942,202611,0,0.115436819431735,1,202611,final_validation_catboost_trial_006
23943,202611,0,0.0482476426380929,1,202611,final_validation_catboost_trial_006
23944,202611,1,0.331658144387586,1,202611,final_validation_catboost_trial_006
23945,202611,0,0.142028615640404,1,202611,final_validation_catboost_trial_006
23946,202611,0,0.124258271571145,1,202611,final_validation_catboost_trial_006
23947,202611,0,0.13213060995985,1,202611,final_validation_catboost_trial_006
23948,202611,0,0.318214673413253,1,202611,final_validation_catboost_trial_006
23949,202611,0,0.190441969373175,1,202611,final_validation_catboost_trial_006
23950,202611,0,0.138828464831061,1,202611,final_validation_catboost_trial_006
23951,202611,0,0.121656555300153,1,202611,final_validation_catboost_trial_006
23952,202611,1,0.14012534019491,1,202611,final_validation_catboost_trial_006
23953,202611,0,0.14352499213869,1,202611,final_validation_catboost_trial_006
23954,202611,1,0.35000273366191,1,202611,final_validation_catboost_trial_006
23955,202611,0,0.0672099481577343,1,202611,final_validation_catboost_trial_006
23956,202611,0,0.152920870096845,1,202611,final_validation_catboost_trial_006
23957,202611,0,0.215898869291551,1,202611,final_validation_catboost_trial_006
23958,202611,0,0.141673211589813,1,202611,final_validation_catboost_trial_006
23959,202611,0,0.339034087379541,1,202611,final_validation_catboost_trial_006
23960,202611,0,0.128194729356255,1,202611,final_validation_catboost_trial_006
23961,202611,0,0.150834748105654,1,202611,final_validation_catboost_trial_006
23962,202611,0,0.0957853688937539,1,202611,final_validation_catboost_trial_006
23963,202611,0,0.169027110610954,1,202611,final_validation_catboost_trial_006
23964,202611,1,0.360413290032598,1,202611,final_validation_catboost_trial_006
23965,202611,0,0.144066387179517,1,202611,final_validation_catboost_trial_006
23966,202611,0,0.0422561151466585,1,202611,final_validation_catboost_trial_006
23967,202611,0,0.156908263109166,1,202611,final_validation_catboost_trial_006
23968,202611,0,0.110051854072587,1,202611,final_validation_catboost_trial_006
23969,202611,0,0.116038286744482,1,202611,final_validation_catboost_trial_006
23970,202611,0,0.260120128034776,1,202611,final_validation_catboost_trial_006
23971,202611,0,0.136713376002729,1,202611,final_validation_catboost_trial_006
23972,202611,0,0.275161726844457,1,202611,final_validation_catboost_trial_006
23973,202611,0,0.146602164578381,1,202611,final_validation_catboost_trial_006
23974,202611,0,0.187869162900144,1,202611,final_validation_catboost_trial_006
23975,202611,0,0.058505022796103,1,202611,final_validation_catboost_trial_006
23976,202611,1,0.253707558129287,1,202611,final_validation_catboost_trial_006
23977,202611,0,0.134946165291496,1,202611,final_validation_catboost_trial_006
23978,202611,0,0.116143186250797,1,202611,final_validation_catboost_trial_006
23979,202611,0,0.114305263983805,1,202611,final_validation_catboost_trial_006
23980,202611,0,0.111907069929023,1,202611,final_validation_catboost_trial_006
23981,202611,0,0.130981610141315,1,202611,final_validation_catboost_trial_006
23982,202611,0,0.143979451989267,1,202611,final_validation_catboost_trial_006
23983,202611,0,0.0542773015328,1,202611,final_validation_catboost_trial_006
23984,202611,0,0.0553144272019216,1,202611,final_validation_catboost_trial_006
23985,202611,0,0.143408424101221,1,202611,final_validation_catboost_trial_006
23986,202611,1,0.235595082641509,1,202611,final_validation_catboost_trial_006
23987,202611,0,0.269051419283128,1,202611,final_validation_catboost_trial_006
23988,202611,1,0.134386495090189,1,202611,final_validation_catboost_trial_006
23989,202611,0,0.141902312734123,1,202611,final_validation_catboost_trial_006
23990,202611,0,0.256456924282287,1,202611,final_validation_catboost_trial_006
23991,202611,0,0.248131331892781,1,202611,final_validation_catboost_trial_006
23992,202611,0,0.128296258542048,1,202611,final_validation_catboost_trial_006
23993,202611,0,0.135552337794069,1,202611,final_validation_catboost_trial_006
23994,202611,0,0.133853333846049,1,202611,final_validation_catboost_trial_006
23995,202611,0,0.28271399011627,1,202611,final_validation_catboost_trial_006
23996,202611,0,0.22348261647745,1,202611,final_validation_catboost_trial_006
23997,202611,1,0.127724548611116,1,202611,final_validation_catboost_trial_006
23998,202611,0,0.138348684021343,1,202611,final_validation_catboost_trial_006
23999,202611,0,0.08338069814542,1,202611,final_validation_catboost_trial_006
24000,202611,0,0.127326835805447,1,202611,final_validation_catboost_trial_006
24001,202611,0,0.226294928495208,1,202611,final_validation_catboost_trial_006
24002,202611,0,0.186331599454622,1,202611,final_validation_catboost_trial_006
24003,202611,0,0.126557581066159,1,202611,final_validation_catboost_trial_006
24004,202611,0,0.0651715493575118,1,202611,final_validation_catboost_trial_006
24005,202611,0,0.163736260541068,1,202611,final_validation_catboost_trial_006
24006,202611,0,0.12841977398648,1,202611,final_validation_catboost_trial_006
24007,202611,0,0.14637174227745,1,202611,final_validation_catboost_trial_006
24008,202611,0,0.128920702834759,1,202611,final_validation_catboost_trial_006
24009,202611,1,0.34735618381546,1,202611,final_validation_catboost_trial_006
24010,202611,0,0.15652542857209,1,202611,final_validation_catboost_trial_006
24011,202611,1,0.172797755885753,1,202611,final_validation_catboost_trial_006
24012,202611,0,0.1346377923374,1,202611,final_validation_catboost_trial_006
24013,202611,1,0.153144840287042,1,202611,final_validation_catboost_trial_006
24014,202611,0,0.213366403480382,1,202611,final_validation_catboost_trial_006
24015,202611,0,0.310594247603243,1,202611,final_validation_catboost_trial_006
24016,202611,0,0.317436008293938,1,202611,final_validation_catboost_trial_006
24017,202611,1,0.152026371974624,1,202611,final_validation_catboost_trial_006
24018,202611,0,0.112814114156338,1,202611,final_validation_catboost_trial_006
24019,202611,0,0.150850741384148,1,202611,final_validation_catboost_trial_006
24020,202611,0,0.216940695980795,1,202611,final_validation_catboost_trial_006
24021,202611,0,0.138748481896824,1,202611,final_validation_catboost_trial_006
24022,202611,0,0.236998863770431,1,202611,final_validation_catboost_trial_006
24023,202611,1,0.125225192283737,1,202611,final_validation_catboost_trial_006
24024,202611,0,0.147306075431877,1,202611,final_validation_catboost_trial_006
24025,202611,1,0.126217178018308,1,202611,final_validation_catboost_trial_006
24026,202611,0,0.177126263274284,1,202611,final_validation_catboost_trial_006
24027,202611,1,0.144749057995954,1,202611,final_validation_catboost_trial_006
24028,202611,0,0.141578626579968,1,202611,final_validation_catboost_trial_006
24029,202611,0,0.158277168605394,1,202611,final_validation_catboost_trial_006
24030,202611,0,0.181582324051899,1,202611,final_validation_catboost_trial_006
24031,202611,0,0.173123546992015,1,202611,final_validation_catboost_trial_006
24032,202611,1,0.163541163577183,1,202611,final_validation_catboost_trial_006
24033,202611,0,0.0655984425938165,1,202611,final_validation_catboost_trial_006
24034,202611,0,0.365910975189139,1,202611,final_validation_catboost_trial_006
24035,202611,0,0.226843688110032,1,202611,final_validation_catboost_trial_006
24036,202611,0,0.144340513885884,1,202611,final_validation_catboost_trial_006
24037,202611,1,0.113051219883842,1,202611,final_validation_catboost_trial_006
24038,202611,0,0.131226543033641,1,202611,final_validation_catboost_trial_006
24039,202611,0,0.149435518936478,1,202611,final_validation_catboost_trial_006
24040,202611,0,0.0563623562789963,1,202611,final_validation_catboost_trial_006
24041,202611,0,0.122778065105898,1,202611,final_validation_catboost_trial_006
24042,202611,1,0.0758994244276949,1,202611,final_validation_catboost_trial_006
24043,202611,0,0.222240543316102,1,202611,final_validation_catboost_trial_006
24044,202611,1,0.228599366989317,1,202611,final_validation_catboost_trial_006
24045,202611,0,0.252455321677121,1,202611,final_validation_catboost_trial_006
24046,202611,0,0.140912757059092,1,202611,final_validation_catboost_trial_006
24047,202611,0,0.169302433870815,1,202611,final_validation_catboost_trial_006
24048,202611,0,0.230142127959119,1,202611,final_validation_catboost_trial_006
24049,202611,0,0.252026410700193,1,202611,final_validation_catboost_trial_006
24050,202611,0,0.378729028662165,1,202611,final_validation_catboost_trial_006
24051,202611,1,0.223473018233636,1,202611,final_validation_catboost_trial_006
24052,202611,1,0.122020647696669,1,202611,final_validation_catboost_trial_006
24053,202611,0,0.0434703251636876,1,202611,final_validation_catboost_trial_006
24054,202611,0,0.0468183862169388,1,202611,final_validation_catboost_trial_006
24055,202611,0,0.135041526030102,1,202611,final_validation_catboost_trial_006
24056,202611,1,0.153694742846027,1,202611,final_validation_catboost_trial_006
24057,202611,0,0.147861370482239,1,202611,final_validation_catboost_trial_006
24058,202611,1,0.148263580014828,1,202611,final_validation_catboost_trial_006
24059,202611,0,0.150937338799259,1,202611,final_validation_catboost_trial_006
24060,202611,0,0.144750194556775,1,202611,final_validation_catboost_trial_006
24061,202611,0,0.16234628180234,1,202611,final_validation_catboost_trial_006
24062,202611,0,0.190177821868465,1,202611,final_validation_catboost_trial_006
24063,202611,0,0.195532565059663,1,202611,final_validation_catboost_trial_006
24064,202611,0,0.354073473653077,1,202611,final_validation_catboost_trial_006
24065,202611,0,0.215157856496251,1,202611,final_validation_catboost_trial_006
24066,202611,0,0.129285466397702,1,202611,final_validation_catboost_trial_006
24067,202611,0,0.0617871346421485,1,202611,final_validation_catboost_trial_006
24068,202611,0,0.152089361584128,1,202611,final_validation_catboost_trial_006
24069,202611,1,0.155587783606694,1,202611,final_validation_catboost_trial_006
24070,202611,0,0.179073692627293,1,202611,final_validation_catboost_trial_006
24071,202611,0,0.114979369895505,1,202611,final_validation_catboost_trial_006
24072,202611,0,0.258151033475079,1,202611,final_validation_catboost_trial_006
24073,202611,0,0.0634372640296056,1,202611,final_validation_catboost_trial_006
24074,202611,1,0.199236122532887,1,202611,final_validation_catboost_trial_006
24075,202611,1,0.138774793193825,1,202611,final_validation_catboost_trial_006
24076,202611,0,0.133927940171214,1,202611,final_validation_catboost_trial_006
24077,202611,0,0.11489505173519,1,202611,final_validation_catboost_trial_006
24078,202611,0,0.138741089811661,1,202611,final_validation_catboost_trial_006
24079,202611,0,0.115625157998654,1,202611,final_validation_catboost_trial_006
24080,202611,0,0.129528325465482,1,202611,final_validation_catboost_trial_006
24081,202611,0,0.143925726381048,1,202611,final_validation_catboost_trial_006
24082,202611,0,0.0543234570660647,1,202611,final_validation_catboost_trial_006
24083,202611,0,0.10759142332571,1,202611,final_validation_catboost_trial_006
24084,202611,1,0.129810537313258,1,202611,final_validation_catboost_trial_006
24085,202611,0,0.155328485888537,1,202611,final_validation_catboost_trial_006
24086,202611,0,0.123308698275075,1,202611,final_validation_catboost_trial_006
24087,202611,0,0.151579010367573,1,202611,final_validation_catboost_trial_006
24088,202611,0,0.162934366826151,1,202611,final_validation_catboost_trial_006
24089,202611,0,0.132579292698788,1,202611,final_validation_catboost_trial_006
24090,202611,0,0.393234234107998,1,202611,final_validation_catboost_trial_006
24091,202611,1,0.137885545235828,1,202611,final_validation_catboost_trial_006
24092,202611,0,0.128441091688005,1,202611,final_validation_catboost_trial_006
24093,202611,0,0.138057228964982,1,202611,final_validation_catboost_trial_006
24094,202611,0,0.0541024786151901,1,202611,final_validation_catboost_trial_006
24095,202611,1,0.140560004614051,1,202611,final_validation_catboost_trial_006
24096,202611,0,0.134034952069864,1,202611,final_validation_catboost_trial_006
24097,202611,0,0.171218119097186,1,202611,final_validation_catboost_trial_006
24098,202611,0,0.141769660570143,1,202611,final_validation_catboost_trial_006
24099,202611,0,0.127284933546621,1,202611,final_validation_catboost_trial_006
24100,202611,0,0.157009513627048,1,202611,final_validation_catboost_trial_006
24101,202611,0,0.11628617702577,1,202611,final_validation_catboost_trial_006
24102,202611,0,0.220411859248505,1,202611,final_validation_catboost_trial_006
24103,202611,0,0.152495615948818,1,202611,final_validation_catboost_trial_006
24104,202611,0,0.120103243586104,1,202611,final_validation_catboost_trial_006
24105,202611,0,0.13380550427307,1,202611,final_validation_catboost_trial_006
24106,202611,0,0.159485519633945,1,202611,final_validation_catboost_trial_006
24107,202611,0,0.183182330030823,1,202611,final_validation_catboost_trial_006
24108,202611,0,0.113757610194108,1,202611,final_validation_catboost_trial_006
24109,202611,0,0.141826355564451,1,202611,final_validation_catboost_trial_006
24110,202611,0,0.0527894539415246,1,202611,final_validation_catboost_trial_006
24111,202611,0,0.125687836346109,1,202611,final_validation_catboost_trial_006
24112,202611,0,0.146716833818676,1,202611,final_validation_catboost_trial_006
24113,202611,0,0.0707887170372004,1,202611,final_validation_catboost_trial_006
24114,202611,0,0.121746986534676,1,202611,final_validation_catboost_trial_006
24115,202611,0,0.140827054672637,1,202611,final_validation_catboost_trial_006
24116,202611,0,0.066046375209289,1,202611,final_validation_catboost_trial_006
24117,202611,0,0.155517043755381,1,202611,final_validation_catboost_trial_006
24118,202611,0,0.125199159702777,1,202611,final_validation_catboost_trial_006
24119,202611,0,0.303258081530787,1,202611,final_validation_catboost_trial_006
24120,202611,0,0.0995229466210484,1,202611,final_validation_catboost_trial_006
24121,202611,1,0.0626337879337348,1,202611,final_validation_catboost_trial_006
24122,202611,0,0.0584204325288442,1,202611,final_validation_catboost_trial_006
24123,202611,0,0.142399716100249,1,202611,final_validation_catboost_trial_006
24124,202611,0,0.122378271133579,1,202611,final_validation_catboost_trial_006
24125,202611,1,0.127680455138821,1,202611,final_validation_catboost_trial_006
24126,202611,0,0.162075436948763,1,202611,final_validation_catboost_trial_006
24127,202611,0,0.2415865550348,1,202611,final_validation_catboost_trial_006
24128,202611,0,0.311767628393707,1,202611,final_validation_catboost_trial_006
24129,202611,0,0.139837505182481,1,202611,final_validation_catboost_trial_006
24130,202611,0,0.148349609794843,1,202611,final_validation_catboost_trial_006
24131,202611,0,0.0473317135902812,1,202611,final_validation_catboost_trial_006
24132,202611,0,0.346636407066841,1,202611,final_validation_catboost_trial_006
24133,202611,0,0.0550356219742025,1,202611,final_validation_catboost_trial_006
24134,202611,1,0.150995567923982,1,202611,final_validation_catboost_trial_006
24135,202611,0,0.13200103944361,1,202611,final_validation_catboost_trial_006
24136,202611,0,0.0979742671208357,1,202611,final_validation_catboost_trial_006
24137,202611,0,0.11720270242845,1,202611,final_validation_catboost_trial_006
24138,202611,0,0.223486692716328,1,202611,final_validation_catboost_trial_006
24139,202611,0,0.133420969485158,1,202611,final_validation_catboost_trial_006
24140,202611,0,0.135381206836328,1,202611,final_validation_catboost_trial_006
24141,202611,0,0.0718254037180139,1,202611,final_validation_catboost_trial_006
24142,202611,1,0.17480606817953,1,202611,final_validation_catboost_trial_006
24143,202611,0,0.154396221798971,1,202611,final_validation_catboost_trial_006
24144,202611,0,0.109787442460722,1,202611,final_validation_catboost_trial_006
24145,202611,0,0.135564099572645,1,202611,final_validation_catboost_trial_006
24146,202611,0,0.0613094555354332,1,202611,final_validation_catboost_trial_006
24147,202611,0,0.159148144539091,1,202611,final_validation_catboost_trial_006
24148,202611,0,0.230609181194463,1,202611,final_validation_catboost_trial_006
24149,202611,0,0.113345597083505,1,202611,final_validation_catboost_trial_006
24150,202611,0,0.18061067237216,1,202611,final_validation_catboost_trial_006
24151,202611,0,0.143596200909964,1,202611,final_validation_catboost_trial_006
24152,202611,0,0.191192148025666,1,202611,final_validation_catboost_trial_006
24153,202611,0,0.130083054779035,1,202611,final_validation_catboost_trial_006
24154,202611,0,0.161762224684403,1,202611,final_validation_catboost_trial_006
24155,202611,0,0.137521771617436,1,202611,final_validation_catboost_trial_006
24156,202611,0,0.125593513341842,1,202611,final_validation_catboost_trial_006
24157,202611,0,0.128883139569382,1,202611,final_validation_catboost_trial_006
24158,202611,0,0.241242341283836,1,202611,final_validation_catboost_trial_006
24159,202611,0,0.260785386488611,1,202611,final_validation_catboost_trial_006
24160,202611,0,0.220798496126317,1,202611,final_validation_catboost_trial_006
24161,202611,0,0.136647484532281,1,202611,final_validation_catboost_trial_006
24162,202611,0,0.0608248169985878,1,202611,final_validation_catboost_trial_006
24163,202611,0,0.140764233098021,1,202611,final_validation_catboost_trial_006
24164,202611,1,0.152771208785091,1,202611,final_validation_catboost_trial_006
24165,202611,1,0.197315197216024,1,202611,final_validation_catboost_trial_006
24166,202611,0,0.384697143805391,1,202611,final_validation_catboost_trial_006
24167,202611,0,0.136696846172811,1,202611,final_validation_catboost_trial_006
24168,202611,0,0.212736246798472,1,202611,final_validation_catboost_trial_006
24169,202611,0,0.196924649668488,1,202611,final_validation_catboost_trial_006
24170,202611,1,0.219116615338489,1,202611,final_validation_catboost_trial_006
24171,202611,1,0.128249982181024,1,202611,final_validation_catboost_trial_006
24172,202611,0,0.167013321599104,1,202611,final_validation_catboost_trial_006
24173,202611,0,0.150915439130778,1,202611,final_validation_catboost_trial_006
24174,202611,0,0.0720050737634754,1,202611,final_validation_catboost_trial_006
24175,202611,1,0.225470801181663,1,202611,final_validation_catboost_trial_006
24176,202611,1,0.145431887891685,1,202611,final_validation_catboost_trial_006
24177,202611,0,0.0690451985429902,1,202611,final_validation_catboost_trial_006
24178,202611,0,0.35617901459601,1,202611,final_validation_catboost_trial_006
24179,202611,1,0.169597723068751,1,202611,final_validation_catboost_trial_006
24180,202611,0,0.310996673747052,1,202611,final_validation_catboost_trial_006
24181,202611,0,0.164404094920568,1,202611,final_validation_catboost_trial_006
24182,202611,0,0.132270358497894,1,202611,final_validation_catboost_trial_006
24183,202611,0,0.137554082192728,1,202611,final_validation_catboost_trial_006
24184,202611,0,0.151426022921548,1,202611,final_validation_catboost_trial_006
24185,202611,0,0.0629960671788218,1,202611,final_validation_catboost_trial_006
24186,202611,1,0.277277672188522,1,202611,final_validation_catboost_trial_006
24187,202611,0,0.146051141953843,1,202611,final_validation_catboost_trial_006
24188,202611,1,0.171096570711763,1,202611,final_validation_catboost_trial_006
24189,202611,0,0.156778807415983,1,202611,final_validation_catboost_trial_006
24190,202611,0,0.336783444716105,1,202611,final_validation_catboost_trial_006
24191,202611,0,0.18380885343381,1,202611,final_validation_catboost_trial_006
24192,202611,1,0.336683631774099,1,202611,final_validation_catboost_trial_006
24193,202611,0,0.0583375938295326,1,202611,final_validation_catboost_trial_006
24194,202611,1,0.25277668477941,1,202611,final_validation_catboost_trial_006
24195,202611,0,0.24644781075966,1,202611,final_validation_catboost_trial_006
24196,202611,0,0.154369132017698,1,202611,final_validation_catboost_trial_006
24197,202611,1,0.156609770850494,1,202611,final_validation_catboost_trial_006
24198,202611,0,0.14083706359236,1,202611,final_validation_catboost_trial_006
24199,202611,1,0.118858484921857,1,202611,final_validation_catboost_trial_006
24200,202611,0,0.355041044945876,1,202611,final_validation_catboost_trial_006
24201,202611,0,0.138006627353502,1,202611,final_validation_catboost_trial_006
24202,202611,1,0.17059606014439,1,202611,final_validation_catboost_trial_006
24203,202611,0,0.150184992874467,1,202611,final_validation_catboost_trial_006
24204,202611,0,0.174191301856147,1,202611,final_validation_catboost_trial_006
24205,202611,1,0.145147242759622,1,202611,final_validation_catboost_trial_006
24206,202611,0,0.153025349895345,1,202611,final_validation_catboost_trial_006
24207,202611,0,0.271119957137452,1,202611,final_validation_catboost_trial_006
24208,202611,0,0.115337403871036,1,202611,final_validation_catboost_trial_006
24209,202611,0,0.133108833717843,1,202611,final_validation_catboost_trial_006
24210,202611,0,0.130778518788744,1,202611,final_validation_catboost_trial_006
24211,202611,1,0.135267448769652,1,202611,final_validation_catboost_trial_006
24212,202611,0,0.128756866506672,1,202611,final_validation_catboost_trial_006
24213,202611,0,0.170174400412142,1,202611,final_validation_catboost_trial_006
24214,202611,0,0.180786941878695,1,202611,final_validation_catboost_trial_006
24215,202611,0,0.170524866045859,1,202611,final_validation_catboost_trial_006
24216,202611,0,0.238233017355603,1,202611,final_validation_catboost_trial_006
24217,202611,1,0.191740273919319,1,202611,final_validation_catboost_trial_006
24218,202611,1,0.103973990758234,1,202611,final_validation_catboost_trial_006
24219,202611,0,0.118529263293913,1,202611,final_validation_catboost_trial_006
24220,202611,0,0.153192615208477,1,202611,final_validation_catboost_trial_006
24221,202611,1,0.313992737838498,1,202611,final_validation_catboost_trial_006
24222,202611,1,0.370297608246925,1,202611,final_validation_catboost_trial_006
24223,202611,0,0.255021660611469,1,202611,final_validation_catboost_trial_006
24224,202611,0,0.125034879542728,1,202611,final_validation_catboost_trial_006
24225,202611,0,0.14502433602475,1,202611,final_validation_catboost_trial_006
24226,202611,0,0.219324912358462,1,202611,final_validation_catboost_trial_006
24227,202611,0,0.110910911951576,1,202611,final_validation_catboost_trial_006
24228,202611,0,0.11119582809727,1,202611,final_validation_catboost_trial_006
24229,202611,0,0.121797259479474,1,202611,final_validation_catboost_trial_006
24230,202611,0,0.136637451202194,1,202611,final_validation_catboost_trial_006
24231,202611,0,0.243510349483153,1,202611,final_validation_catboost_trial_006
24232,202611,0,0.0593897579821838,1,202611,final_validation_catboost_trial_006
24233,202611,0,0.127337811089384,1,202611,final_validation_catboost_trial_006
24234,202611,0,0.129957513933594,1,202611,final_validation_catboost_trial_006
24235,202611,0,0.0797669011622154,1,202611,final_validation_catboost_trial_006
24236,202611,0,0.314728165530931,1,202611,final_validation_catboost_trial_006
24237,202611,0,0.127860050752296,1,202611,final_validation_catboost_trial_006
24238,202611,1,0.137109814375984,1,202611,final_validation_catboost_trial_006
24239,202611,0,0.152210753503868,1,202611,final_validation_catboost_trial_006
24240,202611,1,0.140112910265284,1,202611,final_validation_catboost_trial_006
24241,202611,0,0.110168615503061,1,202611,final_validation_catboost_trial_006
24242,202611,0,0.0734792052769956,1,202611,final_validation_catboost_trial_006
24243,202611,1,0.163379364297021,1,202611,final_validation_catboost_trial_006
24244,202611,0,0.123956947850336,1,202611,final_validation_catboost_trial_006
24245,202611,0,0.248912751249193,1,202611,final_validation_catboost_trial_006
24246,202611,0,0.152928436934887,1,202611,final_validation_catboost_trial_006
24247,202611,1,0.112684194356771,1,202611,final_validation_catboost_trial_006
24248,202611,0,0.148640199012269,1,202611,final_validation_catboost_trial_006
24249,202611,0,0.15885772768053,1,202611,final_validation_catboost_trial_006
24250,202611,0,0.221857104675994,1,202611,final_validation_catboost_trial_006
24251,202611,0,0.118564601681067,1,202611,final_validation_catboost_trial_006
24252,202611,0,0.116456412107125,1,202611,final_validation_catboost_trial_006
24253,202611,0,0.145250837453404,1,202611,final_validation_catboost_trial_006
24254,202611,1,0.13551170970534,1,202611,final_validation_catboost_trial_006
24255,202611,0,0.258089106266985,1,202611,final_validation_catboost_trial_006
24256,202611,1,0.137804803242973,1,202611,final_validation_catboost_trial_006
24257,202611,0,0.128498741542915,1,202611,final_validation_catboost_trial_006
24258,202611,1,0.389316473843449,1,202611,final_validation_catboost_trial_006
24259,202611,0,0.119346553113219,1,202611,final_validation_catboost_trial_006
24260,202611,0,0.119626149781065,1,202611,final_validation_catboost_trial_006
24261,202611,0,0.151524070436112,1,202611,final_validation_catboost_trial_006
24262,202611,1,0.23576671614966,1,202611,final_validation_catboost_trial_006
24263,202611,0,0.123147514311977,1,202611,final_validation_catboost_trial_006
24264,202611,0,0.126250403613997,1,202611,final_validation_catboost_trial_006
24265,202611,0,0.130765882436587,1,202611,final_validation_catboost_trial_006
24266,202611,0,0.145666624707064,1,202611,final_validation_catboost_trial_006
24267,202611,0,0.123487575291014,1,202611,final_validation_catboost_trial_006
24268,202611,0,0.318039910810519,1,202611,final_validation_catboost_trial_006
24269,202611,1,0.126873621697687,1,202611,final_validation_catboost_trial_006
24270,202611,0,0.133158168026959,1,202611,final_validation_catboost_trial_006
24271,202611,0,0.149697821685325,1,202611,final_validation_catboost_trial_006
24272,202611,0,0.0660192889982908,1,202611,final_validation_catboost_trial_006
24273,202611,1,0.319807460001187,1,202611,final_validation_catboost_trial_006
24274,202611,0,0.213464935010357,1,202611,final_validation_catboost_trial_006
24275,202611,0,0.149039310179929,1,202611,final_validation_catboost_trial_006
24276,202611,1,0.118179924237436,1,202611,final_validation_catboost_trial_006
24277,202611,0,0.157524071210564,1,202611,final_validation_catboost_trial_006
24278,202611,0,0.0652533798153903,1,202611,final_validation_catboost_trial_006
24279,202611,1,0.146172003877848,1,202611,final_validation_catboost_trial_006
24280,202611,0,0.11790038812621,1,202611,final_validation_catboost_trial_006
24281,202611,0,0.133132216723402,1,202611,final_validation_catboost_trial_006
24282,202611,1,0.14282529674129,1,202611,final_validation_catboost_trial_006
24283,202611,0,0.16139421094353,1,202611,final_validation_catboost_trial_006
24284,202611,1,0.338668353758194,1,202611,final_validation_catboost_trial_006
24285,202611,1,0.251809273350081,1,202611,final_validation_catboost_trial_006
24286,202611,0,0.154092387766281,1,202611,final_validation_catboost_trial_006
24287,202611,0,0.151746983630521,1,202611,final_validation_catboost_trial_006
24288,202611,0,0.144020929372514,1,202611,final_validation_catboost_trial_006
24289,202611,0,0.121667896865957,1,202611,final_validation_catboost_trial_006
24290,202611,1,0.338954143340198,1,202611,final_validation_catboost_trial_006
24291,202611,0,0.146670589561476,1,202611,final_validation_catboost_trial_006
24292,202611,0,0.210590886959406,1,202611,final_validation_catboost_trial_006
24293,202611,0,0.0450920088853116,1,202611,final_validation_catboost_trial_006
24294,202611,1,0.123156351398771,1,202611,final_validation_catboost_trial_006
24295,202611,0,0.124704186593285,1,202611,final_validation_catboost_trial_006
24296,202611,0,0.126715816256572,1,202611,final_validation_catboost_trial_006
24297,202611,0,0.208243603976691,1,202611,final_validation_catboost_trial_006
24298,202611,0,0.163636507732815,1,202611,final_validation_catboost_trial_006
24299,202611,0,0.160101778937851,1,202611,final_validation_catboost_trial_006
24300,202611,0,0.12067797639515,1,202611,final_validation_catboost_trial_006
24301,202611,0,0.133315767051624,1,202611,final_validation_catboost_trial_006
24302,202611,0,0.149195969464551,1,202611,final_validation_catboost_trial_006
24303,202611,0,0.340634315616292,1,202611,final_validation_catboost_trial_006
24304,202611,0,0.271747244784872,1,202611,final_validation_catboost_trial_006
24305,202611,0,0.158480194223967,1,202611,final_validation_catboost_trial_006
24306,202611,0,0.160717628882816,1,202611,final_validation_catboost_trial_006
24307,202611,0,0.128120265879179,1,202611,final_validation_catboost_trial_006
24308,202611,0,0.185387317394858,1,202611,final_validation_catboost_trial_006
24309,202611,0,0.0568661117507936,1,202611,final_validation_catboost_trial_006
24310,202611,0,0.159703569370904,1,202611,final_validation_catboost_trial_006
24311,202611,0,0.1369970539162,1,202611,final_validation_catboost_trial_006
24312,202611,0,0.136735346057609,1,202611,final_validation_catboost_trial_006
24313,202611,0,0.138294318648123,1,202611,final_validation_catboost_trial_006
24314,202611,0,0.143456763928308,1,202611,final_validation_catboost_trial_006
24315,202611,0,0.0885347534472792,1,202611,final_validation_catboost_trial_006
24316,202611,0,0.118712967368404,1,202611,final_validation_catboost_trial_006
24317,202611,1,0.389037796733049,1,202611,final_validation_catboost_trial_006
24318,202611,0,0.0582565568618701,1,202611,final_validation_catboost_trial_006
24319,202611,0,0.253282414190244,1,202611,final_validation_catboost_trial_006
24320,202611,0,0.143775831841387,1,202611,final_validation_catboost_trial_006
24321,202611,0,0.125993137438408,1,202611,final_validation_catboost_trial_006
24322,202611,0,0.296474099006358,1,202611,final_validation_catboost_trial_006
24323,202611,0,0.242563630828927,1,202611,final_validation_catboost_trial_006
24324,202611,0,0.136112804583461,1,202611,final_validation_catboost_trial_006
24325,202611,0,0.34364279229114,1,202611,final_validation_catboost_trial_006
24326,202611,1,0.248514765893357,1,202611,final_validation_catboost_trial_006
24327,202611,0,0.157432426246365,1,202611,final_validation_catboost_trial_006
24328,202611,1,0.108537814596066,1,202611,final_validation_catboost_trial_006
24329,202611,0,0.256494877324166,1,202611,final_validation_catboost_trial_006
24330,202611,0,0.173325004000112,1,202611,final_validation_catboost_trial_006
24331,202611,0,0.136806670612959,1,202611,final_validation_catboost_trial_006
24332,202611,0,0.152620902537823,1,202611,final_validation_catboost_trial_006
24333,202611,0,0.342229057722007,1,202611,final_validation_catboost_trial_006
24334,202611,0,0.123473774695222,1,202611,final_validation_catboost_trial_006
24335,202611,0,0.236358392880167,1,202611,final_validation_catboost_trial_006
24336,202611,1,0.101394797665307,1,202611,final_validation_catboost_trial_006
24337,202611,1,0.202909276410929,1,202611,final_validation_catboost_trial_006
24338,202611,0,0.140897048257994,1,202611,final_validation_catboost_trial_006
24339,202611,0,0.0664307663073704,1,202611,final_validation_catboost_trial_006
24340,202611,0,0.143257824917789,1,202611,final_validation_catboost_trial_006
24341,202611,1,0.221910167943937,1,202611,final_validation_catboost_trial_006
24342,202611,1,0.157634209363443,1,202611,final_validation_catboost_trial_006
24343,202611,0,0.355432855173011,1,202611,final_validation_catboost_trial_006
24344,202611,0,0.0560743073563841,1,202611,final_validation_catboost_trial_006
24345,202611,0,0.131507021858548,1,202611,final_validation_catboost_trial_006
24346,202611,0,0.132378313712078,1,202611,final_validation_catboost_trial_006
24347,202611,1,0.243324532619212,1,202611,final_validation_catboost_trial_006
24348,202611,0,0.26348019203556,1,202611,final_validation_catboost_trial_006
24349,202611,0,0.141963834154652,1,202611,final_validation_catboost_trial_006
24350,202611,1,0.172846088098437,1,202611,final_validation_catboost_trial_006
24351,202611,0,0.124729241166188,1,202611,final_validation_catboost_trial_006
24352,202611,0,0.215314340615444,1,202611,final_validation_catboost_trial_006
24353,202611,0,0.116190850465283,1,202611,final_validation_catboost_trial_006
24354,202611,0,0.325739926203568,1,202611,final_validation_catboost_trial_006
24355,202611,0,0.150122764279823,1,202611,final_validation_catboost_trial_006
24356,202611,0,0.136154027553909,1,202611,final_validation_catboost_trial_006
24357,202611,0,0.128294284903767,1,202611,final_validation_catboost_trial_006
24358,202611,0,0.256027159629843,1,202611,final_validation_catboost_trial_006
24359,202611,0,0.150069028388676,1,202611,final_validation_catboost_trial_006
24360,202611,1,0.230001216561858,1,202611,final_validation_catboost_trial_006
24361,202611,0,0.135384441015501,1,202611,final_validation_catboost_trial_006
24362,202611,0,0.103405602783434,1,202611,final_validation_catboost_trial_006
24363,202611,0,0.0669824352931249,1,202611,final_validation_catboost_trial_006
24364,202611,0,0.118595412054003,1,202611,final_validation_catboost_trial_006
24365,202611,0,0.235276529741695,1,202611,final_validation_catboost_trial_006
24366,202611,1,0.166049050793295,1,202611,final_validation_catboost_trial_006
24367,202611,0,0.161267007922614,1,202611,final_validation_catboost_trial_006
24368,202611,0,0.0415587285895773,1,202611,final_validation_catboost_trial_006
24369,202611,0,0.121564895896011,1,202611,final_validation_catboost_trial_006
24370,202611,1,0.123351942838021,1,202611,final_validation_catboost_trial_006
24371,202611,1,0.158350851783646,1,202611,final_validation_catboost_trial_006
24372,202611,0,0.154774411706599,1,202611,final_validation_catboost_trial_006
24373,202611,0,0.117700827807264,1,202611,final_validation_catboost_trial_006
24374,202611,0,0.119189981805453,1,202611,final_validation_catboost_trial_006
24375,202611,0,0.125131985740005,1,202611,final_validation_catboost_trial_006
24376,202611,1,0.239854235607942,1,202611,final_validation_catboost_trial_006
24377,202611,0,0.243742722015827,1,202611,final_validation_catboost_trial_006
24378,202611,0,0.103610892910919,1,202611,final_validation_catboost_trial_006
24379,202611,0,0.320639135943928,1,202611,final_validation_catboost_trial_006
24380,202611,0,0.123576465561061,1,202611,final_validation_catboost_trial_006
24381,202611,0,0.152177664276048,1,202611,final_validation_catboost_trial_006
24382,202611,0,0.127219368561744,1,202611,final_validation_catboost_trial_006
24383,202611,0,0.162252206617392,1,202611,final_validation_catboost_trial_006
24384,202611,0,0.0705748123294086,1,202611,final_validation_catboost_trial_006
24385,202611,0,0.114287920932901,1,202611,final_validation_catboost_trial_006
24386,202611,0,0.0791491543803757,1,202611,final_validation_catboost_trial_006
24387,202611,0,0.15093808860687,1,202611,final_validation_catboost_trial_006
24388,202611,0,0.149549206459683,1,202611,final_validation_catboost_trial_006
24389,202611,0,0.109103495440957,1,202611,final_validation_catboost_trial_006
24390,202611,0,0.0699741544243164,1,202611,final_validation_catboost_trial_006
24391,202611,1,0.124555746715497,1,202611,final_validation_catboost_trial_006
24392,202611,0,0.121087806640886,1,202611,final_validation_catboost_trial_006
24393,202611,1,0.136914209708282,1,202611,final_validation_catboost_trial_006
24394,202611,0,0.157421730697192,1,202611,final_validation_catboost_trial_006
24395,202611,0,0.263184192328608,1,202611,final_validation_catboost_trial_006
24396,202611,0,0.363619568894049,1,202611,final_validation_catboost_trial_006
24397,202611,1,0.0993592911329755,1,202611,final_validation_catboost_trial_006
24398,202611,0,0.160218803182022,1,202611,final_validation_catboost_trial_006
24399,202611,0,0.0538958743983098,1,202611,final_validation_catboost_trial_006
24400,202611,0,0.0599898953912043,1,202611,final_validation_catboost_trial_006
24401,202611,0,0.110872031042943,1,202611,final_validation_catboost_trial_006
24402,202611,0,0.127670288391233,1,202611,final_validation_catboost_trial_006
24403,202611,0,0.136672507394291,1,202611,final_validation_catboost_trial_006
24404,202611,0,0.135092003051433,1,202611,final_validation_catboost_trial_006
24405,202611,0,0.16862345960821,1,202611,final_validation_catboost_trial_006
24406,202611,0,0.250212325641468,1,202611,final_validation_catboost_trial_006
24407,202611,0,0.150914221648729,1,202611,final_validation_catboost_trial_006
24408,202611,0,0.154566343117722,1,202611,final_validation_catboost_trial_006
24409,202611,0,0.151604542129203,1,202611,final_validation_catboost_trial_006
24410,202611,0,0.0546452686401735,1,202611,final_validation_catboost_trial_006
24411,202611,0,0.113283654860551,1,202611,final_validation_catboost_trial_006
24412,202611,0,0.0602352499992369,1,202611,final_validation_catboost_trial_006
24413,202611,0,0.0607230584562895,1,202611,final_validation_catboost_trial_006
24414,202611,0,0.14107842451805,1,202611,final_validation_catboost_trial_006
24415,202611,1,0.174631326892971,1,202611,final_validation_catboost_trial_006
24416,202611,0,0.234256360630245,1,202611,final_validation_catboost_trial_006
24417,202611,0,0.148648347608945,1,202611,final_validation_catboost_trial_006
24418,202611,1,0.232856913158995,1,202611,final_validation_catboost_trial_006
24419,202611,0,0.120349196109846,1,202611,final_validation_catboost_trial_006
24420,202611,0,0.118757024357642,1,202611,final_validation_catboost_trial_006
24421,202611,0,0.0815863980779301,1,202611,final_validation_catboost_trial_006
24422,202611,0,0.133994358596592,1,202611,final_validation_catboost_trial_006
24423,202611,1,0.058890441258516,1,202611,final_validation_catboost_trial_006
24424,202611,1,0.13829708289717,1,202611,final_validation_catboost_trial_006
24425,202611,0,0.240116071575143,1,202611,final_validation_catboost_trial_006
24426,202611,0,0.0671353869533105,1,202611,final_validation_catboost_trial_006
24427,202611,0,0.211325878204497,1,202611,final_validation_catboost_trial_006
24428,202611,1,0.223868438339461,1,202611,final_validation_catboost_trial_006
24429,202611,0,0.166442078179329,1,202611,final_validation_catboost_trial_006
24430,202611,1,0.122486635129792,1,202611,final_validation_catboost_trial_006
24431,202611,1,0.0553324979900165,1,202611,final_validation_catboost_trial_006
24432,202611,0,0.116099680870938,1,202611,final_validation_catboost_trial_006
24433,202611,0,0.141506496192336,1,202611,final_validation_catboost_trial_006
24434,202611,0,0.144993367865373,1,202611,final_validation_catboost_trial_006
24435,202611,0,0.343577029888997,1,202611,final_validation_catboost_trial_006
24436,202611,0,0.165019134794771,1,202611,final_validation_catboost_trial_006
24437,202611,0,0.136098123845601,1,202611,final_validation_catboost_trial_006
24438,202611,1,0.0672526113512351,1,202611,final_validation_catboost_trial_006
24439,202611,0,0.130096785049129,1,202611,final_validation_catboost_trial_006
24440,202611,0,0.124048227693648,1,202611,final_validation_catboost_trial_006
24441,202611,0,0.161044296093281,1,202611,final_validation_catboost_trial_006
24442,202611,0,0.201577953680654,1,202611,final_validation_catboost_trial_006
24443,202611,0,0.120170876336578,1,202611,final_validation_catboost_trial_006
24444,202611,0,0.139936573750505,1,202611,final_validation_catboost_trial_006
24445,202611,0,0.132979098927812,1,202611,final_validation_catboost_trial_006
24446,202611,0,0.125280783308058,1,202611,final_validation_catboost_trial_006
24447,202611,0,0.259388409476287,1,202611,final_validation_catboost_trial_006
24448,202611,1,0.131363234077245,1,202611,final_validation_catboost_trial_006
24449,202611,0,0.128044866152315,1,202611,final_validation_catboost_trial_006
24450,202611,0,0.137850274310884,1,202611,final_validation_catboost_trial_006
24451,202611,0,0.150606175230244,1,202611,final_validation_catboost_trial_006
24452,202611,0,0.131521055753126,1,202611,final_validation_catboost_trial_006
24453,202611,0,0.160322285758931,1,202611,final_validation_catboost_trial_006
24454,202611,0,0.0625408660037478,1,202611,final_validation_catboost_trial_006
24455,202611,1,0.183184150416622,1,202611,final_validation_catboost_trial_006
24456,202611,0,0.197045022202819,1,202611,final_validation_catboost_trial_006
24457,202611,0,0.118520141257763,1,202611,final_validation_catboost_trial_006
24458,202611,0,0.151247522422522,1,202611,final_validation_catboost_trial_006
24459,202611,0,0.0548595642063834,1,202611,final_validation_catboost_trial_006
24460,202611,0,0.143803479038298,1,202611,final_validation_catboost_trial_006
24461,202611,0,0.147518434472981,1,202611,final_validation_catboost_trial_006
24462,202611,0,0.133610965408743,1,202611,final_validation_catboost_trial_006
24463,202611,1,0.132163166460706,1,202611,final_validation_catboost_trial_006
24464,202611,0,0.182341620969135,1,202611,final_validation_catboost_trial_006
24465,202611,0,0.0652408934383548,1,202611,final_validation_catboost_trial_006
24466,202611,0,0.123468849528788,1,202611,final_validation_catboost_trial_006
24467,202611,0,0.137555283338149,1,202611,final_validation_catboost_trial_006
24468,202611,0,0.156884411224945,1,202611,final_validation_catboost_trial_006
24469,202611,0,0.124055124343826,1,202611,final_validation_catboost_trial_006
24470,202611,1,0.0520577382623675,1,202611,final_validation_catboost_trial_006
24471,202611,1,0.145776553809602,1,202611,final_validation_catboost_trial_006
24472,202611,1,0.148768460604764,1,202611,final_validation_catboost_trial_006
24473,202611,1,0.14699998849444,1,202611,final_validation_catboost_trial_006
24474,202611,0,0.161026830390516,1,202611,final_validation_catboost_trial_006
24475,202611,0,0.0639504919839727,1,202611,final_validation_catboost_trial_006
24476,202611,0,0.13926644249394,1,202611,final_validation_catboost_trial_006
24477,202611,0,0.177568532138209,1,202611,final_validation_catboost_trial_006
24478,202611,0,0.271629757311255,1,202611,final_validation_catboost_trial_006
24479,202611,1,0.164995667796005,1,202611,final_validation_catboost_trial_006
24480,202611,0,0.156450578919795,1,202611,final_validation_catboost_trial_006
24481,202611,0,0.11479583180832,1,202611,final_validation_catboost_trial_006
24482,202611,1,0.325711245150229,1,202611,final_validation_catboost_trial_006
24483,202611,0,0.102120096627555,1,202611,final_validation_catboost_trial_006
24484,202611,0,0.122838512497613,1,202611,final_validation_catboost_trial_006
24485,202611,0,0.174093979935707,1,202611,final_validation_catboost_trial_006
24486,202611,0,0.233428221314176,1,202611,final_validation_catboost_trial_006
24487,202611,0,0.146027201781459,1,202611,final_validation_catboost_trial_006
24488,202611,0,0.125301656996645,1,202611,final_validation_catboost_trial_006
24489,202611,0,0.159036056781981,1,202611,final_validation_catboost_trial_006
24490,202611,1,0.168564282068223,1,202611,final_validation_catboost_trial_006
24491,202611,0,0.138556152911629,1,202611,final_validation_catboost_trial_006
24492,202611,0,0.221679314605597,1,202611,final_validation_catboost_trial_006
24493,202611,1,0.131878897961421,1,202611,final_validation_catboost_trial_006
24494,202611,0,0.0478650373197468,1,202611,final_validation_catboost_trial_006
24495,202611,1,0.158110120537366,1,202611,final_validation_catboost_trial_006
24496,202611,0,0.136969519017941,1,202611,final_validation_catboost_trial_006
24497,202611,0,0.154988252112815,1,202611,final_validation_catboost_trial_006
24498,202611,1,0.283945969729582,1,202611,final_validation_catboost_trial_006
24499,202611,0,0.127070843765746,1,202611,final_validation_catboost_trial_006
24500,202611,1,0.204001665787193,1,202611,final_validation_catboost_trial_006
24501,202611,0,0.142180090146786,1,202611,final_validation_catboost_trial_006
24502,202611,0,0.23322418919302,1,202611,final_validation_catboost_trial_006
24503,202611,0,0.331860143052589,1,202611,final_validation_catboost_trial_006
24504,202611,0,0.236824636125918,1,202611,final_validation_catboost_trial_006
24505,202611,0,0.211419402681686,1,202611,final_validation_catboost_trial_006
24506,202611,0,0.139374497791309,1,202611,final_validation_catboost_trial_006
24507,202611,0,0.135977188179531,1,202611,final_validation_catboost_trial_006
24508,202611,0,0.0937724882966658,1,202611,final_validation_catboost_trial_006
24509,202611,0,0.13299214644669,1,202611,final_validation_catboost_trial_006
24510,202611,0,0.17105000469756,1,202611,final_validation_catboost_trial_006
24511,202611,0,0.210425005194385,1,202611,final_validation_catboost_trial_006
24512,202611,0,0.0650286045663332,1,202611,final_validation_catboost_trial_006
24513,202611,0,0.149613786945633,1,202611,final_validation_catboost_trial_006
24514,202611,0,0.138576920084242,1,202611,final_validation_catboost_trial_006
24515,202611,0,0.136335797554659,1,202611,final_validation_catboost_trial_006
24516,202611,1,0.118030692583884,1,202611,final_validation_catboost_trial_006
24517,202611,0,0.267761742249472,1,202611,final_validation_catboost_trial_006
24518,202611,0,0.0657829013813908,1,202611,final_validation_catboost_trial_006
24519,202611,1,0.14340856764597,1,202611,final_validation_catboost_trial_006
24520,202611,0,0.0676171437430339,1,202611,final_validation_catboost_trial_006
24521,202611,0,0.0776950421167849,1,202611,final_validation_catboost_trial_006
24522,202611,1,0.155953619866635,1,202611,final_validation_catboost_trial_006
24523,202611,0,0.145771136443462,1,202611,final_validation_catboost_trial_006
24524,202611,0,0.0600079675667903,1,202611,final_validation_catboost_trial_006
24525,202611,1,0.147465134834927,1,202611,final_validation_catboost_trial_006
24526,202611,0,0.106329603913078,1,202611,final_validation_catboost_trial_006
24527,202611,0,0.137744420836213,1,202611,final_validation_catboost_trial_006
24528,202611,0,0.120635497866802,1,202611,final_validation_catboost_trial_006
24529,202611,1,0.129173569538221,1,202611,final_validation_catboost_trial_006
24530,202611,0,0.129898546517829,1,202611,final_validation_catboost_trial_006
24531,202611,0,0.17326935010017,1,202611,final_validation_catboost_trial_006
24532,202611,0,0.248534290879359,1,202611,final_validation_catboost_trial_006
24533,202611,0,0.166175901210914,1,202611,final_validation_catboost_trial_006
24534,202611,0,0.134667612201923,1,202611,final_validation_catboost_trial_006
24535,202611,0,0.196999213462338,1,202611,final_validation_catboost_trial_006
24536,202611,0,0.144947508963075,1,202611,final_validation_catboost_trial_006
24537,202611,1,0.124720716495549,1,202611,final_validation_catboost_trial_006
24538,202611,0,0.14122030347506,1,202611,final_validation_catboost_trial_006
24539,202611,0,0.122865596372764,1,202611,final_validation_catboost_trial_006
24540,202611,0,0.253083922011009,1,202611,final_validation_catboost_trial_006
24541,202611,0,0.138415185193318,1,202611,final_validation_catboost_trial_006
24542,202611,1,0.410757927264936,1,202611,final_validation_catboost_trial_006
24543,202611,0,0.171084592882019,1,202611,final_validation_catboost_trial_006
24544,202611,0,0.15021559035383,1,202611,final_validation_catboost_trial_006
24545,202611,1,0.108530423366651,1,202611,final_validation_catboost_trial_006
24546,202611,0,0.144990954144868,1,202611,final_validation_catboost_trial_006
24547,202611,0,0.221821678539233,1,202611,final_validation_catboost_trial_006
24548,202611,0,0.140739077746605,1,202611,final_validation_catboost_trial_006
24549,202611,0,0.158195419615024,1,202611,final_validation_catboost_trial_006
24550,202611,0,0.347976546831912,1,202611,final_validation_catboost_trial_006
24551,202611,0,0.152259684476535,1,202611,final_validation_catboost_trial_006
24552,202611,0,0.149973522319645,1,202611,final_validation_catboost_trial_006
24553,202611,1,0.145180735453441,1,202611,final_validation_catboost_trial_006
24554,202611,0,0.297961448540186,1,202611,final_validation_catboost_trial_006
24555,202611,0,0.252289530748891,1,202611,final_validation_catboost_trial_006
24556,202611,0,0.138116602425491,1,202611,final_validation_catboost_trial_006
24557,202611,1,0.127752307767425,1,202611,final_validation_catboost_trial_006
24558,202611,0,0.219650783082185,1,202611,final_validation_catboost_trial_006
24559,202611,0,0.347621787599197,1,202611,final_validation_catboost_trial_006
24560,202611,0,0.144889005779151,1,202611,final_validation_catboost_trial_006
24561,202611,0,0.134502519236529,1,202611,final_validation_catboost_trial_006
24562,202611,0,0.263268841134409,1,202611,final_validation_catboost_trial_006
24563,202611,0,0.209775773858415,1,202611,final_validation_catboost_trial_006
24564,202611,0,0.146530225459216,1,202611,final_validation_catboost_trial_006
24565,202611,1,0.131105707922513,1,202611,final_validation_catboost_trial_006
24566,202611,1,0.142797310605386,1,202611,final_validation_catboost_trial_006
24567,202611,0,0.137173543850995,1,202611,final_validation_catboost_trial_006
24568,202611,0,0.114419294422728,1,202611,final_validation_catboost_trial_006
24569,202611,0,0.19923309365817,1,202611,final_validation_catboost_trial_006
24570,202611,0,0.205232789884414,1,202611,final_validation_catboost_trial_006
24571,202611,0,0.139988976193928,1,202611,final_validation_catboost_trial_006
24572,202611,0,0.308264814059713,1,202611,final_validation_catboost_trial_006
24573,202611,0,0.249255579650331,1,202611,final_validation_catboost_trial_006
24574,202611,1,0.331199893202743,1,202611,final_validation_catboost_trial_006
24575,202611,0,0.246046366165875,1,202611,final_validation_catboost_trial_006
24576,202611,0,0.161237792193829,1,202611,final_validation_catboost_trial_006
24577,202611,0,0.148852896034189,1,202611,final_validation_catboost_trial_006
24578,202611,0,0.293361338694112,1,202611,final_validation_catboost_trial_006
24579,202611,0,0.103013698633058,1,202611,final_validation_catboost_trial_006
24580,202611,1,0.372478195659073,1,202611,final_validation_catboost_trial_006
24581,202611,0,0.130835706669797,1,202611,final_validation_catboost_trial_006
24582,202611,0,0.124006830788554,1,202611,final_validation_catboost_trial_006
24583,202611,0,0.116404386502681,1,202611,final_validation_catboost_trial_006
24584,202611,1,0.207954154223459,1,202611,final_validation_catboost_trial_006
24585,202611,1,0.158587722585616,1,202611,final_validation_catboost_trial_006
24586,202611,1,0.236968511118676,1,202611,final_validation_catboost_trial_006
24587,202611,0,0.138787397146184,1,202611,final_validation_catboost_trial_006
24588,202611,0,0.138293955803712,1,202611,final_validation_catboost_trial_006
24589,202611,0,0.161769479984754,1,202611,final_validation_catboost_trial_006
24590,202611,1,0.156200501893282,1,202611,final_validation_catboost_trial_006
24591,202611,0,0.164796735037399,1,202611,final_validation_catboost_trial_006
24592,202611,0,0.0666047826450226,1,202611,final_validation_catboost_trial_006
24593,202611,0,0.123356456707841,1,202611,final_validation_catboost_trial_006
24594,202611,0,0.146125661676767,1,202611,final_validation_catboost_trial_006
24595,202611,0,0.267488477870425,1,202611,final_validation_catboost_trial_006
24596,202611,0,0.13090141272865,1,202611,final_validation_catboost_trial_006
24597,202611,0,0.133261676775347,1,202611,final_validation_catboost_trial_006
24598,202611,1,0.1512621248714,1,202611,final_validation_catboost_trial_006
24599,202611,0,0.110342558573221,1,202611,final_validation_catboost_trial_006
24600,202611,0,0.139206779587582,1,202611,final_validation_catboost_trial_006
24601,202611,0,0.159981029544736,1,202611,final_validation_catboost_trial_006
24602,202611,1,0.130483415696601,1,202611,final_validation_catboost_trial_006
24603,202611,0,0.34653848739862,1,202611,final_validation_catboost_trial_006
24604,202611,0,0.170161279792469,1,202611,final_validation_catboost_trial_006
24605,202611,0,0.1236319264937,1,202611,final_validation_catboost_trial_006
24606,202611,1,0.270453864956011,1,202611,final_validation_catboost_trial_006
24607,202611,1,0.158756953248607,1,202611,final_validation_catboost_trial_006
24608,202611,0,0.139503119117739,1,202611,final_validation_catboost_trial_006
24609,202611,0,0.16472599572355,1,202611,final_validation_catboost_trial_006
24610,202611,0,0.107578043154098,1,202611,final_validation_catboost_trial_006
24611,202611,1,0.226974423467571,1,202611,final_validation_catboost_trial_006
24612,202611,1,0.206515460686067,1,202611,final_validation_catboost_trial_006
24613,202611,0,0.146414536839119,1,202611,final_validation_catboost_trial_006
24614,202611,0,0.148769706331606,1,202611,final_validation_catboost_trial_006
24615,202611,0,0.132292447439415,1,202611,final_validation_catboost_trial_006
24616,202611,0,0.0630850667593207,1,202611,final_validation_catboost_trial_006
24617,202611,1,0.322387291707643,1,202611,final_validation_catboost_trial_006
24618,202611,0,0.218237367704182,1,202611,final_validation_catboost_trial_006
24619,202611,0,0.152691751062985,1,202611,final_validation_catboost_trial_006
24620,202611,0,0.148786393153454,1,202611,final_validation_catboost_trial_006
24621,202611,0,0.11897050338643,1,202611,final_validation_catboost_trial_006
24622,202611,0,0.159086171632798,1,202611,final_validation_catboost_trial_006
24623,202611,0,0.128632284615961,1,202611,final_validation_catboost_trial_006
24624,202611,0,0.166947731471385,1,202611,final_validation_catboost_trial_006
24625,202611,0,0.181079735811059,1,202611,final_validation_catboost_trial_006
24626,202611,1,0.166034120293924,1,202611,final_validation_catboost_trial_006
24627,202611,1,0.168739231991068,1,202611,final_validation_catboost_trial_006
24628,202611,0,0.167851893338705,1,202611,final_validation_catboost_trial_006
